naics3,naics_title,tier,client_industry,soc_code,employment,rank
113000,Forestry and Logging,NON_CORE,,45-4022,16680,0
113000,Forestry and Logging,NON_CORE,,53-3032,8040,1
113000,Forestry and Logging,NON_CORE,,45-4021,2440,2
113000,Forestry and Logging,NON_CORE,,45-1011,2420,3
113000,Forestry and Logging,NON_CORE,,43-9061,1550,4
113000,Forestry and Logging,NON_CORE,,45-4029,1420,5
113000,Forestry and Logging,NON_CORE,,49-3042,1150,6
113000,Forestry and Logging,NON_CORE,,43-3031,1070,7
113000,Forestry and Logging,NON_CORE,,43-6014,770,8
113000,Forestry and Logging,NON_CORE,,19-1032,650,9
113000,Forestry and Logging,NON_CORE,,11-1021,540,10
113000,Forestry and Logging,NON_CORE,,47-2073,500,11
113000,Forestry and Logging,NON_CORE,,53-7062,460,12
113000,Forestry and Logging,NON_CORE,,51-7041,430,13
113000,Forestry and Logging,NON_CORE,,53-7051,230,14
113000,Forestry and Logging,NON_CORE,,11-9199,210,15
113000,Forestry and Logging,NON_CORE,,49-3031,210,16
113000,Forestry and Logging,NON_CORE,,13-2011,170,17
113000,Forestry and Logging,NON_CORE,,53-1047,140,18
113000,Forestry and Logging,NON_CORE,,43-1011,140,19
113000,Forestry and Logging,NON_CORE,,13-1020,120,20
113000,Forestry and Logging,NON_CORE,,45-4023,120,21
113000,Forestry and Logging,NON_CORE,,33-9032,90,22
113000,Forestry and Logging,NON_CORE,,43-3051,80,23
113000,Forestry and Logging,NON_CORE,,49-9071,80,24
113000,Forestry and Logging,NON_CORE,,41-4012,70,25
113000,Forestry and Logging,NON_CORE,,49-1011,70,26
113000,Forestry and Logging,NON_CORE,,13-1199,60,27
113000,Forestry and Logging,NON_CORE,,13-1161,50,28
113000,Forestry and Logging,NON_CORE,,53-7041,50,29
113000,Forestry and Logging,NON_CORE,,13-1082,40,30
113000,Forestry and Logging,NON_CORE,,43-6011,40,31
113000,Forestry and Logging,NON_CORE,,37-2011,40,32
113000,Forestry and Logging,NON_CORE,,53-7061,30,33
113000,Forestry and Logging,NON_CORE,,49-9098,0,34
113000,Forestry and Logging,NON_CORE,,11-3051,0,35
113000,Forestry and Logging,NON_CORE,,53-7063,0,36
115000,Support Activities for Agriculture and Forestry,NON_CORE,,45-2092,196080,0
115000,Support Activities for Agriculture and Forestry,NON_CORE,,53-7064,17920,1
115000,Support Activities for Agriculture and Forestry,NON_CORE,,45-2091,14820,2
115000,Support Activities for Agriculture and Forestry,NON_CORE,,45-1011,12790,3
115000,Support Activities for Agriculture and Forestry,NON_CORE,,45-2093,12770,4
115000,Support Activities for Agriculture and Forestry,NON_CORE,,53-7062,9250,5
115000,Support Activities for Agriculture and Forestry,NON_CORE,,45-2041,8620,6
115000,Support Activities for Agriculture and Forestry,NON_CORE,,53-3032,6900,7
115000,Support Activities for Agriculture and Forestry,NON_CORE,,53-7051,6820,8
115000,Support Activities for Agriculture and Forestry,NON_CORE,,39-2021,5870,9
115000,Support Activities for Agriculture and Forestry,NON_CORE,,43-9061,5140,10
115000,Support Activities for Agriculture and Forestry,NON_CORE,,11-1021,5120,11
115000,Support Activities for Agriculture and Forestry,NON_CORE,,51-9111,4740,12
115000,Support Activities for Agriculture and Forestry,NON_CORE,,49-3041,3260,13
115000,Support Activities for Agriculture and Forestry,NON_CORE,,49-9071,3080,14
115000,Support Activities for Agriculture and Forestry,NON_CORE,,11-9013,3040,15
115000,Support Activities for Agriculture and Forestry,NON_CORE,,43-3031,3030,16
115000,Support Activities for Agriculture and Forestry,NON_CORE,,37-2011,2610,17
115000,Support Activities for Agriculture and Forestry,NON_CORE,,43-6014,2350,18
115000,Support Activities for Agriculture and Forestry,NON_CORE,,51-9061,2080,19
115000,Support Activities for Agriculture and Forestry,NON_CORE,,37-3012,2030,20
115000,Support Activities for Agriculture and Forestry,NON_CORE,,43-5071,2020,21
115000,Support Activities for Agriculture and Forestry,NON_CORE,,53-7061,1950,22
115000,Support Activities for Agriculture and Forestry,NON_CORE,,53-1047,1710,23
115000,Support Activities for Agriculture and Forestry,NON_CORE,,41-4012,1530,24
115000,Support Activities for Agriculture and Forestry,NON_CORE,,51-1011,1500,25
115000,Support Activities for Agriculture and Forestry,NON_CORE,,43-1011,1490,26
115000,Support Activities for Agriculture and Forestry,NON_CORE,,39-2011,1430,27
115000,Support Activities for Agriculture and Forestry,NON_CORE,,19-4012,1270,28
115000,Support Activities for Agriculture and Forestry,NON_CORE,,49-9041,1110,29
115000,Support Activities for Agriculture and Forestry,NON_CORE,,43-3051,1100,30
115000,Support Activities for Agriculture and Forestry,NON_CORE,,37-3011,970,31
115000,Support Activities for Agriculture and Forestry,NON_CORE,,13-2011,940,32
115000,Support Activities for Agriculture and Forestry,NON_CORE,,53-2012,830,33
115000,Support Activities for Agriculture and Forestry,NON_CORE,,19-1013,770,34
115000,Support Activities for Agriculture and Forestry,NON_CORE,,45-2021,750,35
115000,Support Activities for Agriculture and Forestry,NON_CORE,,51-9012,740,36
115000,Support Activities for Agriculture and Forestry,NON_CORE,,13-1071,680,37
115000,Support Activities for Agriculture and Forestry,NON_CORE,,49-1011,670,38
115000,Support Activities for Agriculture and Forestry,NON_CORE,,41-3091,660,39
211000,Oil and Gas Extraction,NON_CORE,,53-7073,12190,0
211000,Oil and Gas Extraction,NON_CORE,,47-5013,10010,1
211000,Oil and Gas Extraction,NON_CORE,,11-1021,6710,2
211000,Oil and Gas Extraction,NON_CORE,,17-2171,5900,3
211000,Oil and Gas Extraction,NON_CORE,,13-2011,5040,4
211000,Oil and Gas Extraction,NON_CORE,,49-9041,4480,5
211000,Oil and Gas Extraction,NON_CORE,,47-5071,4220,6
211000,Oil and Gas Extraction,NON_CORE,,47-1011,4180,7
211000,Oil and Gas Extraction,NON_CORE,,19-2042,2780,8
211000,Oil and Gas Extraction,NON_CORE,,11-3031,2350,9
211000,Oil and Gas Extraction,NON_CORE,,43-9061,2170,10
211000,Oil and Gas Extraction,NON_CORE,,47-5012,2080,11
211000,Oil and Gas Extraction,NON_CORE,,11-9199,2050,12
211000,Oil and Gas Extraction,NON_CORE,,43-3031,1880,13
211000,Oil and Gas Extraction,NON_CORE,,11-9141,1670,14
211000,Oil and Gas Extraction,NON_CORE,,43-6014,1450,15
211000,Oil and Gas Extraction,NON_CORE,,13-1199,1430,16
211000,Oil and Gas Extraction,NON_CORE,,13-1041,1360,17
211000,Oil and Gas Extraction,NON_CORE,,47-5011,1340,18
211000,Oil and Gas Extraction,NON_CORE,,49-2094,1330,19
211000,Oil and Gas Extraction,NON_CORE,,51-8093,1280,20
211000,Oil and Gas Extraction,NON_CORE,,17-2112,1220,21
211000,Oil and Gas Extraction,NON_CORE,,11-9021,1210,22
211000,Oil and Gas Extraction,NON_CORE,,19-5011,1170,23
211000,Oil and Gas Extraction,NON_CORE,,51-8092,1110,24
211000,Oil and Gas Extraction,NON_CORE,,41-9022,1100,25
211000,Oil and Gas Extraction,NON_CORE,,53-1047,1090,26
211000,Oil and Gas Extraction,NON_CORE,,11-9041,1000,27
211000,Oil and Gas Extraction,NON_CORE,,49-1011,970,28
211000,Oil and Gas Extraction,NON_CORE,,13-2051,850,29
211000,Oil and Gas Extraction,NON_CORE,,51-1011,780,30
211000,Oil and Gas Extraction,NON_CORE,,13-1082,780,31
211000,Oil and Gas Extraction,NON_CORE,,17-2141,760,32
211000,Oil and Gas Extraction,NON_CORE,,53-3032,740,33
211000,Oil and Gas Extraction,NON_CORE,,43-6011,690,34
211000,Oil and Gas Extraction,NON_CORE,,43-1011,680,35
211000,Oil and Gas Extraction,NON_CORE,,11-3051,640,36
211000,Oil and Gas Extraction,NON_CORE,,17-2051,640,37
211000,Oil and Gas Extraction,NON_CORE,,23-2093,590,38
211000,Oil and Gas Extraction,NON_CORE,,11-3021,570,39
212000,Mining (except Oil and Gas),NON_CORE,,47-5022,20900,0
212000,Mining (except Oil and Gas),NON_CORE,,47-2073,18530,1
212000,Mining (except Oil and Gas),NON_CORE,,53-3032,12810,2
212000,Mining (except Oil and Gas),NON_CORE,,47-5041,12560,3
212000,Mining (except Oil and Gas),NON_CORE,,47-1011,9080,4
212000,Mining (except Oil and Gas),NON_CORE,,49-3042,8600,5
212000,Mining (except Oil and Gas),NON_CORE,,49-9041,5510,6
212000,Mining (except Oil and Gas),NON_CORE,,47-5044,5460,7
212000,Mining (except Oil and Gas),NON_CORE,,49-9071,4430,8
212000,Mining (except Oil and Gas),NON_CORE,,47-2111,4240,9
212000,Mining (except Oil and Gas),NON_CORE,,11-1021,3920,10
212000,Mining (except Oil and Gas),NON_CORE,,51-9021,3300,11
212000,Mining (except Oil and Gas),NON_CORE,,47-2061,3070,12
212000,Mining (except Oil and Gas),NON_CORE,,47-5051,2900,13
212000,Mining (except Oil and Gas),NON_CORE,,49-1011,2820,14
212000,Mining (except Oil and Gas),NON_CORE,,53-7062,2760,15
212000,Mining (except Oil and Gas),NON_CORE,,43-9061,2710,16
212000,Mining (except Oil and Gas),NON_CORE,,47-5049,2450,17
212000,Mining (except Oil and Gas),NON_CORE,,43-5111,2410,18
212000,Mining (except Oil and Gas),NON_CORE,,17-2151,2180,19
212000,Mining (except Oil and Gas),NON_CORE,,51-9061,2120,20
212000,Mining (except Oil and Gas),NON_CORE,,47-5043,2010,21
212000,Mining (except Oil and Gas),NON_CORE,,11-3051,2000,22
212000,Mining (except Oil and Gas),NON_CORE,,49-9043,1960,23
212000,Mining (except Oil and Gas),NON_CORE,,51-1011,1900,24
212000,Mining (except Oil and Gas),NON_CORE,,43-6014,1580,25
212000,Mining (except Oil and Gas),NON_CORE,,53-7051,1580,26
212000,Mining (except Oil and Gas),NON_CORE,,47-5099,1570,27
212000,Mining (except Oil and Gas),NON_CORE,,51-4121,1520,28
212000,Mining (except Oil and Gas),NON_CORE,,43-3031,1390,29
212000,Mining (except Oil and Gas),NON_CORE,,51-8099,1370,30
212000,Mining (except Oil and Gas),NON_CORE,,47-5023,1280,31
212000,Mining (except Oil and Gas),NON_CORE,,53-7011,1270,32
212000,Mining (except Oil and Gas),NON_CORE,,41-4012,1200,33
212000,Mining (except Oil and Gas),NON_CORE,,49-3031,1030,34
212000,Mining (except Oil and Gas),NON_CORE,,13-2011,970,35
212000,Mining (except Oil and Gas),NON_CORE,,47-5081,950,36
212000,Mining (except Oil and Gas),NON_CORE,,43-5032,900,37
212000,Mining (except Oil and Gas),NON_CORE,,51-9012,840,38
212000,Mining (except Oil and Gas),NON_CORE,,43-5061,780,39
213000,Support Activities for Mining,NON_CORE,,47-5071,34600,0
213000,Support Activities for Mining,NON_CORE,,47-5013,29090,1
213000,Support Activities for Mining,NON_CORE,,53-3032,18040,2
213000,Support Activities for Mining,NON_CORE,,47-1011,17250,3
213000,Support Activities for Mining,NON_CORE,,11-1021,10510,4
213000,Support Activities for Mining,NON_CORE,,47-5012,9360,5
213000,Support Activities for Mining,NON_CORE,,49-9041,9340,6
213000,Support Activities for Mining,NON_CORE,,47-5011,8940,7
213000,Support Activities for Mining,NON_CORE,,47-2061,6440,8
213000,Support Activities for Mining,NON_CORE,,47-2073,6040,9
213000,Support Activities for Mining,NON_CORE,,53-7073,5180,10
213000,Support Activities for Mining,NON_CORE,,53-7062,4890,11
213000,Support Activities for Mining,NON_CORE,,43-9061,4530,12
213000,Support Activities for Mining,NON_CORE,,41-3091,4140,13
213000,Support Activities for Mining,NON_CORE,,51-4121,3950,14
213000,Support Activities for Mining,NON_CORE,,49-9012,3420,15
213000,Support Activities for Mining,NON_CORE,,17-2171,3290,16
213000,Support Activities for Mining,NON_CORE,,43-6014,3000,17
213000,Support Activities for Mining,NON_CORE,,49-1011,2900,18
213000,Support Activities for Mining,NON_CORE,,51-9061,2560,19
213000,Support Activities for Mining,NON_CORE,,43-3031,2510,20
213000,Support Activities for Mining,NON_CORE,,47-5099,2470,21
213000,Support Activities for Mining,NON_CORE,,47-5023,2440,22
213000,Support Activities for Mining,NON_CORE,,53-1047,2170,23
213000,Support Activities for Mining,NON_CORE,,47-2111,2090,24
213000,Support Activities for Mining,NON_CORE,,19-5011,2090,25
213000,Support Activities for Mining,NON_CORE,,47-5081,2080,26
213000,Support Activities for Mining,NON_CORE,,11-9199,1980,27
213000,Support Activities for Mining,NON_CORE,,49-9071,1900,28
213000,Support Activities for Mining,NON_CORE,,49-3031,1840,29
213000,Support Activities for Mining,NON_CORE,,11-9021,1780,30
213000,Support Activities for Mining,NON_CORE,,49-2094,1670,31
213000,Support Activities for Mining,NON_CORE,,13-2011,1660,32
213000,Support Activities for Mining,NON_CORE,,49-3042,1630,33
213000,Support Activities for Mining,NON_CORE,,53-7072,1530,34
213000,Support Activities for Mining,NON_CORE,,43-1011,1520,35
213000,Support Activities for Mining,NON_CORE,,13-1082,1400,36
213000,Support Activities for Mining,NON_CORE,,19-4043,1390,37
213000,Support Activities for Mining,NON_CORE,,47-2152,1370,38
213000,Support Activities for Mining,NON_CORE,,49-9096,1220,39
221000,Utilities,NON_CORE,,49-9051,65310,0
221000,Utilities,NON_CORE,,43-4051,27180,1
221000,Utilities,NON_CORE,,49-1011,24410,2
221000,Utilities,NON_CORE,,49-9012,22280,3
221000,Utilities,NON_CORE,,17-2071,22270,4
221000,Utilities,NON_CORE,,51-8013,20400,5
221000,Utilities,NON_CORE,,51-8031,17880,6
221000,Utilities,NON_CORE,,11-1021,16960,7
221000,Utilities,NON_CORE,,49-2095,13280,8
221000,Utilities,NON_CORE,,13-1082,12550,9
221000,Utilities,NON_CORE,,51-1011,10480,10
221000,Utilities,NON_CORE,,49-9041,10100,11
221000,Utilities,NON_CORE,,43-9061,9270,12
221000,Utilities,NON_CORE,,47-2111,8980,13
221000,Utilities,NON_CORE,,49-9071,8660,14
221000,Utilities,NON_CORE,,13-1199,8490,15
221000,Utilities,NON_CORE,,13-2011,8160,16
221000,Utilities,NON_CORE,,43-1011,7990,17
221000,Utilities,NON_CORE,,51-8092,7920,18
221000,Utilities,NON_CORE,,47-2152,7580,19
221000,Utilities,NON_CORE,,43-5041,6470,20
221000,Utilities,NON_CORE,,17-3023,6310,21
221000,Utilities,NON_CORE,,41-3091,6170,22
221000,Utilities,NON_CORE,,13-1111,6120,23
221000,Utilities,NON_CORE,,11-9199,5720,24
221000,Utilities,NON_CORE,,51-8012,5570,25
221000,Utilities,NON_CORE,,47-1011,5550,26
221000,Utilities,NON_CORE,,43-6014,5100,27
221000,Utilities,NON_CORE,,11-9041,5090,28
221000,Utilities,NON_CORE,,49-9081,4960,29
221000,Utilities,NON_CORE,,43-5061,4940,30
221000,Utilities,NON_CORE,,43-3031,4740,31
221000,Utilities,NON_CORE,,33-9032,4740,32
221000,Utilities,NON_CORE,,13-1041,4710,33
221000,Utilities,NON_CORE,,11-3031,4500,34
221000,Utilities,NON_CORE,,47-2073,4420,35
221000,Utilities,NON_CORE,,13-1151,4400,36
221000,Utilities,NON_CORE,,13-1020,4220,37
221000,Utilities,NON_CORE,,47-4011,4150,38
221000,Utilities,NON_CORE,,51-8011,4030,39
236000,Construction of Buildings,CORE,Construction,47-2031,312950,0
236000,Construction of Buildings,CORE,Construction,47-2061,271860,1
236000,Construction of Buildings,CORE,Construction,47-1011,178260,2
236000,Construction of Buildings,CORE,Construction,11-9021,149040,3
236000,Construction of Buildings,CORE,Construction,13-1082,116470,4
236000,Construction of Buildings,CORE,Construction,11-1021,72580,5
236000,Construction of Buildings,CORE,Construction,43-9061,60320,6
236000,Construction of Buildings,CORE,Construction,43-6014,35560,7
236000,Construction of Buildings,CORE,Construction,13-1051,35060,8
236000,Construction of Buildings,CORE,Construction,41-3091,30910,9
236000,Construction of Buildings,CORE,Construction,43-3031,30720,10
236000,Construction of Buildings,CORE,Construction,17-2051,30160,11
236000,Construction of Buildings,CORE,Construction,47-2051,28190,12
236000,Construction of Buildings,CORE,Construction,13-2011,25390,13
236000,Construction of Buildings,CORE,Construction,47-2141,23080,14
236000,Construction of Buildings,CORE,Construction,47-2073,22460,15
236000,Construction of Buildings,CORE,Construction,47-2111,18980,16
236000,Construction of Buildings,CORE,Construction,47-2152,17150,17
236000,Construction of Buildings,CORE,Construction,47-2221,13680,18
236000,Construction of Buildings,CORE,Construction,49-9071,13330,19
236000,Construction of Buildings,CORE,Construction,43-1011,12970,20
236000,Construction of Buildings,CORE,Construction,41-9022,12410,21
236000,Construction of Buildings,CORE,Construction,47-2081,11830,22
236000,Construction of Buildings,CORE,Construction,47-3012,10950,23
236000,Construction of Buildings,CORE,Construction,53-3032,10880,24
236000,Construction of Buildings,CORE,Construction,43-4051,9990,25
236000,Construction of Buildings,CORE,Construction,13-1161,9710,26
236000,Construction of Buildings,CORE,Construction,11-9199,9580,27
236000,Construction of Buildings,CORE,Construction,37-2011,9320,28
236000,Construction of Buildings,CORE,Construction,13-1020,8730,29
236000,Construction of Buildings,CORE,Construction,11-3031,8350,30
236000,Construction of Buildings,CORE,Construction,51-4121,8240,31
236000,Construction of Buildings,CORE,Construction,43-5061,7740,32
236000,Construction of Buildings,CORE,Construction,19-5011,7630,33
236000,Construction of Buildings,CORE,Construction,43-6011,7080,34
236000,Construction of Buildings,CORE,Construction,53-7062,6980,35
236000,Construction of Buildings,CORE,Construction,13-1071,6670,36
236000,Construction of Buildings,CORE,Construction,13-1199,6510,37
236000,Construction of Buildings,CORE,Construction,17-3011,6210,38
236000,Construction of Buildings,CORE,Construction,43-4171,5620,39
237000,Heavy and Civil Engineering Construction,CORE,Construction,47-2061,255760,0
237000,Heavy and Civil Engineering Construction,CORE,Construction,47-2073,142080,1
237000,Heavy and Civil Engineering Construction,CORE,Construction,47-1011,110250,2
237000,Heavy and Civil Engineering Construction,CORE,Construction,53-3032,52460,3
237000,Heavy and Civil Engineering Construction,CORE,Construction,11-9021,49180,4
237000,Heavy and Civil Engineering Construction,CORE,Construction,49-9051,39320,5
237000,Heavy and Civil Engineering Construction,CORE,Construction,11-1021,30320,6
237000,Heavy and Civil Engineering Construction,CORE,Construction,47-2031,29800,7
237000,Heavy and Civil Engineering Construction,CORE,Construction,13-1082,27970,8
237000,Heavy and Civil Engineering Construction,CORE,Construction,43-9061,23360,9
237000,Heavy and Civil Engineering Construction,CORE,Construction,47-2051,22990,10
237000,Heavy and Civil Engineering Construction,CORE,Construction,49-3042,20790,11
237000,Heavy and Civil Engineering Construction,CORE,Construction,47-2071,17560,12
237000,Heavy and Civil Engineering Construction,CORE,Construction,47-2152,17400,13
237000,Heavy and Civil Engineering Construction,CORE,Construction,47-2151,16380,14
237000,Heavy and Civil Engineering Construction,CORE,Construction,49-1011,16360,15
237000,Heavy and Civil Engineering Construction,CORE,Construction,47-2111,15290,16
237000,Heavy and Civil Engineering Construction,CORE,Construction,49-9052,15110,17
237000,Heavy and Civil Engineering Construction,CORE,Construction,43-6014,14730,18
237000,Heavy and Civil Engineering Construction,CORE,Construction,51-4121,14360,19
237000,Heavy and Civil Engineering Construction,CORE,Construction,13-1051,12310,20
237000,Heavy and Civil Engineering Construction,CORE,Construction,43-3031,11980,21
237000,Heavy and Civil Engineering Construction,CORE,Construction,17-2051,11850,22
237000,Heavy and Civil Engineering Construction,CORE,Construction,13-2011,9910,23
237000,Heavy and Civil Engineering Construction,CORE,Construction,47-5023,9120,24
237000,Heavy and Civil Engineering Construction,CORE,Construction,19-5011,6350,25
237000,Heavy and Civil Engineering Construction,CORE,Construction,53-7062,6160,26
237000,Heavy and Civil Engineering Construction,CORE,Construction,43-1011,6030,27
237000,Heavy and Civil Engineering Construction,CORE,Construction,33-9091,4910,28
237000,Heavy and Civil Engineering Construction,CORE,Construction,41-3091,4800,29
237000,Heavy and Civil Engineering Construction,CORE,Construction,47-2141,4510,30
237000,Heavy and Civil Engineering Construction,CORE,Construction,49-9071,4380,31
237000,Heavy and Civil Engineering Construction,CORE,Construction,13-1071,4170,32
237000,Heavy and Civil Engineering Construction,CORE,Construction,47-2221,4080,33
237000,Heavy and Civil Engineering Construction,CORE,Construction,47-4051,3760,34
237000,Heavy and Civil Engineering Construction,CORE,Construction,11-3031,3650,35
237000,Heavy and Civil Engineering Construction,CORE,Construction,49-3031,3640,36
237000,Heavy and Civil Engineering Construction,CORE,Construction,53-7021,3480,37
237000,Heavy and Civil Engineering Construction,CORE,Construction,47-2231,3430,38
237000,Heavy and Civil Engineering Construction,CORE,Construction,11-9199,3240,39
238000,Specialty Trade Contractors,CORE,Construction,47-2111,565430,0
238000,Specialty Trade Contractors,CORE,Construction,47-2061,402140,1
238000,Specialty Trade Contractors,CORE,Construction,47-2152,349050,2
238000,Specialty Trade Contractors,CORE,Construction,47-1011,345140,3
238000,Specialty Trade Contractors,CORE,Construction,49-9021,306710,4
238000,Specialty Trade Contractors,CORE,Construction,47-2031,228220,5
238000,Specialty Trade Contractors,CORE,Construction,43-9061,177050,6
238000,Specialty Trade Contractors,CORE,Construction,11-1021,160110,7
238000,Specialty Trade Contractors,CORE,Construction,47-2141,158140,8
238000,Specialty Trade Contractors,CORE,Construction,47-2051,143000,9
238000,Specialty Trade Contractors,CORE,Construction,47-2073,137760,10
238000,Specialty Trade Contractors,CORE,Construction,47-2181,127180,11
238000,Specialty Trade Contractors,CORE,Construction,11-9021,106960,12
238000,Specialty Trade Contractors,CORE,Construction,13-1082,95060,13
238000,Specialty Trade Contractors,CORE,Construction,41-3091,93810,14
238000,Specialty Trade Contractors,CORE,Construction,43-6014,85430,15
238000,Specialty Trade Contractors,CORE,Construction,13-1051,75560,16
238000,Specialty Trade Contractors,CORE,Construction,53-3032,75240,17
238000,Specialty Trade Contractors,CORE,Construction,43-3031,73970,18
238000,Specialty Trade Contractors,CORE,Construction,47-2211,72650,19
238000,Specialty Trade Contractors,CORE,Construction,47-2081,68820,20
238000,Specialty Trade Contractors,CORE,Construction,47-3013,55510,21
238000,Specialty Trade Contractors,CORE,Construction,49-1011,48290,22
238000,Specialty Trade Contractors,CORE,Construction,47-2021,44150,23
238000,Specialty Trade Contractors,CORE,Construction,47-2121,44030,24
238000,Specialty Trade Contractors,CORE,Construction,47-3015,39780,25
238000,Specialty Trade Contractors,CORE,Construction,47-2221,39260,26
238000,Specialty Trade Contractors,CORE,Construction,47-2131,38770,27
238000,Specialty Trade Contractors,CORE,Construction,53-7062,36690,28
238000,Specialty Trade Contractors,CORE,Construction,43-1011,36420,29
238000,Specialty Trade Contractors,CORE,Construction,51-4121,33270,30
238000,Specialty Trade Contractors,CORE,Construction,13-2011,31620,31
238000,Specialty Trade Contractors,CORE,Construction,49-9098,30840,32
238000,Specialty Trade Contractors,CORE,Construction,43-4051,28440,33
238000,Specialty Trade Contractors,CORE,Construction,47-2044,26710,34
238000,Specialty Trade Contractors,CORE,Construction,47-2132,22110,35
238000,Specialty Trade Contractors,CORE,Construction,49-2098,21280,36
238000,Specialty Trade Contractors,CORE,Construction,47-4021,21280,37
238000,Specialty Trade Contractors,CORE,Construction,47-4031,20920,38
238000,Specialty Trade Contractors,CORE,Construction,49-3042,19860,39
311000,Food Manufacturing,CORE,Food & Beverage Manufacturing,51-9111,168370,0
311000,Food Manufacturing,CORE,Food & Beverage Manufacturing,51-3092,144690,1
311000,Food Manufacturing,CORE,Food & Beverage Manufacturing,51-3022,113620,2
311000,Food Manufacturing,CORE,Food & Beverage Manufacturing,53-7062,84930,3
311000,Food Manufacturing,CORE,Food & Beverage Manufacturing,51-3011,81880,4
311000,Food Manufacturing,CORE,Food & Beverage Manufacturing,51-1011,71790,5
311000,Food Manufacturing,CORE,Food & Beverage Manufacturing,51-3023,63380,6
311000,Food Manufacturing,CORE,Food & Beverage Manufacturing,53-7064,60970,7
311000,Food Manufacturing,CORE,Food & Beverage Manufacturing,51-3099,47630,8
311000,Food Manufacturing,CORE,Food & Beverage Manufacturing,51-9061,46600,9
311000,Food Manufacturing,CORE,Food & Beverage Manufacturing,49-9071,46110,10
311000,Food Manufacturing,CORE,Food & Beverage Manufacturing,53-7051,45090,11
311000,Food Manufacturing,CORE,Food & Beverage Manufacturing,49-9041,39200,12
311000,Food Manufacturing,CORE,Food & Beverage Manufacturing,51-9198,35300,13
311000,Food Manufacturing,CORE,Food & Beverage Manufacturing,37-2011,29170,14
311000,Food Manufacturing,CORE,Food & Beverage Manufacturing,53-7061,29100,15
311000,Food Manufacturing,CORE,Food & Beverage Manufacturing,43-5071,27420,16
311000,Food Manufacturing,CORE,Food & Beverage Manufacturing,35-3023,26100,17
311000,Food Manufacturing,CORE,Food & Beverage Manufacturing,41-2011,25530,18
311000,Food Manufacturing,CORE,Food & Beverage Manufacturing,51-3093,25020,19
311000,Food Manufacturing,CORE,Food & Beverage Manufacturing,41-2031,22230,20
311000,Food Manufacturing,CORE,Food & Beverage Manufacturing,11-1021,21670,21
311000,Food Manufacturing,CORE,Food & Beverage Manufacturing,51-9023,21030,22
311000,Food Manufacturing,CORE,Food & Beverage Manufacturing,53-3032,20100,23
311000,Food Manufacturing,CORE,Food & Beverage Manufacturing,11-3051,19440,24
311000,Food Manufacturing,CORE,Food & Beverage Manufacturing,53-7065,15960,25
311000,Food Manufacturing,CORE,Food & Beverage Manufacturing,41-4012,15780,26
311000,Food Manufacturing,CORE,Food & Beverage Manufacturing,51-9199,15310,27
311000,Food Manufacturing,CORE,Food & Beverage Manufacturing,51-3091,15030,28
311000,Food Manufacturing,CORE,Food & Beverage Manufacturing,35-2021,13710,29
311000,Food Manufacturing,CORE,Food & Beverage Manufacturing,43-5061,12800,30
311000,Food Manufacturing,CORE,Food & Beverage Manufacturing,51-3021,12620,31
311000,Food Manufacturing,CORE,Food & Beverage Manufacturing,49-1011,12540,32
311000,Food Manufacturing,CORE,Food & Beverage Manufacturing,43-9061,12140,33
311000,Food Manufacturing,CORE,Food & Beverage Manufacturing,53-1047,11810,34
311000,Food Manufacturing,CORE,Food & Beverage Manufacturing,45-2041,11490,35
311000,Food Manufacturing,CORE,Food & Beverage Manufacturing,51-9012,11360,36
311000,Food Manufacturing,CORE,Food & Beverage Manufacturing,53-3033,10820,37
311000,Food Manufacturing,CORE,Food & Beverage Manufacturing,43-3031,9940,38
311000,Food Manufacturing,CORE,Food & Beverage Manufacturing,43-4051,9250,39
312000,Beverage and Tobacco Product Manufacturing,CORE,Food & Beverage Manufacturing,35-3011,37800,0
312000,Beverage and Tobacco Product Manufacturing,CORE,Food & Beverage Manufacturing,51-9012,28080,1
312000,Beverage and Tobacco Product Manufacturing,CORE,Food & Beverage Manufacturing,51-9111,25120,2
312000,Beverage and Tobacco Product Manufacturing,CORE,Food & Beverage Manufacturing,35-3031,16630,3
312000,Beverage and Tobacco Product Manufacturing,CORE,Food & Beverage Manufacturing,41-4012,13540,4
312000,Beverage and Tobacco Product Manufacturing,CORE,Food & Beverage Manufacturing,41-9011,11620,5
312000,Beverage and Tobacco Product Manufacturing,CORE,Food & Beverage Manufacturing,53-7062,9440,6
312000,Beverage and Tobacco Product Manufacturing,CORE,Food & Beverage Manufacturing,35-2014,9070,7
312000,Beverage and Tobacco Product Manufacturing,CORE,Food & Beverage Manufacturing,53-7051,8930,8
312000,Beverage and Tobacco Product Manufacturing,CORE,Food & Beverage Manufacturing,27-1026,7970,9
312000,Beverage and Tobacco Product Manufacturing,CORE,Food & Beverage Manufacturing,41-2031,7510,10
312000,Beverage and Tobacco Product Manufacturing,CORE,Food & Beverage Manufacturing,11-1021,7240,11
312000,Beverage and Tobacco Product Manufacturing,CORE,Food & Beverage Manufacturing,49-9041,6740,12
312000,Beverage and Tobacco Product Manufacturing,CORE,Food & Beverage Manufacturing,51-1011,6300,13
312000,Beverage and Tobacco Product Manufacturing,CORE,Food & Beverage Manufacturing,53-3031,6160,14
312000,Beverage and Tobacco Product Manufacturing,CORE,Food & Beverage Manufacturing,53-3032,5950,15
312000,Beverage and Tobacco Product Manufacturing,CORE,Food & Beverage Manufacturing,45-2092,5300,16
312000,Beverage and Tobacco Product Manufacturing,CORE,Food & Beverage Manufacturing,35-1012,5290,17
312000,Beverage and Tobacco Product Manufacturing,CORE,Food & Beverage Manufacturing,53-7065,4750,18
312000,Beverage and Tobacco Product Manufacturing,CORE,Food & Beverage Manufacturing,49-9071,4530,19
312000,Beverage and Tobacco Product Manufacturing,CORE,Food & Beverage Manufacturing,51-9061,4100,20
312000,Beverage and Tobacco Product Manufacturing,CORE,Food & Beverage Manufacturing,35-9011,3060,21
312000,Beverage and Tobacco Product Manufacturing,CORE,Food & Beverage Manufacturing,43-5071,3050,22
312000,Beverage and Tobacco Product Manufacturing,CORE,Food & Beverage Manufacturing,13-1161,3040,23
312000,Beverage and Tobacco Product Manufacturing,CORE,Food & Beverage Manufacturing,51-3092,2950,24
312000,Beverage and Tobacco Product Manufacturing,CORE,Food & Beverage Manufacturing,35-2021,2720,25
312000,Beverage and Tobacco Product Manufacturing,CORE,Food & Beverage Manufacturing,53-1047,2710,26
312000,Beverage and Tobacco Product Manufacturing,CORE,Food & Beverage Manufacturing,11-3051,2710,27
312000,Beverage and Tobacco Product Manufacturing,CORE,Food & Beverage Manufacturing,11-2022,2690,28
312000,Beverage and Tobacco Product Manufacturing,CORE,Food & Beverage Manufacturing,35-9031,2390,29
312000,Beverage and Tobacco Product Manufacturing,CORE,Food & Beverage Manufacturing,43-3031,2230,30
312000,Beverage and Tobacco Product Manufacturing,CORE,Food & Beverage Manufacturing,43-9061,2200,31
312000,Beverage and Tobacco Product Manufacturing,CORE,Food & Beverage Manufacturing,35-9021,2170,32
312000,Beverage and Tobacco Product Manufacturing,CORE,Food & Beverage Manufacturing,13-1121,1890,33
312000,Beverage and Tobacco Product Manufacturing,CORE,Food & Beverage Manufacturing,49-9043,1810,34
312000,Beverage and Tobacco Product Manufacturing,CORE,Food & Beverage Manufacturing,41-1012,1760,35
312000,Beverage and Tobacco Product Manufacturing,CORE,Food & Beverage Manufacturing,13-2011,1750,36
312000,Beverage and Tobacco Product Manufacturing,CORE,Food & Beverage Manufacturing,53-3033,1730,37
312000,Beverage and Tobacco Product Manufacturing,CORE,Food & Beverage Manufacturing,49-1011,1700,38
312000,Beverage and Tobacco Product Manufacturing,CORE,Food & Beverage Manufacturing,37-2011,1630,39
313000,Textile Mills,CORE,Manufacturing,51-6064,12960,0
313000,Textile Mills,CORE,Manufacturing,51-6063,7600,1
313000,Textile Mills,CORE,Manufacturing,51-6061,4260,2
313000,Textile Mills,CORE,Manufacturing,51-1011,4080,3
313000,Textile Mills,CORE,Manufacturing,51-6091,4040,4
313000,Textile Mills,CORE,Manufacturing,51-9061,4020,5
313000,Textile Mills,CORE,Manufacturing,49-9041,3900,6
313000,Textile Mills,CORE,Manufacturing,53-7062,2380,7
313000,Textile Mills,CORE,Manufacturing,49-9071,1820,8
313000,Textile Mills,CORE,Manufacturing,43-5071,1600,9
313000,Textile Mills,CORE,Manufacturing,41-4012,1350,10
313000,Textile Mills,CORE,Manufacturing,11-1021,1340,11
313000,Textile Mills,CORE,Manufacturing,11-3051,1250,12
313000,Textile Mills,CORE,Manufacturing,51-9124,1240,13
313000,Textile Mills,CORE,Manufacturing,51-6062,1240,14
313000,Textile Mills,CORE,Manufacturing,51-6031,1130,15
313000,Textile Mills,CORE,Manufacturing,51-9199,1080,16
313000,Textile Mills,CORE,Manufacturing,53-7051,1080,17
313000,Textile Mills,CORE,Manufacturing,17-2112,1070,18
313000,Textile Mills,CORE,Manufacturing,53-7064,820,19
313000,Textile Mills,CORE,Manufacturing,43-5061,720,20
313000,Textile Mills,CORE,Manufacturing,43-9061,720,21
313000,Textile Mills,CORE,Manufacturing,43-3031,620,22
313000,Textile Mills,CORE,Manufacturing,51-5112,580,23
313000,Textile Mills,CORE,Manufacturing,51-9198,560,24
313000,Textile Mills,CORE,Manufacturing,51-9023,550,25
313000,Textile Mills,CORE,Manufacturing,49-9043,520,26
313000,Textile Mills,CORE,Manufacturing,47-2111,470,27
313000,Textile Mills,CORE,Manufacturing,13-2011,450,28
313000,Textile Mills,CORE,Manufacturing,13-1071,440,29
313000,Textile Mills,CORE,Manufacturing,51-9111,430,30
313000,Textile Mills,CORE,Manufacturing,13-1151,410,31
313000,Textile Mills,CORE,Manufacturing,43-1011,390,32
313000,Textile Mills,CORE,Manufacturing,49-1011,380,33
313000,Textile Mills,CORE,Manufacturing,43-6014,360,34
313000,Textile Mills,CORE,Manufacturing,53-3032,360,35
313000,Textile Mills,CORE,Manufacturing,13-1020,360,36
313000,Textile Mills,CORE,Manufacturing,37-2011,300,37
313000,Textile Mills,CORE,Manufacturing,53-7063,300,38
313000,Textile Mills,CORE,Manufacturing,17-3026,280,39
314000,Textile Product Mills,CORE,Manufacturing,51-6031,23640,0
314000,Textile Product Mills,CORE,Manufacturing,51-6064,6160,1
314000,Textile Product Mills,CORE,Manufacturing,51-1011,4390,2
314000,Textile Product Mills,CORE,Manufacturing,51-6099,3320,3
314000,Textile Product Mills,CORE,Manufacturing,51-2090,3290,4
314000,Textile Product Mills,CORE,Manufacturing,51-6062,2860,5
314000,Textile Product Mills,CORE,Manufacturing,41-4012,2830,6
314000,Textile Product Mills,CORE,Manufacturing,51-6063,2800,7
314000,Textile Product Mills,CORE,Manufacturing,53-7062,2670,8
314000,Textile Product Mills,CORE,Manufacturing,11-1021,2670,9
314000,Textile Product Mills,CORE,Manufacturing,43-5071,2440,10
314000,Textile Product Mills,CORE,Manufacturing,53-7051,2230,11
314000,Textile Product Mills,CORE,Manufacturing,51-9061,2110,12
314000,Textile Product Mills,CORE,Manufacturing,43-9061,2110,13
314000,Textile Product Mills,CORE,Manufacturing,49-9041,1630,14
314000,Textile Product Mills,CORE,Manufacturing,43-4051,1540,15
314000,Textile Product Mills,CORE,Manufacturing,49-9071,1230,16
314000,Textile Product Mills,CORE,Manufacturing,49-9099,1150,17
314000,Textile Product Mills,CORE,Manufacturing,51-5112,1120,18
314000,Textile Product Mills,CORE,Manufacturing,43-3031,1110,19
314000,Textile Product Mills,CORE,Manufacturing,11-3051,980,20
314000,Textile Product Mills,CORE,Manufacturing,53-7065,850,21
314000,Textile Product Mills,CORE,Manufacturing,43-5061,820,22
314000,Textile Product Mills,CORE,Manufacturing,43-1011,800,23
314000,Textile Product Mills,CORE,Manufacturing,27-1024,780,24
314000,Textile Product Mills,CORE,Manufacturing,43-6014,730,25
314000,Textile Product Mills,CORE,Manufacturing,51-4121,640,26
314000,Textile Product Mills,CORE,Manufacturing,17-2112,530,27
314000,Textile Product Mills,CORE,Manufacturing,51-9111,500,28
314000,Textile Product Mills,CORE,Manufacturing,13-2011,500,29
314000,Textile Product Mills,CORE,Manufacturing,41-2031,430,30
314000,Textile Product Mills,CORE,Manufacturing,51-9031,400,31
314000,Textile Product Mills,CORE,Manufacturing,13-1161,390,32
314000,Textile Product Mills,CORE,Manufacturing,51-9198,380,33
314000,Textile Product Mills,CORE,Manufacturing,51-6061,370,34
314000,Textile Product Mills,CORE,Manufacturing,11-2022,340,35
314000,Textile Product Mills,CORE,Manufacturing,13-1071,340,36
314000,Textile Product Mills,CORE,Manufacturing,37-2011,340,37
314000,Textile Product Mills,CORE,Manufacturing,51-9124,330,38
314000,Textile Product Mills,CORE,Manufacturing,49-1011,320,39
315000,Apparel Manufacturing,CORE,Manufacturing,51-6031,25280,0
315000,Apparel Manufacturing,CORE,Manufacturing,41-4012,2540,1
315000,Apparel Manufacturing,CORE,Manufacturing,51-6099,2530,2
315000,Apparel Manufacturing,CORE,Manufacturing,51-1011,2460,3
315000,Apparel Manufacturing,CORE,Manufacturing,27-1022,2370,4
315000,Apparel Manufacturing,CORE,Manufacturing,43-5071,2300,5
315000,Apparel Manufacturing,CORE,Manufacturing,53-7064,2270,6
315000,Apparel Manufacturing,CORE,Manufacturing,11-1021,2230,7
315000,Apparel Manufacturing,CORE,Manufacturing,51-9061,2130,8
315000,Apparel Manufacturing,CORE,Manufacturing,43-4051,1890,9
315000,Apparel Manufacturing,CORE,Manufacturing,53-7062,1860,10
315000,Apparel Manufacturing,CORE,Manufacturing,43-9061,1720,11
315000,Apparel Manufacturing,CORE,Manufacturing,51-6063,1500,12
315000,Apparel Manufacturing,CORE,Manufacturing,51-6062,1450,13
315000,Apparel Manufacturing,CORE,Manufacturing,51-6052,1370,14
315000,Apparel Manufacturing,CORE,Manufacturing,27-1024,1300,15
315000,Apparel Manufacturing,CORE,Manufacturing,53-7065,1150,16
315000,Apparel Manufacturing,CORE,Manufacturing,51-6092,1050,17
315000,Apparel Manufacturing,CORE,Manufacturing,43-3031,970,18
315000,Apparel Manufacturing,CORE,Manufacturing,51-2090,880,19
315000,Apparel Manufacturing,CORE,Manufacturing,11-3051,810,20
315000,Apparel Manufacturing,CORE,Manufacturing,43-1011,730,21
315000,Apparel Manufacturing,CORE,Manufacturing,51-5112,710,22
315000,Apparel Manufacturing,CORE,Manufacturing,43-5061,710,23
315000,Apparel Manufacturing,CORE,Manufacturing,51-6021,690,24
315000,Apparel Manufacturing,CORE,Manufacturing,49-9041,660,25
315000,Apparel Manufacturing,CORE,Manufacturing,13-2011,630,26
315000,Apparel Manufacturing,CORE,Manufacturing,51-9031,610,27
315000,Apparel Manufacturing,CORE,Manufacturing,49-9071,520,28
315000,Apparel Manufacturing,CORE,Manufacturing,51-6051,490,29
315000,Apparel Manufacturing,CORE,Manufacturing,11-2022,460,30
315000,Apparel Manufacturing,CORE,Manufacturing,13-1020,440,31
315000,Apparel Manufacturing,CORE,Manufacturing,11-2021,420,32
315000,Apparel Manufacturing,CORE,Manufacturing,43-6014,380,33
315000,Apparel Manufacturing,CORE,Manufacturing,53-1047,370,34
315000,Apparel Manufacturing,CORE,Manufacturing,51-9199,330,35
315000,Apparel Manufacturing,CORE,Manufacturing,13-1071,330,36
315000,Apparel Manufacturing,CORE,Manufacturing,37-2011,330,37
315000,Apparel Manufacturing,CORE,Manufacturing,27-1011,320,38
315000,Apparel Manufacturing,CORE,Manufacturing,43-4151,320,39
316000,Leather and Allied Product Manufacturing,CORE,Manufacturing,51-6041,5700,0
316000,Leather and Allied Product Manufacturing,CORE,Manufacturing,51-6042,3270,1
316000,Leather and Allied Product Manufacturing,CORE,Manufacturing,51-2090,1840,2
316000,Leather and Allied Product Manufacturing,CORE,Manufacturing,51-6031,1550,3
316000,Leather and Allied Product Manufacturing,CORE,Manufacturing,51-1011,1120,4
316000,Leather and Allied Product Manufacturing,CORE,Manufacturing,43-5071,580,5
316000,Leather and Allied Product Manufacturing,CORE,Manufacturing,11-1021,560,6
316000,Leather and Allied Product Manufacturing,CORE,Manufacturing,51-9061,430,7
316000,Leather and Allied Product Manufacturing,CORE,Manufacturing,41-4012,410,8
316000,Leather and Allied Product Manufacturing,CORE,Manufacturing,43-4051,380,9
316000,Leather and Allied Product Manufacturing,CORE,Manufacturing,49-9071,360,10
316000,Leather and Allied Product Manufacturing,CORE,Manufacturing,53-7065,320,11
316000,Leather and Allied Product Manufacturing,CORE,Manufacturing,41-2031,310,12
316000,Leather and Allied Product Manufacturing,CORE,Manufacturing,51-4072,310,13
316000,Leather and Allied Product Manufacturing,CORE,Manufacturing,53-7064,250,14
316000,Leather and Allied Product Manufacturing,CORE,Manufacturing,51-6062,250,15
316000,Leather and Allied Product Manufacturing,CORE,Manufacturing,51-6099,220,16
316000,Leather and Allied Product Manufacturing,CORE,Manufacturing,11-3051,220,17
316000,Leather and Allied Product Manufacturing,CORE,Manufacturing,49-9041,210,18
316000,Leather and Allied Product Manufacturing,CORE,Manufacturing,51-6061,180,19
316000,Leather and Allied Product Manufacturing,CORE,Manufacturing,51-6051,170,20
316000,Leather and Allied Product Manufacturing,CORE,Manufacturing,13-2011,170,21
316000,Leather and Allied Product Manufacturing,CORE,Manufacturing,37-2011,170,22
316000,Leather and Allied Product Manufacturing,CORE,Manufacturing,43-6014,150,23
316000,Leather and Allied Product Manufacturing,CORE,Manufacturing,43-1011,140,24
316000,Leather and Allied Product Manufacturing,CORE,Manufacturing,43-5061,140,25
316000,Leather and Allied Product Manufacturing,CORE,Manufacturing,13-1161,130,26
316000,Leather and Allied Product Manufacturing,CORE,Manufacturing,43-3031,120,27
316000,Leather and Allied Product Manufacturing,CORE,Manufacturing,51-9032,120,28
316000,Leather and Allied Product Manufacturing,CORE,Manufacturing,13-1199,110,29
316000,Leather and Allied Product Manufacturing,CORE,Manufacturing,51-9111,100,30
316000,Leather and Allied Product Manufacturing,CORE,Manufacturing,51-9124,100,31
316000,Leather and Allied Product Manufacturing,CORE,Manufacturing,11-2021,90,32
316000,Leather and Allied Product Manufacturing,CORE,Manufacturing,27-1022,90,33
316000,Leather and Allied Product Manufacturing,CORE,Manufacturing,17-2112,80,34
316000,Leather and Allied Product Manufacturing,CORE,Manufacturing,53-7051,80,35
316000,Leather and Allied Product Manufacturing,CORE,Manufacturing,27-1021,80,36
316000,Leather and Allied Product Manufacturing,CORE,Manufacturing,51-9031,70,37
316000,Leather and Allied Product Manufacturing,CORE,Manufacturing,13-1071,70,38
316000,Leather and Allied Product Manufacturing,CORE,Manufacturing,11-3031,70,39
321000,Wood Product Manufacturing,CORE,Manufacturing,51-2090,75000,0
321000,Wood Product Manufacturing,CORE,Manufacturing,51-7042,38360,1
321000,Wood Product Manufacturing,CORE,Manufacturing,53-7062,30520,2
321000,Wood Product Manufacturing,CORE,Manufacturing,51-7041,30140,3
321000,Wood Product Manufacturing,CORE,Manufacturing,53-7051,20750,4
321000,Wood Product Manufacturing,CORE,Manufacturing,51-1011,17420,5
321000,Wood Product Manufacturing,CORE,Manufacturing,53-3032,10260,6
321000,Wood Product Manufacturing,CORE,Manufacturing,47-2031,9600,7
321000,Wood Product Manufacturing,CORE,Manufacturing,41-4012,8550,8
321000,Wood Product Manufacturing,CORE,Manufacturing,11-1021,8280,9
321000,Wood Product Manufacturing,CORE,Manufacturing,49-9071,7060,10
321000,Wood Product Manufacturing,CORE,Manufacturing,43-9061,6520,11
321000,Wood Product Manufacturing,CORE,Manufacturing,51-9061,6120,12
321000,Wood Product Manufacturing,CORE,Manufacturing,49-9041,6010,13
321000,Wood Product Manufacturing,CORE,Manufacturing,53-7063,5960,14
321000,Wood Product Manufacturing,CORE,Manufacturing,51-9199,5630,15
321000,Wood Product Manufacturing,CORE,Manufacturing,51-7011,5450,16
321000,Wood Product Manufacturing,CORE,Manufacturing,11-3051,4750,17
321000,Wood Product Manufacturing,CORE,Manufacturing,51-9198,4630,18
321000,Wood Product Manufacturing,CORE,Manufacturing,43-5071,4570,19
321000,Wood Product Manufacturing,CORE,Manufacturing,49-9044,3950,20
321000,Wood Product Manufacturing,CORE,Manufacturing,47-2111,3160,21
321000,Wood Product Manufacturing,CORE,Manufacturing,43-6014,3070,22
321000,Wood Product Manufacturing,CORE,Manufacturing,43-3031,3000,23
321000,Wood Product Manufacturing,CORE,Manufacturing,47-2061,2960,24
321000,Wood Product Manufacturing,CORE,Manufacturing,45-4022,2910,25
321000,Wood Product Manufacturing,CORE,Manufacturing,43-5061,2830,26
321000,Wood Product Manufacturing,CORE,Manufacturing,51-7099,2780,27
321000,Wood Product Manufacturing,CORE,Manufacturing,51-9124,2710,28
321000,Wood Product Manufacturing,CORE,Manufacturing,45-4023,2570,29
321000,Wood Product Manufacturing,CORE,Manufacturing,13-1020,2380,30
321000,Wood Product Manufacturing,CORE,Manufacturing,51-9051,2330,31
321000,Wood Product Manufacturing,CORE,Manufacturing,17-3011,2240,32
321000,Wood Product Manufacturing,CORE,Manufacturing,37-2011,2030,33
321000,Wood Product Manufacturing,CORE,Manufacturing,43-1011,2030,34
321000,Wood Product Manufacturing,CORE,Manufacturing,13-2011,1830,35
321000,Wood Product Manufacturing,CORE,Manufacturing,51-9191,1830,36
321000,Wood Product Manufacturing,CORE,Manufacturing,51-9111,1800,37
321000,Wood Product Manufacturing,CORE,Manufacturing,53-3033,1780,38
321000,Wood Product Manufacturing,CORE,Manufacturing,53-1047,1770,39
322000,Paper Manufacturing,CORE,Manufacturing,51-9196,87050,0
322000,Paper Manufacturing,CORE,Manufacturing,53-7062,17930,1
322000,Paper Manufacturing,CORE,Manufacturing,51-1011,17540,2
322000,Paper Manufacturing,CORE,Manufacturing,53-7051,14210,3
322000,Paper Manufacturing,CORE,Manufacturing,49-9041,13230,4
322000,Paper Manufacturing,CORE,Manufacturing,51-9198,10310,5
322000,Paper Manufacturing,CORE,Manufacturing,49-9071,9550,6
322000,Paper Manufacturing,CORE,Manufacturing,51-9032,9490,7
322000,Paper Manufacturing,CORE,Manufacturing,51-5112,8440,8
322000,Paper Manufacturing,CORE,Manufacturing,51-9111,8040,9
322000,Paper Manufacturing,CORE,Manufacturing,43-5071,7490,10
322000,Paper Manufacturing,CORE,Manufacturing,41-4012,7140,11
322000,Paper Manufacturing,CORE,Manufacturing,51-9061,6680,12
322000,Paper Manufacturing,CORE,Manufacturing,11-3051,6640,13
322000,Paper Manufacturing,CORE,Manufacturing,51-9199,6060,14
322000,Paper Manufacturing,CORE,Manufacturing,51-2090,5760,15
322000,Paper Manufacturing,CORE,Manufacturing,43-4051,5600,16
322000,Paper Manufacturing,CORE,Manufacturing,17-2112,5560,17
322000,Paper Manufacturing,CORE,Manufacturing,53-7064,4870,18
322000,Paper Manufacturing,CORE,Manufacturing,51-9124,4790,19
322000,Paper Manufacturing,CORE,Manufacturing,11-1021,4310,20
322000,Paper Manufacturing,CORE,Manufacturing,43-5061,3570,21
322000,Paper Manufacturing,CORE,Manufacturing,53-7063,3560,22
322000,Paper Manufacturing,CORE,Manufacturing,53-3032,3520,23
322000,Paper Manufacturing,CORE,Manufacturing,51-9191,3190,24
322000,Paper Manufacturing,CORE,Manufacturing,49-1011,3130,25
322000,Paper Manufacturing,CORE,Manufacturing,43-1011,2760,26
322000,Paper Manufacturing,CORE,Manufacturing,51-9041,2620,27
322000,Paper Manufacturing,CORE,Manufacturing,53-7065,2190,28
322000,Paper Manufacturing,CORE,Manufacturing,13-1071,2140,29
322000,Paper Manufacturing,CORE,Manufacturing,13-1020,2110,30
322000,Paper Manufacturing,CORE,Manufacturing,43-9061,2070,31
322000,Paper Manufacturing,CORE,Manufacturing,13-2011,2010,32
322000,Paper Manufacturing,CORE,Manufacturing,51-9023,1940,33
322000,Paper Manufacturing,CORE,Manufacturing,43-3031,1900,34
322000,Paper Manufacturing,CORE,Manufacturing,47-2111,1790,35
322000,Paper Manufacturing,CORE,Manufacturing,51-9161,1610,36
322000,Paper Manufacturing,CORE,Manufacturing,51-4111,1590,37
322000,Paper Manufacturing,CORE,Manufacturing,51-9011,1570,38
322000,Paper Manufacturing,CORE,Manufacturing,49-9043,1470,39
323000,Printing and Related Support Activities,CORE,Manufacturing,51-5112,88160,0
323000,Printing and Related Support Activities,CORE,Manufacturing,51-5113,28960,1
323000,Printing and Related Support Activities,CORE,Manufacturing,51-1011,15950,2
323000,Printing and Related Support Activities,CORE,Manufacturing,43-4051,15920,3
323000,Printing and Related Support Activities,CORE,Manufacturing,27-1024,15120,4
323000,Printing and Related Support Activities,CORE,Manufacturing,41-4012,14570,5
323000,Printing and Related Support Activities,CORE,Manufacturing,51-5111,14090,6
323000,Printing and Related Support Activities,CORE,Manufacturing,11-1021,12500,7
323000,Printing and Related Support Activities,CORE,Manufacturing,43-5071,9370,8
323000,Printing and Related Support Activities,CORE,Manufacturing,53-7062,7950,9
323000,Printing and Related Support Activities,CORE,Manufacturing,51-9198,7810,10
323000,Printing and Related Support Activities,CORE,Manufacturing,43-9061,7030,11
323000,Printing and Related Support Activities,CORE,Manufacturing,43-3031,6310,12
323000,Printing and Related Support Activities,CORE,Manufacturing,51-6031,5440,13
323000,Printing and Related Support Activities,CORE,Manufacturing,51-9061,4850,14
323000,Printing and Related Support Activities,CORE,Manufacturing,53-7064,4840,15
323000,Printing and Related Support Activities,CORE,Manufacturing,43-9051,4430,16
323000,Printing and Related Support Activities,CORE,Manufacturing,51-9032,4100,17
323000,Printing and Related Support Activities,CORE,Manufacturing,43-1011,3740,18
323000,Printing and Related Support Activities,CORE,Manufacturing,11-3051,3730,19
323000,Printing and Related Support Activities,CORE,Manufacturing,51-2090,3430,20
323000,Printing and Related Support Activities,CORE,Manufacturing,13-2011,2930,21
323000,Printing and Related Support Activities,CORE,Manufacturing,49-9071,2890,22
323000,Printing and Related Support Activities,CORE,Manufacturing,53-7065,2850,23
323000,Printing and Related Support Activities,CORE,Manufacturing,41-3091,2680,24
323000,Printing and Related Support Activities,CORE,Manufacturing,53-3033,2580,25
323000,Printing and Related Support Activities,CORE,Manufacturing,43-5061,2560,26
323000,Printing and Related Support Activities,CORE,Manufacturing,53-7063,2490,27
323000,Printing and Related Support Activities,CORE,Manufacturing,13-1082,2490,28
323000,Printing and Related Support Activities,CORE,Manufacturing,51-9199,2490,29
323000,Printing and Related Support Activities,CORE,Manufacturing,43-6014,2310,30
323000,Printing and Related Support Activities,CORE,Manufacturing,51-9196,2060,31
323000,Printing and Related Support Activities,CORE,Manufacturing,13-1051,2020,32
323000,Printing and Related Support Activities,CORE,Manufacturing,13-1020,1790,33
323000,Printing and Related Support Activities,CORE,Manufacturing,49-9041,1750,34
323000,Printing and Related Support Activities,CORE,Manufacturing,53-7051,1730,35
323000,Printing and Related Support Activities,CORE,Manufacturing,37-2011,1500,36
323000,Printing and Related Support Activities,CORE,Manufacturing,11-2022,1500,37
323000,Printing and Related Support Activities,CORE,Manufacturing,13-1161,1320,38
323000,Printing and Related Support Activities,CORE,Manufacturing,13-1071,1290,39
324000,Petroleum and Coal Products Manufacturing,CORE,Manufacturing,51-8093,18720,0
324000,Petroleum and Coal Products Manufacturing,CORE,Manufacturing,51-9023,5230,1
324000,Petroleum and Coal Products Manufacturing,CORE,Manufacturing,51-1011,4980,2
324000,Petroleum and Coal Products Manufacturing,CORE,Manufacturing,49-9041,4560,3
324000,Petroleum and Coal Products Manufacturing,CORE,Manufacturing,53-3032,3290,4
324000,Petroleum and Coal Products Manufacturing,CORE,Manufacturing,53-7062,3230,5
324000,Petroleum and Coal Products Manufacturing,CORE,Manufacturing,11-3051,2650,6
324000,Petroleum and Coal Products Manufacturing,CORE,Manufacturing,51-9061,2570,7
324000,Petroleum and Coal Products Manufacturing,CORE,Manufacturing,11-1021,2230,8
324000,Petroleum and Coal Products Manufacturing,CORE,Manufacturing,51-9011,2060,9
324000,Petroleum and Coal Products Manufacturing,CORE,Manufacturing,17-2112,2020,10
324000,Petroleum and Coal Products Manufacturing,CORE,Manufacturing,41-4012,1930,11
324000,Petroleum and Coal Products Manufacturing,CORE,Manufacturing,49-9071,1870,12
324000,Petroleum and Coal Products Manufacturing,CORE,Manufacturing,47-2071,1750,13
324000,Petroleum and Coal Products Manufacturing,CORE,Manufacturing,51-9199,1710,14
324000,Petroleum and Coal Products Manufacturing,CORE,Manufacturing,51-8099,1650,15
324000,Petroleum and Coal Products Manufacturing,CORE,Manufacturing,53-7051,1650,16
324000,Petroleum and Coal Products Manufacturing,CORE,Manufacturing,47-2061,1640,17
324000,Petroleum and Coal Products Manufacturing,CORE,Manufacturing,11-9199,1630,18
324000,Petroleum and Coal Products Manufacturing,CORE,Manufacturing,49-1011,1600,19
324000,Petroleum and Coal Products Manufacturing,CORE,Manufacturing,51-9111,1540,20
324000,Petroleum and Coal Products Manufacturing,CORE,Manufacturing,47-2073,1510,21
324000,Petroleum and Coal Products Manufacturing,CORE,Manufacturing,19-2031,1390,22
324000,Petroleum and Coal Products Manufacturing,CORE,Manufacturing,19-4031,1330,23
324000,Petroleum and Coal Products Manufacturing,CORE,Manufacturing,47-2111,1190,24
324000,Petroleum and Coal Products Manufacturing,CORE,Manufacturing,13-1199,1080,25
324000,Petroleum and Coal Products Manufacturing,CORE,Manufacturing,43-9061,1070,26
324000,Petroleum and Coal Products Manufacturing,CORE,Manufacturing,13-2011,1070,27
324000,Petroleum and Coal Products Manufacturing,CORE,Manufacturing,17-2171,1070,28
324000,Petroleum and Coal Products Manufacturing,CORE,Manufacturing,43-5071,1020,29
324000,Petroleum and Coal Products Manufacturing,CORE,Manufacturing,17-2041,1020,30
324000,Petroleum and Coal Products Manufacturing,CORE,Manufacturing,19-5011,980,31
324000,Petroleum and Coal Products Manufacturing,CORE,Manufacturing,47-1011,920,32
324000,Petroleum and Coal Products Manufacturing,CORE,Manufacturing,43-5061,890,33
324000,Petroleum and Coal Products Manufacturing,CORE,Manufacturing,13-1082,870,34
324000,Petroleum and Coal Products Manufacturing,CORE,Manufacturing,51-2090,830,35
324000,Petroleum and Coal Products Manufacturing,CORE,Manufacturing,13-1081,830,36
324000,Petroleum and Coal Products Manufacturing,CORE,Manufacturing,51-4041,810,37
324000,Petroleum and Coal Products Manufacturing,CORE,Manufacturing,13-1020,770,38
324000,Petroleum and Coal Products Manufacturing,CORE,Manufacturing,11-9041,750,39
325000,Chemical Manufacturing,CORE,Manufacturing,51-9011,124330,0
325000,Chemical Manufacturing,CORE,Manufacturing,51-9111,57400,1
325000,Chemical Manufacturing,CORE,Manufacturing,51-1011,39780,2
325000,Chemical Manufacturing,CORE,Manufacturing,51-9061,32480,3
325000,Chemical Manufacturing,CORE,Manufacturing,19-2031,27530,4
325000,Chemical Manufacturing,CORE,Manufacturing,51-9023,25810,5
325000,Chemical Manufacturing,CORE,Manufacturing,17-2112,23290,6
325000,Chemical Manufacturing,CORE,Manufacturing,53-7062,21940,7
325000,Chemical Manufacturing,CORE,Manufacturing,11-3051,21440,8
325000,Chemical Manufacturing,CORE,Manufacturing,49-9041,21410,9
325000,Chemical Manufacturing,CORE,Manufacturing,11-1021,20740,10
325000,Chemical Manufacturing,CORE,Manufacturing,19-4031,17600,11
325000,Chemical Manufacturing,CORE,Manufacturing,43-5071,16770,12
325000,Chemical Manufacturing,CORE,Manufacturing,49-9071,16290,13
325000,Chemical Manufacturing,CORE,Manufacturing,41-4012,13900,14
325000,Chemical Manufacturing,CORE,Manufacturing,51-8091,13380,15
325000,Chemical Manufacturing,CORE,Manufacturing,51-2090,11380,16
325000,Chemical Manufacturing,CORE,Manufacturing,43-4051,11250,17
325000,Chemical Manufacturing,CORE,Manufacturing,43-5061,9640,18
325000,Chemical Manufacturing,CORE,Manufacturing,13-1020,8980,19
325000,Chemical Manufacturing,CORE,Manufacturing,11-9199,8660,20
325000,Chemical Manufacturing,CORE,Manufacturing,13-2011,7870,21
325000,Chemical Manufacturing,CORE,Manufacturing,51-9199,7690,22
325000,Chemical Manufacturing,CORE,Manufacturing,53-7051,7620,23
325000,Chemical Manufacturing,CORE,Manufacturing,13-1082,7310,24
325000,Chemical Manufacturing,CORE,Manufacturing,51-9012,7290,25
325000,Chemical Manufacturing,CORE,Manufacturing,13-1081,7120,26
325000,Chemical Manufacturing,CORE,Manufacturing,19-1042,6990,27
325000,Chemical Manufacturing,CORE,Manufacturing,53-7064,6940,28
325000,Chemical Manufacturing,CORE,Manufacturing,53-3032,6820,29
325000,Chemical Manufacturing,CORE,Manufacturing,13-1041,6790,30
325000,Chemical Manufacturing,CORE,Manufacturing,11-9121,6750,31
325000,Chemical Manufacturing,CORE,Manufacturing,49-1011,6680,32
325000,Chemical Manufacturing,CORE,Manufacturing,19-4021,6570,33
325000,Chemical Manufacturing,CORE,Manufacturing,43-9061,6520,34
325000,Chemical Manufacturing,CORE,Manufacturing,41-4011,6520,35
325000,Chemical Manufacturing,CORE,Manufacturing,11-2022,6450,36
325000,Chemical Manufacturing,CORE,Manufacturing,13-1161,6250,37
325000,Chemical Manufacturing,CORE,Manufacturing,19-1021,6110,38
325000,Chemical Manufacturing,CORE,Manufacturing,17-2041,6060,39
326000,Plastics and Rubber Products Manufacturing,CORE,Plastics/Rubber,51-4072,77480,0
326000,Plastics and Rubber Products Manufacturing,CORE,Plastics/Rubber,51-2090,69760,1
326000,Plastics and Rubber Products Manufacturing,CORE,Plastics/Rubber,51-9061,35730,2
326000,Plastics and Rubber Products Manufacturing,CORE,Plastics/Rubber,51-1011,34910,3
326000,Plastics and Rubber Products Manufacturing,CORE,Plastics/Rubber,51-4021,30760,4
326000,Plastics and Rubber Products Manufacturing,CORE,Plastics/Rubber,53-7062,27870,5
326000,Plastics and Rubber Products Manufacturing,CORE,Plastics/Rubber,51-9041,24690,6
326000,Plastics and Rubber Products Manufacturing,CORE,Plastics/Rubber,51-9197,19730,7
326000,Plastics and Rubber Products Manufacturing,CORE,Plastics/Rubber,53-7064,19410,8
326000,Plastics and Rubber Products Manufacturing,CORE,Plastics/Rubber,49-9041,17940,9
326000,Plastics and Rubber Products Manufacturing,CORE,Plastics/Rubber,49-9071,17310,10
326000,Plastics and Rubber Products Manufacturing,CORE,Plastics/Rubber,43-5071,15850,11
326000,Plastics and Rubber Products Manufacturing,CORE,Plastics/Rubber,17-2112,14900,12
326000,Plastics and Rubber Products Manufacturing,CORE,Plastics/Rubber,51-4031,13870,13
326000,Plastics and Rubber Products Manufacturing,CORE,Plastics/Rubber,51-9111,12620,14
326000,Plastics and Rubber Products Manufacturing,CORE,Plastics/Rubber,41-4012,12070,15
326000,Plastics and Rubber Products Manufacturing,CORE,Plastics/Rubber,51-4081,12020,16
326000,Plastics and Rubber Products Manufacturing,CORE,Plastics/Rubber,11-3051,11450,17
326000,Plastics and Rubber Products Manufacturing,CORE,Plastics/Rubber,53-7051,11140,18
326000,Plastics and Rubber Products Manufacturing,CORE,Plastics/Rubber,51-9199,10490,19
326000,Plastics and Rubber Products Manufacturing,CORE,Plastics/Rubber,11-1021,10020,20
326000,Plastics and Rubber Products Manufacturing,CORE,Plastics/Rubber,43-4051,7590,21
326000,Plastics and Rubber Products Manufacturing,CORE,Plastics/Rubber,43-5061,7290,22
326000,Plastics and Rubber Products Manufacturing,CORE,Plastics/Rubber,51-9023,5810,23
326000,Plastics and Rubber Products Manufacturing,CORE,Plastics/Rubber,51-9198,5800,24
326000,Plastics and Rubber Products Manufacturing,CORE,Plastics/Rubber,17-3026,5330,25
326000,Plastics and Rubber Products Manufacturing,CORE,Plastics/Rubber,43-9061,4980,26
326000,Plastics and Rubber Products Manufacturing,CORE,Plastics/Rubber,13-1071,4790,27
326000,Plastics and Rubber Products Manufacturing,CORE,Plastics/Rubber,51-5112,4740,28
326000,Plastics and Rubber Products Manufacturing,CORE,Plastics/Rubber,53-7065,4620,29
326000,Plastics and Rubber Products Manufacturing,CORE,Plastics/Rubber,51-9161,4520,30
326000,Plastics and Rubber Products Manufacturing,CORE,Plastics/Rubber,51-9032,4490,31
326000,Plastics and Rubber Products Manufacturing,CORE,Plastics/Rubber,13-2011,4470,32
326000,Plastics and Rubber Products Manufacturing,CORE,Plastics/Rubber,13-1020,4340,33
326000,Plastics and Rubber Products Manufacturing,CORE,Plastics/Rubber,51-4111,4280,34
326000,Plastics and Rubber Products Manufacturing,CORE,Plastics/Rubber,49-1011,4210,35
326000,Plastics and Rubber Products Manufacturing,CORE,Plastics/Rubber,43-3031,4060,36
326000,Plastics and Rubber Products Manufacturing,CORE,Plastics/Rubber,53-3032,4030,37
326000,Plastics and Rubber Products Manufacturing,CORE,Plastics/Rubber,43-1011,3740,38
326000,Plastics and Rubber Products Manufacturing,CORE,Plastics/Rubber,51-4041,3600,39
327000,Nonmetallic Mineral Product Manufacturing,CORE,Manufacturing,53-3032,74870,0
327000,Nonmetallic Mineral Product Manufacturing,CORE,Manufacturing,51-9195,22100,1
327000,Nonmetallic Mineral Product Manufacturing,CORE,Manufacturing,53-7062,17660,2
327000,Nonmetallic Mineral Product Manufacturing,CORE,Manufacturing,51-1011,15240,3
327000,Nonmetallic Mineral Product Manufacturing,CORE,Manufacturing,51-2090,15130,4
327000,Nonmetallic Mineral Product Manufacturing,CORE,Manufacturing,51-9023,11370,5
327000,Nonmetallic Mineral Product Manufacturing,CORE,Manufacturing,51-9041,11090,6
327000,Nonmetallic Mineral Product Manufacturing,CORE,Manufacturing,41-4012,10750,7
327000,Nonmetallic Mineral Product Manufacturing,CORE,Manufacturing,51-9061,10330,8
327000,Nonmetallic Mineral Product Manufacturing,CORE,Manufacturing,11-1021,9970,9
327000,Nonmetallic Mineral Product Manufacturing,CORE,Manufacturing,51-9032,9520,10
327000,Nonmetallic Mineral Product Manufacturing,CORE,Manufacturing,53-7051,9370,11
327000,Nonmetallic Mineral Product Manufacturing,CORE,Manufacturing,47-2061,8580,12
327000,Nonmetallic Mineral Product Manufacturing,CORE,Manufacturing,49-9071,8180,13
327000,Nonmetallic Mineral Product Manufacturing,CORE,Manufacturing,49-9041,7420,14
327000,Nonmetallic Mineral Product Manufacturing,CORE,Manufacturing,51-9199,7130,15
327000,Nonmetallic Mineral Product Manufacturing,CORE,Manufacturing,11-3051,6940,16
327000,Nonmetallic Mineral Product Manufacturing,CORE,Manufacturing,43-9061,6530,17
327000,Nonmetallic Mineral Product Manufacturing,CORE,Manufacturing,47-2073,6260,18
327000,Nonmetallic Mineral Product Manufacturing,CORE,Manufacturing,49-3031,6050,19
327000,Nonmetallic Mineral Product Manufacturing,CORE,Manufacturing,51-9051,5320,20
327000,Nonmetallic Mineral Product Manufacturing,CORE,Manufacturing,51-9021,4640,21
327000,Nonmetallic Mineral Product Manufacturing,CORE,Manufacturing,47-2044,4470,22
327000,Nonmetallic Mineral Product Manufacturing,CORE,Manufacturing,51-9111,4420,23
327000,Nonmetallic Mineral Product Manufacturing,CORE,Manufacturing,43-5032,4340,24
327000,Nonmetallic Mineral Product Manufacturing,CORE,Manufacturing,43-3031,3730,25
327000,Nonmetallic Mineral Product Manufacturing,CORE,Manufacturing,43-5071,3660,26
327000,Nonmetallic Mineral Product Manufacturing,CORE,Manufacturing,43-4051,3620,27
327000,Nonmetallic Mineral Product Manufacturing,CORE,Manufacturing,47-2051,3500,28
327000,Nonmetallic Mineral Product Manufacturing,CORE,Manufacturing,53-1047,3450,29
327000,Nonmetallic Mineral Product Manufacturing,CORE,Manufacturing,47-1011,2970,30
327000,Nonmetallic Mineral Product Manufacturing,CORE,Manufacturing,17-2112,2940,31
327000,Nonmetallic Mineral Product Manufacturing,CORE,Manufacturing,53-7064,2870,32
327000,Nonmetallic Mineral Product Manufacturing,CORE,Manufacturing,43-5061,2760,33
327000,Nonmetallic Mineral Product Manufacturing,CORE,Manufacturing,43-6014,2640,34
327000,Nonmetallic Mineral Product Manufacturing,CORE,Manufacturing,51-9161,2610,35
327000,Nonmetallic Mineral Product Manufacturing,CORE,Manufacturing,51-6091,2500,36
327000,Nonmetallic Mineral Product Manufacturing,CORE,Manufacturing,43-1011,2460,37
327000,Nonmetallic Mineral Product Manufacturing,CORE,Manufacturing,51-8099,2390,38
327000,Nonmetallic Mineral Product Manufacturing,CORE,Manufacturing,13-2011,2370,39
331000,Primary Metal Manufacturing,CORE,Manufacturing,51-1011,19350,0
331000,Primary Metal Manufacturing,CORE,Manufacturing,49-9041,17240,1
331000,Primary Metal Manufacturing,CORE,Manufacturing,51-4072,14810,2
331000,Primary Metal Manufacturing,CORE,Manufacturing,51-4023,14660,3
331000,Primary Metal Manufacturing,CORE,Manufacturing,51-9061,13430,4
331000,Primary Metal Manufacturing,CORE,Manufacturing,53-7062,13430,5
331000,Primary Metal Manufacturing,CORE,Manufacturing,51-4051,13380,6
331000,Primary Metal Manufacturing,CORE,Manufacturing,51-4021,11990,7
331000,Primary Metal Manufacturing,CORE,Manufacturing,51-4031,11880,8
331000,Primary Metal Manufacturing,CORE,Manufacturing,51-4033,11800,9
331000,Primary Metal Manufacturing,CORE,Manufacturing,49-9071,9640,10
331000,Primary Metal Manufacturing,CORE,Manufacturing,51-4081,9460,11
331000,Primary Metal Manufacturing,CORE,Manufacturing,51-4071,9310,12
331000,Primary Metal Manufacturing,CORE,Manufacturing,51-2090,7950,13
331000,Primary Metal Manufacturing,CORE,Manufacturing,51-4121,7520,14
331000,Primary Metal Manufacturing,CORE,Manufacturing,17-2112,6910,15
331000,Primary Metal Manufacturing,CORE,Manufacturing,43-5071,6860,16
331000,Primary Metal Manufacturing,CORE,Manufacturing,53-7051,6340,17
331000,Primary Metal Manufacturing,CORE,Manufacturing,11-3051,6010,18
331000,Primary Metal Manufacturing,CORE,Manufacturing,51-9199,5820,19
331000,Primary Metal Manufacturing,CORE,Manufacturing,51-9161,5810,20
331000,Primary Metal Manufacturing,CORE,Manufacturing,51-4041,5640,21
331000,Primary Metal Manufacturing,CORE,Manufacturing,41-4012,5490,22
331000,Primary Metal Manufacturing,CORE,Manufacturing,47-2111,5220,23
331000,Primary Metal Manufacturing,CORE,Manufacturing,11-1021,5110,24
331000,Primary Metal Manufacturing,CORE,Manufacturing,51-9198,4990,25
331000,Primary Metal Manufacturing,CORE,Manufacturing,53-7021,4300,26
331000,Primary Metal Manufacturing,CORE,Manufacturing,51-4052,4090,27
331000,Primary Metal Manufacturing,CORE,Manufacturing,51-4111,3630,28
331000,Primary Metal Manufacturing,CORE,Manufacturing,49-1011,3460,29
331000,Primary Metal Manufacturing,CORE,Manufacturing,43-5061,3400,30
331000,Primary Metal Manufacturing,CORE,Manufacturing,43-9061,2870,31
331000,Primary Metal Manufacturing,CORE,Manufacturing,13-2011,2800,32
331000,Primary Metal Manufacturing,CORE,Manufacturing,49-9043,2480,33
331000,Primary Metal Manufacturing,CORE,Manufacturing,53-7064,2330,34
331000,Primary Metal Manufacturing,CORE,Manufacturing,13-1020,2310,35
331000,Primary Metal Manufacturing,CORE,Manufacturing,17-2141,2300,36
331000,Primary Metal Manufacturing,CORE,Manufacturing,13-1071,2230,37
331000,Primary Metal Manufacturing,CORE,Manufacturing,51-4035,2150,38
331000,Primary Metal Manufacturing,CORE,Manufacturing,51-4191,2050,39
332000,Fabricated Metal Product Manufacturing,CORE,Industrial Equipment/Machinery,51-2090,125250,0
332000,Fabricated Metal Product Manufacturing,CORE,Industrial Equipment/Machinery,51-4121,112520,1
332000,Fabricated Metal Product Manufacturing,CORE,Industrial Equipment/Machinery,51-4041,101640,2
332000,Fabricated Metal Product Manufacturing,CORE,Industrial Equipment/Machinery,51-1011,67090,3
332000,Fabricated Metal Product Manufacturing,CORE,Industrial Equipment/Machinery,51-9161,57940,4
332000,Fabricated Metal Product Manufacturing,CORE,Industrial Equipment/Machinery,51-4031,56060,5
332000,Fabricated Metal Product Manufacturing,CORE,Industrial Equipment/Machinery,51-9061,47990,6
332000,Fabricated Metal Product Manufacturing,CORE,Industrial Equipment/Machinery,53-7062,43620,7
332000,Fabricated Metal Product Manufacturing,CORE,Industrial Equipment/Machinery,11-1021,39120,8
332000,Fabricated Metal Product Manufacturing,CORE,Industrial Equipment/Machinery,43-5071,34800,9
332000,Fabricated Metal Product Manufacturing,CORE,Industrial Equipment/Machinery,51-9124,34450,10
332000,Fabricated Metal Product Manufacturing,CORE,Industrial Equipment/Machinery,41-4012,29360,11
332000,Fabricated Metal Product Manufacturing,CORE,Industrial Equipment/Machinery,51-2041,26720,12
332000,Fabricated Metal Product Manufacturing,CORE,Industrial Equipment/Machinery,51-4033,25910,13
332000,Fabricated Metal Product Manufacturing,CORE,Industrial Equipment/Machinery,49-9071,23820,14
332000,Fabricated Metal Product Manufacturing,CORE,Industrial Equipment/Machinery,11-3051,23450,15
332000,Fabricated Metal Product Manufacturing,CORE,Industrial Equipment/Machinery,51-4193,23230,16
332000,Fabricated Metal Product Manufacturing,CORE,Industrial Equipment/Machinery,17-2112,22640,17
332000,Fabricated Metal Product Manufacturing,CORE,Industrial Equipment/Machinery,51-4081,21920,18
332000,Fabricated Metal Product Manufacturing,CORE,Industrial Equipment/Machinery,43-9061,21730,19
332000,Fabricated Metal Product Manufacturing,CORE,Industrial Equipment/Machinery,47-2211,21380,20
332000,Fabricated Metal Product Manufacturing,CORE,Industrial Equipment/Machinery,51-9198,19130,21
332000,Fabricated Metal Product Manufacturing,CORE,Industrial Equipment/Machinery,49-9041,18330,22
332000,Fabricated Metal Product Manufacturing,CORE,Industrial Equipment/Machinery,43-3031,14680,23
332000,Fabricated Metal Product Manufacturing,CORE,Industrial Equipment/Machinery,17-2141,14590,24
332000,Fabricated Metal Product Manufacturing,CORE,Industrial Equipment/Machinery,13-1020,13440,25
332000,Fabricated Metal Product Manufacturing,CORE,Industrial Equipment/Machinery,43-5061,12100,26
332000,Fabricated Metal Product Manufacturing,CORE,Industrial Equipment/Machinery,43-4051,11660,27
332000,Fabricated Metal Product Manufacturing,CORE,Industrial Equipment/Machinery,51-4111,11450,28
332000,Fabricated Metal Product Manufacturing,CORE,Industrial Equipment/Machinery,53-7051,11350,29
332000,Fabricated Metal Product Manufacturing,CORE,Industrial Equipment/Machinery,43-6014,11340,30
332000,Fabricated Metal Product Manufacturing,CORE,Industrial Equipment/Machinery,13-2011,11090,31
332000,Fabricated Metal Product Manufacturing,CORE,Industrial Equipment/Machinery,53-3032,10670,32
332000,Fabricated Metal Product Manufacturing,CORE,Industrial Equipment/Machinery,51-9199,10490,33
332000,Fabricated Metal Product Manufacturing,CORE,Industrial Equipment/Machinery,13-1082,10310,34
332000,Fabricated Metal Product Manufacturing,CORE,Industrial Equipment/Machinery,51-4034,9750,35
332000,Fabricated Metal Product Manufacturing,CORE,Industrial Equipment/Machinery,13-1051,9690,36
332000,Fabricated Metal Product Manufacturing,CORE,Industrial Equipment/Machinery,43-1011,9590,37
332000,Fabricated Metal Product Manufacturing,CORE,Industrial Equipment/Machinery,51-9162,9360,38
332000,Fabricated Metal Product Manufacturing,CORE,Industrial Equipment/Machinery,51-4122,7890,39
333000,Machinery Manufacturing,CORE,Industrial Equipment/Machinery,51-2090,143310,0
333000,Machinery Manufacturing,CORE,Industrial Equipment/Machinery,51-4121,63880,1
333000,Machinery Manufacturing,CORE,Industrial Equipment/Machinery,51-4041,59550,2
333000,Machinery Manufacturing,CORE,Industrial Equipment/Machinery,17-2141,41730,3
333000,Machinery Manufacturing,CORE,Industrial Equipment/Machinery,51-1011,38680,4
333000,Machinery Manufacturing,CORE,Industrial Equipment/Machinery,51-9161,29440,5
333000,Machinery Manufacturing,CORE,Industrial Equipment/Machinery,51-9061,28190,6
333000,Machinery Manufacturing,CORE,Industrial Equipment/Machinery,17-2112,28010,7
333000,Machinery Manufacturing,CORE,Industrial Equipment/Machinery,53-7062,27730,8
333000,Machinery Manufacturing,CORE,Industrial Equipment/Machinery,41-4012,27100,9
333000,Machinery Manufacturing,CORE,Industrial Equipment/Machinery,11-1021,24900,10
333000,Machinery Manufacturing,CORE,Industrial Equipment/Machinery,49-9041,24740,11
333000,Machinery Manufacturing,CORE,Industrial Equipment/Machinery,43-5071,23410,12
333000,Machinery Manufacturing,CORE,Industrial Equipment/Machinery,51-2028,18790,13
333000,Machinery Manufacturing,CORE,Industrial Equipment/Machinery,11-3051,17600,14
333000,Machinery Manufacturing,CORE,Industrial Equipment/Machinery,13-1020,15760,15
333000,Machinery Manufacturing,CORE,Industrial Equipment/Machinery,51-4031,14890,16
333000,Machinery Manufacturing,CORE,Industrial Equipment/Machinery,51-9124,12900,17
333000,Machinery Manufacturing,CORE,Industrial Equipment/Machinery,51-4111,12880,18
333000,Machinery Manufacturing,CORE,Industrial Equipment/Machinery,49-9071,12870,19
333000,Machinery Manufacturing,CORE,Industrial Equipment/Machinery,43-5061,12860,20
333000,Machinery Manufacturing,CORE,Industrial Equipment/Machinery,51-4081,12580,21
333000,Machinery Manufacturing,CORE,Industrial Equipment/Machinery,11-9041,11930,22
333000,Machinery Manufacturing,CORE,Industrial Equipment/Machinery,43-4051,11920,23
333000,Machinery Manufacturing,CORE,Industrial Equipment/Machinery,13-2011,11550,24
333000,Machinery Manufacturing,CORE,Industrial Equipment/Machinery,43-9061,10690,25
333000,Machinery Manufacturing,CORE,Industrial Equipment/Machinery,51-4072,10480,26
333000,Machinery Manufacturing,CORE,Industrial Equipment/Machinery,43-3031,10090,27
333000,Machinery Manufacturing,CORE,Industrial Equipment/Machinery,51-9199,10020,28
333000,Machinery Manufacturing,CORE,Industrial Equipment/Machinery,13-1082,9780,29
333000,Machinery Manufacturing,CORE,Industrial Equipment/Machinery,51-2031,9140,30
333000,Machinery Manufacturing,CORE,Industrial Equipment/Machinery,11-2022,9080,31
333000,Machinery Manufacturing,CORE,Industrial Equipment/Machinery,51-4033,8790,32
333000,Machinery Manufacturing,CORE,Industrial Equipment/Machinery,17-2071,8030,33
333000,Machinery Manufacturing,CORE,Industrial Equipment/Machinery,43-6014,6980,34
333000,Machinery Manufacturing,CORE,Industrial Equipment/Machinery,13-1081,6880,35
333000,Machinery Manufacturing,CORE,Industrial Equipment/Machinery,13-1071,6850,36
333000,Machinery Manufacturing,CORE,Industrial Equipment/Machinery,43-1011,6660,37
333000,Machinery Manufacturing,CORE,Industrial Equipment/Machinery,53-7065,6520,38
333000,Machinery Manufacturing,CORE,Industrial Equipment/Machinery,17-3013,6010,39
334000,Computer and Electronic Product Manufacturing,CORE,Manufacturing,51-2028,106980,0
334000,Computer and Electronic Product Manufacturing,CORE,Manufacturing,17-2112,41320,1
334000,Computer and Electronic Product Manufacturing,CORE,Manufacturing,51-2090,38210,2
334000,Computer and Electronic Product Manufacturing,CORE,Manufacturing,51-9061,32800,3
334000,Computer and Electronic Product Manufacturing,CORE,Manufacturing,51-9141,30690,4
334000,Computer and Electronic Product Manufacturing,CORE,Manufacturing,17-2061,24100,5
334000,Computer and Electronic Product Manufacturing,CORE,Manufacturing,17-2072,22120,6
334000,Computer and Electronic Product Manufacturing,CORE,Manufacturing,11-1021,21880,7
334000,Computer and Electronic Product Manufacturing,CORE,Manufacturing,51-1011,21300,8
334000,Computer and Electronic Product Manufacturing,CORE,Manufacturing,17-3023,21230,9
334000,Computer and Electronic Product Manufacturing,CORE,Manufacturing,17-2071,20460,10
334000,Computer and Electronic Product Manufacturing,CORE,Manufacturing,11-9041,19820,11
334000,Computer and Electronic Product Manufacturing,CORE,Manufacturing,17-2141,18290,12
334000,Computer and Electronic Product Manufacturing,CORE,Manufacturing,11-3021,16300,13
334000,Computer and Electronic Product Manufacturing,CORE,Manufacturing,41-4012,14740,14
334000,Computer and Electronic Product Manufacturing,CORE,Manufacturing,43-5071,14700,15
334000,Computer and Electronic Product Manufacturing,CORE,Manufacturing,13-1020,13890,16
334000,Computer and Electronic Product Manufacturing,CORE,Manufacturing,13-1082,12580,17
334000,Computer and Electronic Product Manufacturing,CORE,Manufacturing,41-4011,12230,18
334000,Computer and Electronic Product Manufacturing,CORE,Manufacturing,11-3051,12170,19
334000,Computer and Electronic Product Manufacturing,CORE,Manufacturing,43-4051,11830,20
334000,Computer and Electronic Product Manufacturing,CORE,Manufacturing,13-2011,11600,21
334000,Computer and Electronic Product Manufacturing,CORE,Manufacturing,17-3026,11480,22
334000,Computer and Electronic Product Manufacturing,CORE,Manufacturing,53-7062,11470,23
334000,Computer and Electronic Product Manufacturing,CORE,Manufacturing,43-5061,11220,24
334000,Computer and Electronic Product Manufacturing,CORE,Manufacturing,51-4041,11210,25
334000,Computer and Electronic Product Manufacturing,CORE,Manufacturing,13-1161,10930,26
334000,Computer and Electronic Product Manufacturing,CORE,Manufacturing,11-2022,10250,27
334000,Computer and Electronic Product Manufacturing,CORE,Manufacturing,13-1199,9940,28
334000,Computer and Electronic Product Manufacturing,CORE,Manufacturing,49-9041,9560,29
334000,Computer and Electronic Product Manufacturing,CORE,Manufacturing,49-9071,8700,30
334000,Computer and Electronic Product Manufacturing,CORE,Manufacturing,11-9199,8700,31
334000,Computer and Electronic Product Manufacturing,CORE,Manufacturing,17-2199,8340,32
334000,Computer and Electronic Product Manufacturing,CORE,Manufacturing,11-2021,7980,33
334000,Computer and Electronic Product Manufacturing,CORE,Manufacturing,51-9161,7910,34
334000,Computer and Electronic Product Manufacturing,CORE,Manufacturing,13-1081,7360,35
334000,Computer and Electronic Product Manufacturing,CORE,Manufacturing,11-3031,6860,36
334000,Computer and Electronic Product Manufacturing,CORE,Manufacturing,13-1071,6800,37
334000,Computer and Electronic Product Manufacturing,CORE,Manufacturing,43-3031,6520,38
334000,Computer and Electronic Product Manufacturing,CORE,Manufacturing,17-2011,6300,39
335000,"Electrical Equipment, Appliance, and Component Manufacturing",CORE,Manufacturing,51-2028,65350,0
335000,"Electrical Equipment, Appliance, and Component Manufacturing",CORE,Manufacturing,51-2090,57660,1
335000,"Electrical Equipment, Appliance, and Component Manufacturing",CORE,Manufacturing,51-1011,14650,2
335000,"Electrical Equipment, Appliance, and Component Manufacturing",CORE,Manufacturing,51-9061,14050,3
335000,"Electrical Equipment, Appliance, and Component Manufacturing",CORE,Manufacturing,53-7062,12950,4
335000,"Electrical Equipment, Appliance, and Component Manufacturing",CORE,Manufacturing,17-2112,12400,5
335000,"Electrical Equipment, Appliance, and Component Manufacturing",CORE,Manufacturing,41-4012,9640,6
335000,"Electrical Equipment, Appliance, and Component Manufacturing",CORE,Manufacturing,43-5071,9410,7
335000,"Electrical Equipment, Appliance, and Component Manufacturing",CORE,Manufacturing,17-2071,9360,8
335000,"Electrical Equipment, Appliance, and Component Manufacturing",CORE,Manufacturing,11-1021,8510,9
335000,"Electrical Equipment, Appliance, and Component Manufacturing",CORE,Manufacturing,17-2141,7160,10
335000,"Electrical Equipment, Appliance, and Component Manufacturing",CORE,Manufacturing,11-3051,6260,11
335000,"Electrical Equipment, Appliance, and Component Manufacturing",CORE,Manufacturing,51-4081,6130,12
335000,"Electrical Equipment, Appliance, and Component Manufacturing",CORE,Manufacturing,49-9041,6040,13
335000,"Electrical Equipment, Appliance, and Component Manufacturing",CORE,Manufacturing,51-9199,6010,14
335000,"Electrical Equipment, Appliance, and Component Manufacturing",CORE,Manufacturing,43-5061,5960,15
335000,"Electrical Equipment, Appliance, and Component Manufacturing",CORE,Manufacturing,51-4121,5830,16
335000,"Electrical Equipment, Appliance, and Component Manufacturing",CORE,Manufacturing,51-2021,5790,17
335000,"Electrical Equipment, Appliance, and Component Manufacturing",CORE,Manufacturing,43-4051,5790,18
335000,"Electrical Equipment, Appliance, and Component Manufacturing",CORE,Manufacturing,51-4041,5570,19
335000,"Electrical Equipment, Appliance, and Component Manufacturing",CORE,Manufacturing,13-1020,5480,20
335000,"Electrical Equipment, Appliance, and Component Manufacturing",CORE,Manufacturing,49-9071,5230,21
335000,"Electrical Equipment, Appliance, and Component Manufacturing",CORE,Manufacturing,51-4021,4730,22
335000,"Electrical Equipment, Appliance, and Component Manufacturing",CORE,Manufacturing,11-9041,4150,23
335000,"Electrical Equipment, Appliance, and Component Manufacturing",CORE,Manufacturing,13-2011,4020,24
335000,"Electrical Equipment, Appliance, and Component Manufacturing",CORE,Manufacturing,51-9161,3970,25
335000,"Electrical Equipment, Appliance, and Component Manufacturing",CORE,Manufacturing,17-3023,3900,26
335000,"Electrical Equipment, Appliance, and Component Manufacturing",CORE,Manufacturing,11-2022,3800,27
335000,"Electrical Equipment, Appliance, and Component Manufacturing",CORE,Manufacturing,13-1082,3790,28
335000,"Electrical Equipment, Appliance, and Component Manufacturing",CORE,Manufacturing,53-7065,3400,29
335000,"Electrical Equipment, Appliance, and Component Manufacturing",CORE,Manufacturing,53-7051,3220,30
335000,"Electrical Equipment, Appliance, and Component Manufacturing",CORE,Manufacturing,17-3026,3140,31
335000,"Electrical Equipment, Appliance, and Component Manufacturing",CORE,Manufacturing,43-9061,2840,32
335000,"Electrical Equipment, Appliance, and Component Manufacturing",CORE,Manufacturing,51-4072,2810,33
335000,"Electrical Equipment, Appliance, and Component Manufacturing",CORE,Manufacturing,43-3031,2770,34
335000,"Electrical Equipment, Appliance, and Component Manufacturing",CORE,Manufacturing,51-4031,2760,35
335000,"Electrical Equipment, Appliance, and Component Manufacturing",CORE,Manufacturing,13-1071,2600,36
335000,"Electrical Equipment, Appliance, and Component Manufacturing",CORE,Manufacturing,51-9124,2580,37
335000,"Electrical Equipment, Appliance, and Component Manufacturing",CORE,Manufacturing,13-1161,2530,38
335000,"Electrical Equipment, Appliance, and Component Manufacturing",CORE,Manufacturing,43-1011,2520,39
336000,Transportation Equipment Manufacturing,CORE,Manufacturing,51-2090,371650,0
336000,Transportation Equipment Manufacturing,CORE,Manufacturing,51-9061,63910,1
336000,Transportation Equipment Manufacturing,CORE,Manufacturing,51-4121,63500,2
336000,Transportation Equipment Manufacturing,CORE,Manufacturing,51-1011,57620,3
336000,Transportation Equipment Manufacturing,CORE,Manufacturing,17-2112,55900,4
336000,Transportation Equipment Manufacturing,CORE,Manufacturing,51-4031,37460,5
336000,Transportation Equipment Manufacturing,CORE,Manufacturing,51-4041,37190,6
336000,Transportation Equipment Manufacturing,CORE,Manufacturing,53-7062,35650,7
336000,Transportation Equipment Manufacturing,CORE,Manufacturing,17-2141,31460,8
336000,Transportation Equipment Manufacturing,CORE,Manufacturing,51-2011,30820,9
336000,Transportation Equipment Manufacturing,CORE,Manufacturing,13-1199,28980,10
336000,Transportation Equipment Manufacturing,CORE,Manufacturing,51-9124,27920,11
336000,Transportation Equipment Manufacturing,CORE,Manufacturing,51-9161,26450,12
336000,Transportation Equipment Manufacturing,CORE,Manufacturing,49-9041,26190,13
336000,Transportation Equipment Manufacturing,CORE,Manufacturing,17-2011,26100,14
336000,Transportation Equipment Manufacturing,CORE,Manufacturing,51-4081,25960,15
336000,Transportation Equipment Manufacturing,CORE,Manufacturing,11-3051,25800,16
336000,Transportation Equipment Manufacturing,CORE,Manufacturing,49-3011,24950,17
336000,Transportation Equipment Manufacturing,CORE,Manufacturing,43-5071,23080,18
336000,Transportation Equipment Manufacturing,CORE,Manufacturing,13-1020,22620,19
336000,Transportation Equipment Manufacturing,CORE,Manufacturing,43-5061,22220,20
336000,Transportation Equipment Manufacturing,CORE,Manufacturing,51-2031,21900,21
336000,Transportation Equipment Manufacturing,CORE,Manufacturing,51-2028,20660,22
336000,Transportation Equipment Manufacturing,CORE,Manufacturing,11-1021,19590,23
336000,Transportation Equipment Manufacturing,CORE,Manufacturing,11-9041,18950,24
336000,Transportation Equipment Manufacturing,CORE,Manufacturing,49-9071,18830,25
336000,Transportation Equipment Manufacturing,CORE,Manufacturing,53-7051,16980,26
336000,Transportation Equipment Manufacturing,CORE,Manufacturing,47-2111,16690,27
336000,Transportation Equipment Manufacturing,CORE,Manufacturing,51-4111,14610,28
336000,Transportation Equipment Manufacturing,CORE,Manufacturing,51-9199,14200,29
336000,Transportation Equipment Manufacturing,CORE,Manufacturing,13-1081,13930,30
336000,Transportation Equipment Manufacturing,CORE,Manufacturing,17-2071,12980,31
336000,Transportation Equipment Manufacturing,CORE,Manufacturing,51-4072,12330,32
336000,Transportation Equipment Manufacturing,CORE,Manufacturing,13-1082,12220,33
336000,Transportation Equipment Manufacturing,CORE,Manufacturing,17-3026,11660,34
336000,Transportation Equipment Manufacturing,CORE,Manufacturing,41-4012,10370,35
336000,Transportation Equipment Manufacturing,CORE,Manufacturing,53-7065,9080,36
336000,Transportation Equipment Manufacturing,CORE,Manufacturing,51-2051,8960,37
336000,Transportation Equipment Manufacturing,CORE,Manufacturing,47-2152,8930,38
336000,Transportation Equipment Manufacturing,CORE,Manufacturing,13-1071,8680,39
337000,Furniture and Related Product Manufacturing,CORE,Manufacturing,51-7011,56210,0
337000,Furniture and Related Product Manufacturing,CORE,Manufacturing,51-2090,38870,1
337000,Furniture and Related Product Manufacturing,CORE,Manufacturing,51-1011,15350,2
337000,Furniture and Related Product Manufacturing,CORE,Manufacturing,51-7042,14590,3
337000,Furniture and Related Product Manufacturing,CORE,Manufacturing,53-7062,12300,4
337000,Furniture and Related Product Manufacturing,CORE,Manufacturing,47-2031,11620,5
337000,Furniture and Related Product Manufacturing,CORE,Manufacturing,51-6093,10410,6
337000,Furniture and Related Product Manufacturing,CORE,Manufacturing,51-7021,10110,7
337000,Furniture and Related Product Manufacturing,CORE,Manufacturing,51-6031,9230,8
337000,Furniture and Related Product Manufacturing,CORE,Manufacturing,11-1021,8380,9
337000,Furniture and Related Product Manufacturing,CORE,Manufacturing,41-4012,8070,10
337000,Furniture and Related Product Manufacturing,CORE,Manufacturing,43-5071,7940,11
337000,Furniture and Related Product Manufacturing,CORE,Manufacturing,43-9061,6010,12
337000,Furniture and Related Product Manufacturing,CORE,Manufacturing,51-9124,5280,13
337000,Furniture and Related Product Manufacturing,CORE,Manufacturing,51-9061,4940,14
337000,Furniture and Related Product Manufacturing,CORE,Manufacturing,13-1082,4140,15
337000,Furniture and Related Product Manufacturing,CORE,Manufacturing,43-4051,3730,16
337000,Furniture and Related Product Manufacturing,CORE,Manufacturing,49-9071,3610,17
337000,Furniture and Related Product Manufacturing,CORE,Manufacturing,43-3031,3510,18
337000,Furniture and Related Product Manufacturing,CORE,Manufacturing,51-4121,3480,19
337000,Furniture and Related Product Manufacturing,CORE,Manufacturing,51-9161,3420,20
337000,Furniture and Related Product Manufacturing,CORE,Manufacturing,17-2112,3390,21
337000,Furniture and Related Product Manufacturing,CORE,Manufacturing,43-5061,3310,22
337000,Furniture and Related Product Manufacturing,CORE,Manufacturing,53-7051,3190,23
337000,Furniture and Related Product Manufacturing,CORE,Manufacturing,11-3051,3140,24
337000,Furniture and Related Product Manufacturing,CORE,Manufacturing,51-9199,3050,25
337000,Furniture and Related Product Manufacturing,CORE,Manufacturing,51-7041,3040,26
337000,Furniture and Related Product Manufacturing,CORE,Manufacturing,51-4031,3010,27
337000,Furniture and Related Product Manufacturing,CORE,Manufacturing,43-6014,2650,28
337000,Furniture and Related Product Manufacturing,CORE,Manufacturing,51-9198,2550,29
337000,Furniture and Related Product Manufacturing,CORE,Manufacturing,13-1020,2550,30
337000,Furniture and Related Product Manufacturing,CORE,Manufacturing,17-3019,2430,31
337000,Furniture and Related Product Manufacturing,CORE,Manufacturing,53-7064,2350,32
337000,Furniture and Related Product Manufacturing,CORE,Manufacturing,13-1051,2280,33
337000,Furniture and Related Product Manufacturing,CORE,Manufacturing,13-2011,2220,34
337000,Furniture and Related Product Manufacturing,CORE,Manufacturing,53-3033,2090,35
337000,Furniture and Related Product Manufacturing,CORE,Manufacturing,49-9041,2080,36
337000,Furniture and Related Product Manufacturing,CORE,Manufacturing,43-1011,1860,37
337000,Furniture and Related Product Manufacturing,CORE,Manufacturing,53-7065,1800,38
337000,Furniture and Related Product Manufacturing,CORE,Manufacturing,49-9099,1680,39
339000,Miscellaneous Manufacturing,CORE,Manufacturing,51-2090,94740,0
339000,Miscellaneous Manufacturing,CORE,Manufacturing,51-9081,27810,1
339000,Miscellaneous Manufacturing,CORE,Manufacturing,51-1011,21210,2
339000,Miscellaneous Manufacturing,CORE,Manufacturing,51-9061,19460,3
339000,Miscellaneous Manufacturing,CORE,Manufacturing,17-2112,18550,4
339000,Miscellaneous Manufacturing,CORE,Manufacturing,41-4012,18430,5
339000,Miscellaneous Manufacturing,CORE,Manufacturing,11-1021,17830,6
339000,Miscellaneous Manufacturing,CORE,Manufacturing,53-7062,14010,7
339000,Miscellaneous Manufacturing,CORE,Manufacturing,43-5071,13780,8
339000,Miscellaneous Manufacturing,CORE,Manufacturing,43-4051,12350,9
339000,Miscellaneous Manufacturing,CORE,Manufacturing,43-9061,10200,10
339000,Miscellaneous Manufacturing,CORE,Manufacturing,27-1024,10100,11
339000,Miscellaneous Manufacturing,CORE,Manufacturing,51-4041,9780,12
339000,Miscellaneous Manufacturing,CORE,Manufacturing,49-9099,8380,13
339000,Miscellaneous Manufacturing,CORE,Manufacturing,51-4072,8350,14
339000,Miscellaneous Manufacturing,CORE,Manufacturing,51-9199,7940,15
339000,Miscellaneous Manufacturing,CORE,Manufacturing,11-3051,7820,16
339000,Miscellaneous Manufacturing,CORE,Manufacturing,51-9161,7760,17
339000,Miscellaneous Manufacturing,CORE,Manufacturing,43-3031,6650,18
339000,Miscellaneous Manufacturing,CORE,Manufacturing,51-9111,6410,19
339000,Miscellaneous Manufacturing,CORE,Manufacturing,49-9071,6330,20
339000,Miscellaneous Manufacturing,CORE,Manufacturing,51-9083,6310,21
339000,Miscellaneous Manufacturing,CORE,Manufacturing,13-1082,6080,22
339000,Miscellaneous Manufacturing,CORE,Manufacturing,51-4081,6050,23
339000,Miscellaneous Manufacturing,CORE,Manufacturing,51-4031,5890,24
339000,Miscellaneous Manufacturing,CORE,Manufacturing,51-9082,5800,25
339000,Miscellaneous Manufacturing,CORE,Manufacturing,43-5061,5760,26
339000,Miscellaneous Manufacturing,CORE,Manufacturing,13-1161,5570,27
339000,Miscellaneous Manufacturing,CORE,Manufacturing,53-7064,5220,28
339000,Miscellaneous Manufacturing,CORE,Manufacturing,13-1020,5110,29
339000,Miscellaneous Manufacturing,CORE,Manufacturing,43-6014,5110,30
339000,Miscellaneous Manufacturing,CORE,Manufacturing,51-9071,5080,31
339000,Miscellaneous Manufacturing,CORE,Manufacturing,17-2141,5080,32
339000,Miscellaneous Manufacturing,CORE,Manufacturing,51-6031,4950,33
339000,Miscellaneous Manufacturing,CORE,Manufacturing,13-2011,4910,34
339000,Miscellaneous Manufacturing,CORE,Manufacturing,43-1011,4840,35
339000,Miscellaneous Manufacturing,CORE,Manufacturing,11-2022,4650,36
339000,Miscellaneous Manufacturing,CORE,Manufacturing,17-3026,4470,37
339000,Miscellaneous Manufacturing,CORE,Manufacturing,51-4121,4330,38
339000,Miscellaneous Manufacturing,CORE,Manufacturing,11-9041,4190,39
423000,"Merchant Wholesalers, Durable Goods",NON_CORE,,41-4012,418260,0
423000,"Merchant Wholesalers, Durable Goods",NON_CORE,,53-7062,219680,1
423000,"Merchant Wholesalers, Durable Goods",NON_CORE,,11-1021,150960,2
423000,"Merchant Wholesalers, Durable Goods",NON_CORE,,53-7065,118990,3
423000,"Merchant Wholesalers, Durable Goods",NON_CORE,,41-4011,105870,4
423000,"Merchant Wholesalers, Durable Goods",NON_CORE,,43-4051,103580,5
423000,"Merchant Wholesalers, Durable Goods",NON_CORE,,53-3032,89110,6
423000,"Merchant Wholesalers, Durable Goods",NON_CORE,,53-3033,88300,7
423000,"Merchant Wholesalers, Durable Goods",NON_CORE,,43-5071,75730,8
423000,"Merchant Wholesalers, Durable Goods",NON_CORE,,43-9061,74650,9
423000,"Merchant Wholesalers, Durable Goods",NON_CORE,,11-2022,71390,10
423000,"Merchant Wholesalers, Durable Goods",NON_CORE,,51-2090,65470,11
423000,"Merchant Wholesalers, Durable Goods",NON_CORE,,43-3031,58170,12
423000,"Merchant Wholesalers, Durable Goods",NON_CORE,,49-9041,54840,13
423000,"Merchant Wholesalers, Durable Goods",NON_CORE,,53-1047,51940,14
423000,"Merchant Wholesalers, Durable Goods",NON_CORE,,41-2022,49350,15
423000,"Merchant Wholesalers, Durable Goods",NON_CORE,,49-3042,48750,16
423000,"Merchant Wholesalers, Durable Goods",NON_CORE,,53-7051,46880,17
423000,"Merchant Wholesalers, Durable Goods",NON_CORE,,13-1020,41330,18
423000,"Merchant Wholesalers, Durable Goods",NON_CORE,,43-1011,40140,19
423000,"Merchant Wholesalers, Durable Goods",NON_CORE,,13-2011,39660,20
423000,"Merchant Wholesalers, Durable Goods",NON_CORE,,13-1082,36980,21
423000,"Merchant Wholesalers, Durable Goods",NON_CORE,,43-6014,36310,22
423000,"Merchant Wholesalers, Durable Goods",NON_CORE,,13-1161,36260,23
423000,"Merchant Wholesalers, Durable Goods",NON_CORE,,49-1011,34740,24
423000,"Merchant Wholesalers, Durable Goods",NON_CORE,,49-3031,33490,25
423000,"Merchant Wholesalers, Durable Goods",NON_CORE,,41-1012,33150,26
423000,"Merchant Wholesalers, Durable Goods",NON_CORE,,41-2031,32820,27
423000,"Merchant Wholesalers, Durable Goods",NON_CORE,,41-2021,28930,28
423000,"Merchant Wholesalers, Durable Goods",NON_CORE,,41-3091,27620,29
423000,"Merchant Wholesalers, Durable Goods",NON_CORE,,49-3041,26780,30
423000,"Merchant Wholesalers, Durable Goods",NON_CORE,,49-9062,23830,31
423000,"Merchant Wholesalers, Durable Goods",NON_CORE,,51-9061,23120,32
423000,"Merchant Wholesalers, Durable Goods",NON_CORE,,49-9071,21440,33
423000,"Merchant Wholesalers, Durable Goods",NON_CORE,,11-2021,20190,34
423000,"Merchant Wholesalers, Durable Goods",NON_CORE,,51-4121,19990,35
423000,"Merchant Wholesalers, Durable Goods",NON_CORE,,13-1199,19860,36
423000,"Merchant Wholesalers, Durable Goods",NON_CORE,,51-1011,19700,37
423000,"Merchant Wholesalers, Durable Goods",NON_CORE,,49-2011,19660,38
423000,"Merchant Wholesalers, Durable Goods",NON_CORE,,11-3021,18810,39
424000,"Merchant Wholesalers, Nondurable Goods",NON_CORE,,41-4012,269740,0
424000,"Merchant Wholesalers, Nondurable Goods",NON_CORE,,53-3032,174610,1
424000,"Merchant Wholesalers, Nondurable Goods",NON_CORE,,53-7062,162830,2
424000,"Merchant Wholesalers, Nondurable Goods",NON_CORE,,53-7065,136040,3
424000,"Merchant Wholesalers, Nondurable Goods",NON_CORE,,53-3031,91800,4
424000,"Merchant Wholesalers, Nondurable Goods",NON_CORE,,11-1021,77950,5
424000,"Merchant Wholesalers, Nondurable Goods",NON_CORE,,41-4011,54000,6
424000,"Merchant Wholesalers, Nondurable Goods",NON_CORE,,53-3033,53650,7
424000,"Merchant Wholesalers, Nondurable Goods",NON_CORE,,27-1026,52050,8
424000,"Merchant Wholesalers, Nondurable Goods",NON_CORE,,53-1047,49560,9
424000,"Merchant Wholesalers, Nondurable Goods",NON_CORE,,43-4051,45620,10
424000,"Merchant Wholesalers, Nondurable Goods",NON_CORE,,11-2022,45260,11
424000,"Merchant Wholesalers, Nondurable Goods",NON_CORE,,43-9061,43770,12
424000,"Merchant Wholesalers, Nondurable Goods",NON_CORE,,53-7051,43280,13
424000,"Merchant Wholesalers, Nondurable Goods",NON_CORE,,43-5071,43040,14
424000,"Merchant Wholesalers, Nondurable Goods",NON_CORE,,43-3031,34510,15
424000,"Merchant Wholesalers, Nondurable Goods",NON_CORE,,53-7064,31470,16
424000,"Merchant Wholesalers, Nondurable Goods",NON_CORE,,13-1020,24300,17
424000,"Merchant Wholesalers, Nondurable Goods",NON_CORE,,13-2011,23730,18
424000,"Merchant Wholesalers, Nondurable Goods",NON_CORE,,41-2031,23450,19
424000,"Merchant Wholesalers, Nondurable Goods",NON_CORE,,13-1161,23230,20
424000,"Merchant Wholesalers, Nondurable Goods",NON_CORE,,43-1011,22610,21
424000,"Merchant Wholesalers, Nondurable Goods",NON_CORE,,41-1012,21830,22
424000,"Merchant Wholesalers, Nondurable Goods",NON_CORE,,45-2092,19460,23
424000,"Merchant Wholesalers, Nondurable Goods",NON_CORE,,51-9111,18580,24
424000,"Merchant Wholesalers, Nondurable Goods",NON_CORE,,43-6014,18250,25
424000,"Merchant Wholesalers, Nondurable Goods",NON_CORE,,49-9071,18200,26
424000,"Merchant Wholesalers, Nondurable Goods",NON_CORE,,11-2021,16730,27
424000,"Merchant Wholesalers, Nondurable Goods",NON_CORE,,11-3071,15750,28
424000,"Merchant Wholesalers, Nondurable Goods",NON_CORE,,41-2011,14740,29
424000,"Merchant Wholesalers, Nondurable Goods",NON_CORE,,13-1199,14590,30
424000,"Merchant Wholesalers, Nondurable Goods",NON_CORE,,11-3031,12990,31
424000,"Merchant Wholesalers, Nondurable Goods",NON_CORE,,51-1011,12290,32
424000,"Merchant Wholesalers, Nondurable Goods",NON_CORE,,13-1081,12070,33
424000,"Merchant Wholesalers, Nondurable Goods",NON_CORE,,11-9199,10940,34
424000,"Merchant Wholesalers, Nondurable Goods",NON_CORE,,37-2011,10800,35
424000,"Merchant Wholesalers, Nondurable Goods",NON_CORE,,51-9061,10730,36
424000,"Merchant Wholesalers, Nondurable Goods",NON_CORE,,13-1071,10660,37
424000,"Merchant Wholesalers, Nondurable Goods",NON_CORE,,43-5061,10610,38
424000,"Merchant Wholesalers, Nondurable Goods",NON_CORE,,29-2052,8520,39
425000,Wholesale Trade Agents and Brokers,NON_CORE,,41-4012,111760,0
425000,Wholesale Trade Agents and Brokers,NON_CORE,,11-1021,24750,1
425000,Wholesale Trade Agents and Brokers,NON_CORE,,11-2022,16420,2
425000,Wholesale Trade Agents and Brokers,NON_CORE,,41-4011,15660,3
425000,Wholesale Trade Agents and Brokers,NON_CORE,,53-7062,15290,4
425000,Wholesale Trade Agents and Brokers,NON_CORE,,43-4051,15010,5
425000,Wholesale Trade Agents and Brokers,NON_CORE,,43-9061,12840,6
425000,Wholesale Trade Agents and Brokers,NON_CORE,,53-7065,9760,7
425000,Wholesale Trade Agents and Brokers,NON_CORE,,43-3031,8060,8
425000,Wholesale Trade Agents and Brokers,NON_CORE,,13-1161,7180,9
425000,Wholesale Trade Agents and Brokers,NON_CORE,,43-5071,6180,10
425000,Wholesale Trade Agents and Brokers,NON_CORE,,13-2011,5390,11
425000,Wholesale Trade Agents and Brokers,NON_CORE,,41-1012,5120,12
425000,Wholesale Trade Agents and Brokers,NON_CORE,,13-1082,5050,13
425000,Wholesale Trade Agents and Brokers,NON_CORE,,13-1020,4860,14
425000,Wholesale Trade Agents and Brokers,NON_CORE,,41-2031,4710,15
425000,Wholesale Trade Agents and Brokers,NON_CORE,,43-1011,4380,16
425000,Wholesale Trade Agents and Brokers,NON_CORE,,11-2021,4230,17
425000,Wholesale Trade Agents and Brokers,NON_CORE,,13-1199,3820,18
425000,Wholesale Trade Agents and Brokers,NON_CORE,,53-3033,3630,19
425000,Wholesale Trade Agents and Brokers,NON_CORE,,27-1026,3620,20
425000,Wholesale Trade Agents and Brokers,NON_CORE,,53-1047,3420,21
425000,Wholesale Trade Agents and Brokers,NON_CORE,,49-9041,3380,22
425000,Wholesale Trade Agents and Brokers,NON_CORE,,11-3031,2690,23
425000,Wholesale Trade Agents and Brokers,NON_CORE,,11-3021,2600,24
425000,Wholesale Trade Agents and Brokers,NON_CORE,,53-7064,2550,25
425000,Wholesale Trade Agents and Brokers,NON_CORE,,41-9031,2460,26
425000,Wholesale Trade Agents and Brokers,NON_CORE,,53-7051,2440,27
425000,Wholesale Trade Agents and Brokers,NON_CORE,,13-1081,2440,28
425000,Wholesale Trade Agents and Brokers,NON_CORE,,51-2090,2250,29
425000,Wholesale Trade Agents and Brokers,NON_CORE,,13-1071,2240,30
425000,Wholesale Trade Agents and Brokers,NON_CORE,,49-9071,2180,31
425000,Wholesale Trade Agents and Brokers,NON_CORE,,11-9199,1740,32
425000,Wholesale Trade Agents and Brokers,NON_CORE,,43-4151,1660,33
425000,Wholesale Trade Agents and Brokers,NON_CORE,,51-9061,1620,34
425000,Wholesale Trade Agents and Brokers,NON_CORE,,11-3071,1470,35
425000,Wholesale Trade Agents and Brokers,NON_CORE,,53-3031,1430,36
425000,Wholesale Trade Agents and Brokers,NON_CORE,,17-2141,1410,37
425000,Wholesale Trade Agents and Brokers,NON_CORE,,43-6011,1400,38
425000,Wholesale Trade Agents and Brokers,NON_CORE,,49-1011,1360,39
441000,Motor Vehicle and Parts Dealers,CORE,Retail,49-3023,316910,0
441000,Motor Vehicle and Parts Dealers,CORE,Retail,41-2031,309010,1
441000,Motor Vehicle and Parts Dealers,CORE,Retail,41-2022,195190,2
441000,Motor Vehicle and Parts Dealers,CORE,Retail,53-3033,102200,3
441000,Motor Vehicle and Parts Dealers,CORE,Retail,53-7061,82770,4
441000,Motor Vehicle and Parts Dealers,CORE,Retail,41-1011,81470,5
441000,Motor Vehicle and Parts Dealers,CORE,Retail,49-3093,78210,6
441000,Motor Vehicle and Parts Dealers,CORE,Retail,41-2021,70710,7
441000,Motor Vehicle and Parts Dealers,CORE,Retail,11-1021,64530,8
441000,Motor Vehicle and Parts Dealers,CORE,Retail,49-1011,57160,9
441000,Motor Vehicle and Parts Dealers,CORE,Retail,43-4051,46500,10
441000,Motor Vehicle and Parts Dealers,CORE,Retail,43-9061,45580,11
441000,Motor Vehicle and Parts Dealers,CORE,Retail,11-2022,44720,12
441000,Motor Vehicle and Parts Dealers,CORE,Retail,43-3031,32760,13
441000,Motor Vehicle and Parts Dealers,CORE,Retail,49-3021,27360,14
441000,Motor Vehicle and Parts Dealers,CORE,Retail,53-6031,26090,15
441000,Motor Vehicle and Parts Dealers,CORE,Retail,43-4171,25230,16
441000,Motor Vehicle and Parts Dealers,CORE,Retail,53-6021,23570,17
441000,Motor Vehicle and Parts Dealers,CORE,Retail,41-3091,22840,18
441000,Motor Vehicle and Parts Dealers,CORE,Retail,53-3053,18490,19
441000,Motor Vehicle and Parts Dealers,CORE,Retail,53-7065,17130,20
441000,Motor Vehicle and Parts Dealers,CORE,Retail,43-5071,16840,21
441000,Motor Vehicle and Parts Dealers,CORE,Retail,43-1011,16830,22
441000,Motor Vehicle and Parts Dealers,CORE,Retail,41-2011,16770,23
441000,Motor Vehicle and Parts Dealers,CORE,Retail,43-6014,16680,24
441000,Motor Vehicle and Parts Dealers,CORE,Retail,53-7062,13910,25
441000,Motor Vehicle and Parts Dealers,CORE,Retail,11-3031,13430,26
441000,Motor Vehicle and Parts Dealers,CORE,Retail,13-2072,12200,27
441000,Motor Vehicle and Parts Dealers,CORE,Retail,49-3092,12110,28
441000,Motor Vehicle and Parts Dealers,CORE,Retail,53-3031,12030,29
441000,Motor Vehicle and Parts Dealers,CORE,Retail,49-3052,11620,30
441000,Motor Vehicle and Parts Dealers,CORE,Retail,53-3032,11460,31
441000,Motor Vehicle and Parts Dealers,CORE,Retail,41-4012,10940,32
441000,Motor Vehicle and Parts Dealers,CORE,Retail,13-2011,10780,33
441000,Motor Vehicle and Parts Dealers,CORE,Retail,53-3099,9650,34
441000,Motor Vehicle and Parts Dealers,CORE,Retail,49-3051,8220,35
441000,Motor Vehicle and Parts Dealers,CORE,Retail,37-2011,7370,36
441000,Motor Vehicle and Parts Dealers,CORE,Retail,53-1047,7150,37
441000,Motor Vehicle and Parts Dealers,CORE,Retail,13-1020,6410,38
441000,Motor Vehicle and Parts Dealers,CORE,Retail,13-1051,5960,39
444000,Building Material and Garden Equipment and Supplies Dealers,CORE,Retail,41-2031,468410,0
444000,Building Material and Garden Equipment and Supplies Dealers,CORE,Retail,41-2011,158770,1
444000,Building Material and Garden Equipment and Supplies Dealers,CORE,Retail,53-7062,136300,2
444000,Building Material and Garden Equipment and Supplies Dealers,CORE,Retail,53-7065,109560,3
444000,Building Material and Garden Equipment and Supplies Dealers,CORE,Retail,41-1011,94270,4
444000,Building Material and Garden Equipment and Supplies Dealers,CORE,Retail,11-1021,43420,5
444000,Building Material and Garden Equipment and Supplies Dealers,CORE,Retail,43-4051,34440,6
444000,Building Material and Garden Equipment and Supplies Dealers,CORE,Retail,41-4012,29990,7
444000,Building Material and Garden Equipment and Supplies Dealers,CORE,Retail,53-3032,23240,8
444000,Building Material and Garden Equipment and Supplies Dealers,CORE,Retail,53-1047,21290,9
444000,Building Material and Garden Equipment and Supplies Dealers,CORE,Retail,27-1026,19360,10
444000,Building Material and Garden Equipment and Supplies Dealers,CORE,Retail,43-9061,17320,11
444000,Building Material and Garden Equipment and Supplies Dealers,CORE,Retail,53-3033,17130,12
444000,Building Material and Garden Equipment and Supplies Dealers,CORE,Retail,43-5071,15860,13
444000,Building Material and Garden Equipment and Supplies Dealers,CORE,Retail,45-2092,14090,14
444000,Building Material and Garden Equipment and Supplies Dealers,CORE,Retail,43-3031,13370,15
444000,Building Material and Garden Equipment and Supplies Dealers,CORE,Retail,49-3053,11810,16
444000,Building Material and Garden Equipment and Supplies Dealers,CORE,Retail,43-1011,9530,17
444000,Building Material and Garden Equipment and Supplies Dealers,CORE,Retail,11-2022,8700,18
444000,Building Material and Garden Equipment and Supplies Dealers,CORE,Retail,53-7051,7710,19
444000,Building Material and Garden Equipment and Supplies Dealers,CORE,Retail,47-2121,6920,20
444000,Building Material and Garden Equipment and Supplies Dealers,CORE,Retail,37-3011,6510,21
444000,Building Material and Garden Equipment and Supplies Dealers,CORE,Retail,41-3091,5890,22
444000,Building Material and Garden Equipment and Supplies Dealers,CORE,Retail,51-2090,5390,23
444000,Building Material and Garden Equipment and Supplies Dealers,CORE,Retail,49-9011,5030,24
444000,Building Material and Garden Equipment and Supplies Dealers,CORE,Retail,41-2022,5010,25
444000,Building Material and Garden Equipment and Supplies Dealers,CORE,Retail,43-6014,4990,26
444000,Building Material and Garden Equipment and Supplies Dealers,CORE,Retail,47-2031,4820,27
444000,Building Material and Garden Equipment and Supplies Dealers,CORE,Retail,13-1020,4410,28
444000,Building Material and Garden Equipment and Supplies Dealers,CORE,Retail,27-1025,4390,29
444000,Building Material and Garden Equipment and Supplies Dealers,CORE,Retail,43-5061,3400,30
444000,Building Material and Garden Equipment and Supplies Dealers,CORE,Retail,13-1051,3310,31
444000,Building Material and Garden Equipment and Supplies Dealers,CORE,Retail,41-2021,3180,32
444000,Building Material and Garden Equipment and Supplies Dealers,CORE,Retail,49-9071,3110,33
444000,Building Material and Garden Equipment and Supplies Dealers,CORE,Retail,13-2011,2760,34
444000,Building Material and Garden Equipment and Supplies Dealers,CORE,Retail,11-3071,2750,35
444000,Building Material and Garden Equipment and Supplies Dealers,CORE,Retail,13-1082,2570,36
444000,Building Material and Garden Equipment and Supplies Dealers,CORE,Retail,13-1161,2400,37
444000,Building Material and Garden Equipment and Supplies Dealers,CORE,Retail,33-9032,2350,38
444000,Building Material and Garden Equipment and Supplies Dealers,CORE,Retail,49-1011,2240,39
445000,Food and Beverage Retailers,CORE,Retail,41-2011,933680,0
445000,Food and Beverage Retailers,CORE,Retail,53-7065,666380,1
445000,Food and Beverage Retailers,CORE,Retail,41-1011,190880,2
445000,Food and Beverage Retailers,CORE,Retail,35-2021,187430,3
445000,Food and Beverage Retailers,CORE,Retail,41-2031,177040,4
445000,Food and Beverage Retailers,CORE,Retail,35-3023,134820,5
445000,Food and Beverage Retailers,CORE,Retail,51-3021,103440,6
445000,Food and Beverage Retailers,CORE,Retail,43-4051,100530,7
445000,Food and Beverage Retailers,CORE,Retail,53-7064,89240,8
445000,Food and Beverage Retailers,CORE,Retail,51-3011,60550,9
445000,Food and Beverage Retailers,CORE,Retail,11-1021,54810,10
445000,Food and Beverage Retailers,CORE,Retail,53-1047,51950,11
445000,Food and Beverage Retailers,CORE,Retail,29-2052,37870,12
445000,Food and Beverage Retailers,CORE,Retail,53-7062,35820,13
445000,Food and Beverage Retailers,CORE,Retail,35-1012,35250,14
445000,Food and Beverage Retailers,CORE,Retail,43-1011,29400,15
445000,Food and Beverage Retailers,CORE,Retail,37-2011,27690,16
445000,Food and Beverage Retailers,CORE,Retail,51-1011,26900,17
445000,Food and Beverage Retailers,CORE,Retail,43-5071,20950,18
445000,Food and Beverage Retailers,CORE,Retail,51-3022,20130,19
445000,Food and Beverage Retailers,CORE,Retail,29-1051,19700,20
445000,Food and Beverage Retailers,CORE,Retail,43-9061,17360,21
445000,Food and Beverage Retailers,CORE,Retail,43-3031,15790,22
445000,Food and Beverage Retailers,CORE,Retail,35-2015,10530,23
445000,Food and Beverage Retailers,CORE,Retail,35-2011,9420,24
445000,Food and Beverage Retailers,CORE,Retail,27-1023,8410,25
445000,Food and Beverage Retailers,CORE,Retail,35-2014,8310,26
445000,Food and Beverage Retailers,CORE,Retail,53-3031,8280,27
445000,Food and Beverage Retailers,CORE,Retail,41-9011,8160,28
445000,Food and Beverage Retailers,CORE,Retail,13-1151,7440,29
445000,Food and Beverage Retailers,CORE,Retail,53-6031,6890,30
445000,Food and Beverage Retailers,CORE,Retail,11-2022,6870,31
445000,Food and Beverage Retailers,CORE,Retail,35-9021,6750,32
445000,Food and Beverage Retailers,CORE,Retail,49-9071,6670,33
445000,Food and Beverage Retailers,CORE,Retail,43-4151,6410,34
445000,Food and Beverage Retailers,CORE,Retail,53-3033,6260,35
445000,Food and Beverage Retailers,CORE,Retail,13-1020,6110,36
445000,Food and Beverage Retailers,CORE,Retail,43-6014,5180,37
445000,Food and Beverage Retailers,CORE,Retail,41-9099,5090,38
445000,Food and Beverage Retailers,CORE,Retail,35-3011,4480,39
449000,"Furniture, Home Furnishings, Electronics, and Appliance Retailers",CORE,Retail,41-2031,265280,0
449000,"Furniture, Home Furnishings, Electronics, and Appliance Retailers",CORE,Retail,41-3091,79880,1
449000,"Furniture, Home Furnishings, Electronics, and Appliance Retailers",CORE,Retail,41-1011,38840,2
449000,"Furniture, Home Furnishings, Electronics, and Appliance Retailers",CORE,Retail,11-1021,29330,3
449000,"Furniture, Home Furnishings, Electronics, and Appliance Retailers",CORE,Retail,53-7062,27370,4
449000,"Furniture, Home Furnishings, Electronics, and Appliance Retailers",CORE,Retail,43-5071,25210,5
449000,"Furniture, Home Furnishings, Electronics, and Appliance Retailers",CORE,Retail,41-1012,19580,6
449000,"Furniture, Home Furnishings, Electronics, and Appliance Retailers",CORE,Retail,53-3033,19280,7
449000,"Furniture, Home Furnishings, Electronics, and Appliance Retailers",CORE,Retail,43-4051,17880,8
449000,"Furniture, Home Furnishings, Electronics, and Appliance Retailers",CORE,Retail,49-2011,17740,9
449000,"Furniture, Home Furnishings, Electronics, and Appliance Retailers",CORE,Retail,53-7065,17010,10
449000,"Furniture, Home Furnishings, Electronics, and Appliance Retailers",CORE,Retail,43-9061,14970,11
449000,"Furniture, Home Furnishings, Electronics, and Appliance Retailers",CORE,Retail,41-2011,13320,12
449000,"Furniture, Home Furnishings, Electronics, and Appliance Retailers",CORE,Retail,11-2022,10570,13
449000,"Furniture, Home Furnishings, Electronics, and Appliance Retailers",CORE,Retail,43-3031,9360,14
449000,"Furniture, Home Furnishings, Electronics, and Appliance Retailers",CORE,Retail,49-9031,8520,15
449000,"Furniture, Home Furnishings, Electronics, and Appliance Retailers",CORE,Retail,41-4012,8410,16
449000,"Furniture, Home Furnishings, Electronics, and Appliance Retailers",CORE,Retail,43-1011,7590,17
449000,"Furniture, Home Furnishings, Electronics, and Appliance Retailers",CORE,Retail,49-2097,7190,18
449000,"Furniture, Home Furnishings, Electronics, and Appliance Retailers",CORE,Retail,27-1025,6730,19
449000,"Furniture, Home Furnishings, Electronics, and Appliance Retailers",CORE,Retail,43-6014,6320,20
449000,"Furniture, Home Furnishings, Electronics, and Appliance Retailers",CORE,Retail,53-1047,5630,21
449000,"Furniture, Home Furnishings, Electronics, and Appliance Retailers",CORE,Retail,27-1026,5390,22
449000,"Furniture, Home Furnishings, Electronics, and Appliance Retailers",CORE,Retail,47-2041,4940,23
449000,"Furniture, Home Furnishings, Electronics, and Appliance Retailers",CORE,Retail,49-9099,4170,24
449000,"Furniture, Home Furnishings, Electronics, and Appliance Retailers",CORE,Retail,37-2011,3240,25
449000,"Furniture, Home Furnishings, Electronics, and Appliance Retailers",CORE,Retail,13-2011,3160,26
449000,"Furniture, Home Furnishings, Electronics, and Appliance Retailers",CORE,Retail,51-2090,2960,27
449000,"Furniture, Home Furnishings, Electronics, and Appliance Retailers",CORE,Retail,13-1161,2930,28
449000,"Furniture, Home Furnishings, Electronics, and Appliance Retailers",CORE,Retail,13-1020,2860,29
449000,"Furniture, Home Furnishings, Electronics, and Appliance Retailers",CORE,Retail,13-1082,2670,30
449000,"Furniture, Home Furnishings, Electronics, and Appliance Retailers",CORE,Retail,49-1011,2520,31
449000,"Furniture, Home Furnishings, Electronics, and Appliance Retailers",CORE,Retail,11-9199,2200,32
449000,"Furniture, Home Furnishings, Electronics, and Appliance Retailers",CORE,Retail,41-9099,2030,33
449000,"Furniture, Home Furnishings, Electronics, and Appliance Retailers",CORE,Retail,49-9071,2010,34
449000,"Furniture, Home Furnishings, Electronics, and Appliance Retailers",CORE,Retail,13-1199,1930,35
449000,"Furniture, Home Furnishings, Electronics, and Appliance Retailers",CORE,Retail,53-3032,1920,36
449000,"Furniture, Home Furnishings, Electronics, and Appliance Retailers",CORE,Retail,53-3031,1880,37
449000,"Furniture, Home Furnishings, Electronics, and Appliance Retailers",CORE,Retail,53-7051,1870,38
449000,"Furniture, Home Furnishings, Electronics, and Appliance Retailers",CORE,Retail,47-2042,1870,39
455000,General Merchandise Retailers,CORE,Retail,53-7065,871910,0
455000,General Merchandise Retailers,CORE,Retail,41-2031,795090,1
455000,General Merchandise Retailers,CORE,Retail,41-2011,496330,2
455000,General Merchandise Retailers,CORE,Retail,41-1011,207480,3
455000,General Merchandise Retailers,CORE,Retail,43-4051,135600,4
455000,General Merchandise Retailers,CORE,Retail,53-7062,94590,5
455000,General Merchandise Retailers,CORE,Retail,37-2011,57830,6
455000,General Merchandise Retailers,CORE,Retail,33-9032,51740,7
455000,General Merchandise Retailers,CORE,Retail,11-1021,45860,8
455000,General Merchandise Retailers,CORE,Retail,29-2052,44530,9
455000,General Merchandise Retailers,CORE,Retail,53-7064,42240,10
455000,General Merchandise Retailers,CORE,Retail,35-3023,30640,11
455000,General Merchandise Retailers,CORE,Retail,35-2021,28080,12
455000,General Merchandise Retailers,CORE,Retail,53-7051,21040,13
455000,General Merchandise Retailers,CORE,Retail,29-1051,20690,14
455000,General Merchandise Retailers,CORE,Retail,27-1026,20690,15
455000,General Merchandise Retailers,CORE,Retail,43-5071,18970,16
455000,General Merchandise Retailers,CORE,Retail,29-2081,17520,17
455000,General Merchandise Retailers,CORE,Retail,39-5012,17460,18
455000,General Merchandise Retailers,CORE,Retail,53-1047,15630,19
455000,General Merchandise Retailers,CORE,Retail,13-1161,15010,20
455000,General Merchandise Retailers,CORE,Retail,51-3011,13750,21
455000,General Merchandise Retailers,CORE,Retail,51-3021,12650,22
455000,General Merchandise Retailers,CORE,Retail,33-9021,12290,23
455000,General Merchandise Retailers,CORE,Retail,43-1011,12280,24
455000,General Merchandise Retailers,CORE,Retail,13-1071,11460,25
455000,General Merchandise Retailers,CORE,Retail,49-3093,10240,26
455000,General Merchandise Retailers,CORE,Retail,11-2022,6660,27
455000,General Merchandise Retailers,CORE,Retail,13-1151,6490,28
455000,General Merchandise Retailers,CORE,Retail,43-9061,6380,29
455000,General Merchandise Retailers,CORE,Retail,49-9071,5980,30
455000,General Merchandise Retailers,CORE,Retail,41-2021,5050,31
455000,General Merchandise Retailers,CORE,Retail,53-6031,4890,32
455000,General Merchandise Retailers,CORE,Retail,29-2092,3640,33
455000,General Merchandise Retailers,CORE,Retail,51-9198,3540,34
455000,General Merchandise Retailers,CORE,Retail,43-6014,3290,35
455000,General Merchandise Retailers,CORE,Retail,41-9099,3130,36
455000,General Merchandise Retailers,CORE,Retail,13-1199,3110,37
455000,General Merchandise Retailers,CORE,Retail,43-3031,2800,38
455000,General Merchandise Retailers,CORE,Retail,33-1091,2470,39
456000,Health and Personal Care Retailers,CORE,Retail,29-2052,245060,0
456000,Health and Personal Care Retailers,CORE,Retail,41-2031,179090,1
456000,Health and Personal Care Retailers,CORE,Retail,41-2011,136860,2
456000,Health and Personal Care Retailers,CORE,Retail,29-1051,121990,3
456000,Health and Personal Care Retailers,CORE,Retail,11-1021,44010,4
456000,Health and Personal Care Retailers,CORE,Retail,41-1011,38390,5
456000,Health and Personal Care Retailers,CORE,Retail,53-7065,36080,6
456000,Health and Personal Care Retailers,CORE,Retail,31-9095,27330,7
456000,Health and Personal Care Retailers,CORE,Retail,43-4051,22190,8
456000,Health and Personal Care Retailers,CORE,Retail,29-2081,15430,9
456000,Health and Personal Care Retailers,CORE,Retail,53-3033,14490,10
456000,Health and Personal Care Retailers,CORE,Retail,39-5012,13410,11
456000,Health and Personal Care Retailers,CORE,Retail,43-9061,12010,12
456000,Health and Personal Care Retailers,CORE,Retail,43-5071,9850,13
456000,Health and Personal Care Retailers,CORE,Retail,43-4171,7890,14
456000,Health and Personal Care Retailers,CORE,Retail,43-1011,6720,15
456000,Health and Personal Care Retailers,CORE,Retail,11-9111,6300,16
456000,Health and Personal Care Retailers,CORE,Retail,43-3031,5720,17
456000,Health and Personal Care Retailers,CORE,Retail,53-3031,5720,18
456000,Health and Personal Care Retailers,CORE,Retail,43-3021,5390,19
456000,Health and Personal Care Retailers,CORE,Retail,11-2022,5160,20
456000,Health and Personal Care Retailers,CORE,Retail,51-9083,4500,21
456000,Health and Personal Care Retailers,CORE,Retail,13-1161,3960,22
456000,Health and Personal Care Retailers,CORE,Retail,53-7062,3950,23
456000,Health and Personal Care Retailers,CORE,Retail,29-1141,3950,24
456000,Health and Personal Care Retailers,CORE,Retail,29-2092,3820,25
456000,Health and Personal Care Retailers,CORE,Retail,49-9062,3760,26
456000,Health and Personal Care Retailers,CORE,Retail,39-5094,3530,27
456000,Health and Personal Care Retailers,CORE,Retail,43-6014,3480,28
456000,Health and Personal Care Retailers,CORE,Retail,41-4012,3430,29
456000,Health and Personal Care Retailers,CORE,Retail,13-1199,3240,30
456000,Health and Personal Care Retailers,CORE,Retail,53-1047,2720,31
456000,Health and Personal Care Retailers,CORE,Retail,29-2057,2630,32
456000,Health and Personal Care Retailers,CORE,Retail,41-9099,2380,33
456000,Health and Personal Care Retailers,CORE,Retail,13-1020,2230,34
456000,Health and Personal Care Retailers,CORE,Retail,43-6013,2020,35
456000,Health and Personal Care Retailers,CORE,Retail,43-9041,1990,36
456000,Health and Personal Care Retailers,CORE,Retail,13-2011,1810,37
456000,Health and Personal Care Retailers,CORE,Retail,43-4151,1710,38
456000,Health and Personal Care Retailers,CORE,Retail,43-9021,1710,39
457000,Gasoline Stations and Fuel Dealers,CORE,Retail,41-2011,589470,0
457000,Gasoline Stations and Fuel Dealers,CORE,Retail,41-1011,101810,1
457000,Gasoline Stations and Fuel Dealers,CORE,Retail,41-2031,56210,2
457000,Gasoline Stations and Fuel Dealers,CORE,Retail,35-3023,42690,3
457000,Gasoline Stations and Fuel Dealers,CORE,Retail,11-1021,35810,4
457000,Gasoline Stations and Fuel Dealers,CORE,Retail,53-3032,22210,5
457000,Gasoline Stations and Fuel Dealers,CORE,Retail,35-2021,19090,6
457000,Gasoline Stations and Fuel Dealers,CORE,Retail,53-6031,18880,7
457000,Gasoline Stations and Fuel Dealers,CORE,Retail,43-4051,11980,8
457000,Gasoline Stations and Fuel Dealers,CORE,Retail,53-7065,11090,9
457000,Gasoline Stations and Fuel Dealers,CORE,Retail,35-1012,9660,10
457000,Gasoline Stations and Fuel Dealers,CORE,Retail,49-9021,8480,11
457000,Gasoline Stations and Fuel Dealers,CORE,Retail,43-9061,8380,12
457000,Gasoline Stations and Fuel Dealers,CORE,Retail,35-2015,7600,13
457000,Gasoline Stations and Fuel Dealers,CORE,Retail,49-3023,7050,14
457000,Gasoline Stations and Fuel Dealers,CORE,Retail,37-2011,7030,15
457000,Gasoline Stations and Fuel Dealers,CORE,Retail,49-9071,6560,16
457000,Gasoline Stations and Fuel Dealers,CORE,Retail,43-3031,5710,17
457000,Gasoline Stations and Fuel Dealers,CORE,Retail,35-2011,5440,18
457000,Gasoline Stations and Fuel Dealers,CORE,Retail,53-3031,4690,19
457000,Gasoline Stations and Fuel Dealers,CORE,Retail,53-7061,4460,20
457000,Gasoline Stations and Fuel Dealers,CORE,Retail,49-3031,3930,21
457000,Gasoline Stations and Fuel Dealers,CORE,Retail,53-7062,3330,22
457000,Gasoline Stations and Fuel Dealers,CORE,Retail,43-6014,3270,23
457000,Gasoline Stations and Fuel Dealers,CORE,Retail,43-1011,3040,24
457000,Gasoline Stations and Fuel Dealers,CORE,Retail,49-1011,2680,25
457000,Gasoline Stations and Fuel Dealers,CORE,Retail,11-2022,2430,26
457000,Gasoline Stations and Fuel Dealers,CORE,Retail,53-3033,2240,27
457000,Gasoline Stations and Fuel Dealers,CORE,Retail,35-3031,2060,28
457000,Gasoline Stations and Fuel Dealers,CORE,Retail,35-2014,1970,29
457000,Gasoline Stations and Fuel Dealers,CORE,Retail,49-9099,1940,30
457000,Gasoline Stations and Fuel Dealers,CORE,Retail,41-2021,1830,31
457000,Gasoline Stations and Fuel Dealers,CORE,Retail,43-5032,1480,32
457000,Gasoline Stations and Fuel Dealers,CORE,Retail,13-2011,1470,33
457000,Gasoline Stations and Fuel Dealers,CORE,Retail,35-2012,1400,34
457000,Gasoline Stations and Fuel Dealers,CORE,Retail,13-1151,1370,35
457000,Gasoline Stations and Fuel Dealers,CORE,Retail,43-5071,1230,36
457000,Gasoline Stations and Fuel Dealers,CORE,Retail,41-3091,1070,37
457000,Gasoline Stations and Fuel Dealers,CORE,Retail,43-5061,910,38
457000,Gasoline Stations and Fuel Dealers,CORE,Retail,35-9099,710,39
458000,"Clothing, Clothing Accessories, Shoe, and Jewelry Retailers",CORE,Retail,41-2031,688310,0
458000,"Clothing, Clothing Accessories, Shoe, and Jewelry Retailers",CORE,Retail,41-1011,122930,1
458000,"Clothing, Clothing Accessories, Shoe, and Jewelry Retailers",CORE,Retail,41-2011,75140,2
458000,"Clothing, Clothing Accessories, Shoe, and Jewelry Retailers",CORE,Retail,11-1021,53420,3
458000,"Clothing, Clothing Accessories, Shoe, and Jewelry Retailers",CORE,Retail,53-7065,39160,4
458000,"Clothing, Clothing Accessories, Shoe, and Jewelry Retailers",CORE,Retail,43-5071,19680,5
458000,"Clothing, Clothing Accessories, Shoe, and Jewelry Retailers",CORE,Retail,51-9071,12070,6
458000,"Clothing, Clothing Accessories, Shoe, and Jewelry Retailers",CORE,Retail,43-4051,11900,7
458000,"Clothing, Clothing Accessories, Shoe, and Jewelry Retailers",CORE,Retail,11-2022,10850,8
458000,"Clothing, Clothing Accessories, Shoe, and Jewelry Retailers",CORE,Retail,43-9061,7860,9
458000,"Clothing, Clothing Accessories, Shoe, and Jewelry Retailers",CORE,Retail,53-7062,6890,10
458000,"Clothing, Clothing Accessories, Shoe, and Jewelry Retailers",CORE,Retail,33-9032,6790,11
458000,"Clothing, Clothing Accessories, Shoe, and Jewelry Retailers",CORE,Retail,27-1022,5940,12
458000,"Clothing, Clothing Accessories, Shoe, and Jewelry Retailers",CORE,Retail,13-1161,5640,13
458000,"Clothing, Clothing Accessories, Shoe, and Jewelry Retailers",CORE,Retail,27-1026,5600,14
458000,"Clothing, Clothing Accessories, Shoe, and Jewelry Retailers",CORE,Retail,43-3031,5230,15
458000,"Clothing, Clothing Accessories, Shoe, and Jewelry Retailers",CORE,Retail,13-1020,5080,16
458000,"Clothing, Clothing Accessories, Shoe, and Jewelry Retailers",CORE,Retail,51-6052,4680,17
458000,"Clothing, Clothing Accessories, Shoe, and Jewelry Retailers",CORE,Retail,41-4012,4280,18
458000,"Clothing, Clothing Accessories, Shoe, and Jewelry Retailers",CORE,Retail,53-7064,3870,19
458000,"Clothing, Clothing Accessories, Shoe, and Jewelry Retailers",CORE,Retail,43-1011,3440,20
458000,"Clothing, Clothing Accessories, Shoe, and Jewelry Retailers",CORE,Retail,51-6031,3380,21
458000,"Clothing, Clothing Accessories, Shoe, and Jewelry Retailers",CORE,Retail,13-1199,2930,22
458000,"Clothing, Clothing Accessories, Shoe, and Jewelry Retailers",CORE,Retail,41-9099,2900,23
458000,"Clothing, Clothing Accessories, Shoe, and Jewelry Retailers",CORE,Retail,43-6014,2190,24
458000,"Clothing, Clothing Accessories, Shoe, and Jewelry Retailers",CORE,Retail,13-2011,2110,25
458000,"Clothing, Clothing Accessories, Shoe, and Jewelry Retailers",CORE,Retail,53-1047,1890,26
458000,"Clothing, Clothing Accessories, Shoe, and Jewelry Retailers",CORE,Retail,27-1024,1850,27
458000,"Clothing, Clothing Accessories, Shoe, and Jewelry Retailers",CORE,Retail,27-3031,1730,28
458000,"Clothing, Clothing Accessories, Shoe, and Jewelry Retailers",CORE,Retail,11-2021,1630,29
458000,"Clothing, Clothing Accessories, Shoe, and Jewelry Retailers",CORE,Retail,11-9199,1440,30
458000,"Clothing, Clothing Accessories, Shoe, and Jewelry Retailers",CORE,Retail,49-9071,1320,31
458000,"Clothing, Clothing Accessories, Shoe, and Jewelry Retailers",CORE,Retail,41-3091,1240,32
458000,"Clothing, Clothing Accessories, Shoe, and Jewelry Retailers",CORE,Retail,37-2011,1170,33
458000,"Clothing, Clothing Accessories, Shoe, and Jewelry Retailers",CORE,Retail,13-1071,1030,34
458000,"Clothing, Clothing Accessories, Shoe, and Jewelry Retailers",CORE,Retail,51-1011,1010,35
458000,"Clothing, Clothing Accessories, Shoe, and Jewelry Retailers",CORE,Retail,11-3071,940,36
458000,"Clothing, Clothing Accessories, Shoe, and Jewelry Retailers",CORE,Retail,43-5061,890,37
458000,"Clothing, Clothing Accessories, Shoe, and Jewelry Retailers",CORE,Retail,43-6011,810,38
458000,"Clothing, Clothing Accessories, Shoe, and Jewelry Retailers",CORE,Retail,33-9099,790,39
459000,"Sporting Goods, Hobby, Musical Instrument, Book, and Miscellaneous Retailers",CORE,Retail,41-2031,611950,0
459000,"Sporting Goods, Hobby, Musical Instrument, Book, and Miscellaneous Retailers",CORE,Retail,41-2011,132370,1
459000,"Sporting Goods, Hobby, Musical Instrument, Book, and Miscellaneous Retailers",CORE,Retail,41-1011,121590,2
459000,"Sporting Goods, Hobby, Musical Instrument, Book, and Miscellaneous Retailers",CORE,Retail,11-1021,72730,3
459000,"Sporting Goods, Hobby, Musical Instrument, Book, and Miscellaneous Retailers",CORE,Retail,53-7065,60000,4
459000,"Sporting Goods, Hobby, Musical Instrument, Book, and Miscellaneous Retailers",CORE,Retail,39-2021,32510,5
459000,"Sporting Goods, Hobby, Musical Instrument, Book, and Miscellaneous Retailers",CORE,Retail,53-7062,31890,6
459000,"Sporting Goods, Hobby, Musical Instrument, Book, and Miscellaneous Retailers",CORE,Retail,43-4051,30830,7
459000,"Sporting Goods, Hobby, Musical Instrument, Book, and Miscellaneous Retailers",CORE,Retail,27-1023,26820,8
459000,"Sporting Goods, Hobby, Musical Instrument, Book, and Miscellaneous Retailers",CORE,Retail,43-5071,26130,9
459000,"Sporting Goods, Hobby, Musical Instrument, Book, and Miscellaneous Retailers",CORE,Retail,43-9061,18720,10
459000,"Sporting Goods, Hobby, Musical Instrument, Book, and Miscellaneous Retailers",CORE,Retail,53-3033,14690,11
459000,"Sporting Goods, Hobby, Musical Instrument, Book, and Miscellaneous Retailers",CORE,Retail,43-3031,12590,12
459000,"Sporting Goods, Hobby, Musical Instrument, Book, and Miscellaneous Retailers",CORE,Retail,49-9099,10840,13
459000,"Sporting Goods, Hobby, Musical Instrument, Book, and Miscellaneous Retailers",CORE,Retail,11-2022,10800,14
459000,"Sporting Goods, Hobby, Musical Instrument, Book, and Miscellaneous Retailers",CORE,Retail,41-4012,10580,15
459000,"Sporting Goods, Hobby, Musical Instrument, Book, and Miscellaneous Retailers",CORE,Retail,49-3091,9970,16
459000,"Sporting Goods, Hobby, Musical Instrument, Book, and Miscellaneous Retailers",CORE,Retail,51-2090,9800,17
459000,"Sporting Goods, Hobby, Musical Instrument, Book, and Miscellaneous Retailers",CORE,Retail,25-3021,9710,18
459000,"Sporting Goods, Hobby, Musical Instrument, Book, and Miscellaneous Retailers",CORE,Retail,13-1020,8780,19
459000,"Sporting Goods, Hobby, Musical Instrument, Book, and Miscellaneous Retailers",CORE,Retail,35-3023,8690,20
459000,"Sporting Goods, Hobby, Musical Instrument, Book, and Miscellaneous Retailers",CORE,Retail,13-1161,8000,21
459000,"Sporting Goods, Hobby, Musical Instrument, Book, and Miscellaneous Retailers",CORE,Retail,43-1011,7770,22
459000,"Sporting Goods, Hobby, Musical Instrument, Book, and Miscellaneous Retailers",CORE,Retail,41-2021,7220,23
459000,"Sporting Goods, Hobby, Musical Instrument, Book, and Miscellaneous Retailers",CORE,Retail,43-6014,7140,24
459000,"Sporting Goods, Hobby, Musical Instrument, Book, and Miscellaneous Retailers",CORE,Retail,49-9071,7130,25
459000,"Sporting Goods, Hobby, Musical Instrument, Book, and Miscellaneous Retailers",CORE,Retail,53-7064,7110,26
459000,"Sporting Goods, Hobby, Musical Instrument, Book, and Miscellaneous Retailers",CORE,Retail,45-2092,6980,27
459000,"Sporting Goods, Hobby, Musical Instrument, Book, and Miscellaneous Retailers",CORE,Retail,41-9099,6660,28
459000,"Sporting Goods, Hobby, Musical Instrument, Book, and Miscellaneous Retailers",CORE,Retail,37-2011,6450,29
459000,"Sporting Goods, Hobby, Musical Instrument, Book, and Miscellaneous Retailers",CORE,Retail,53-1047,6000,30
459000,"Sporting Goods, Hobby, Musical Instrument, Book, and Miscellaneous Retailers",CORE,Retail,53-3031,5810,31
459000,"Sporting Goods, Hobby, Musical Instrument, Book, and Miscellaneous Retailers",CORE,Retail,41-3091,5100,32
459000,"Sporting Goods, Hobby, Musical Instrument, Book, and Miscellaneous Retailers",CORE,Retail,13-2011,4300,33
459000,"Sporting Goods, Hobby, Musical Instrument, Book, and Miscellaneous Retailers",CORE,Retail,27-1026,4120,34
459000,"Sporting Goods, Hobby, Musical Instrument, Book, and Miscellaneous Retailers",CORE,Retail,33-9032,3910,35
459000,"Sporting Goods, Hobby, Musical Instrument, Book, and Miscellaneous Retailers",CORE,Retail,27-1024,3750,36
459000,"Sporting Goods, Hobby, Musical Instrument, Book, and Miscellaneous Retailers",CORE,Retail,13-1199,3680,37
459000,"Sporting Goods, Hobby, Musical Instrument, Book, and Miscellaneous Retailers",CORE,Retail,49-9063,3510,38
459000,"Sporting Goods, Hobby, Musical Instrument, Book, and Miscellaneous Retailers",CORE,Retail,51-9061,3380,39
481000,Air Transportation,CORE,Logistics & Transportation,53-2031,129740,0
481000,Air Transportation,CORE,Logistics & Transportation,53-2011,91010,1
481000,Air Transportation,CORE,Logistics & Transportation,43-4181,76100,2
481000,Air Transportation,CORE,Logistics & Transportation,53-7062,42360,3
481000,Air Transportation,CORE,Logistics & Transportation,49-3011,35890,4
481000,Air Transportation,CORE,Logistics & Transportation,53-7051,24000,5
481000,Air Transportation,CORE,Logistics & Transportation,43-4051,19950,6
481000,Air Transportation,CORE,Logistics & Transportation,53-2012,19530,7
481000,Air Transportation,CORE,Logistics & Transportation,43-1011,15510,8
481000,Air Transportation,CORE,Logistics & Transportation,43-5011,8880,9
481000,Air Transportation,CORE,Logistics & Transportation,53-6032,7750,10
481000,Air Transportation,CORE,Logistics & Transportation,53-2022,6280,11
481000,Air Transportation,CORE,Logistics & Transportation,53-1047,5270,12
481000,Air Transportation,CORE,Logistics & Transportation,53-7065,4820,13
481000,Air Transportation,CORE,Logistics & Transportation,11-3071,3780,14
481000,Air Transportation,CORE,Logistics & Transportation,11-1021,3650,15
481000,Air Transportation,CORE,Logistics & Transportation,53-1041,3550,16
481000,Air Transportation,CORE,Logistics & Transportation,49-1011,3370,17
481000,Air Transportation,CORE,Logistics & Transportation,41-3091,2900,18
481000,Air Transportation,CORE,Logistics & Transportation,43-5061,2540,19
481000,Air Transportation,CORE,Logistics & Transportation,43-9061,2440,20
481000,Air Transportation,CORE,Logistics & Transportation,13-1151,2270,21
481000,Air Transportation,CORE,Logistics & Transportation,13-1071,2150,22
481000,Air Transportation,CORE,Logistics & Transportation,13-2011,1900,23
481000,Air Transportation,CORE,Logistics & Transportation,43-5071,1710,24
481000,Air Transportation,CORE,Logistics & Transportation,53-6051,1530,25
481000,Air Transportation,CORE,Logistics & Transportation,49-2091,1460,26
481000,Air Transportation,CORE,Logistics & Transportation,43-5032,1400,27
481000,Air Transportation,CORE,Logistics & Transportation,49-9071,1390,28
481000,Air Transportation,CORE,Logistics & Transportation,43-6014,1320,29
481000,Air Transportation,CORE,Logistics & Transportation,43-3031,1310,30
481000,Air Transportation,CORE,Logistics & Transportation,13-1199,1110,31
481000,Air Transportation,CORE,Logistics & Transportation,13-1041,1110,32
481000,Air Transportation,CORE,Logistics & Transportation,11-9199,1070,33
481000,Air Transportation,CORE,Logistics & Transportation,53-7061,1030,34
481000,Air Transportation,CORE,Logistics & Transportation,13-1020,910,35
481000,Air Transportation,CORE,Logistics & Transportation,11-3031,850,36
481000,Air Transportation,CORE,Logistics & Transportation,13-1081,830,37
481000,Air Transportation,CORE,Logistics & Transportation,13-1082,800,38
481000,Air Transportation,CORE,Logistics & Transportation,49-3031,780,39
482000,Rail Transportation,CORE,Logistics & Transportation,53-4031,40760,0
482000,Rail Transportation,CORE,Logistics & Transportation,53-4011,31840,1
482000,Rail Transportation,CORE,Logistics & Transportation,47-4061,12360,2
482000,Rail Transportation,CORE,Logistics & Transportation,49-3043,11110,3
482000,Rail Transportation,CORE,Logistics & Transportation,53-4022,9620,4
482000,Rail Transportation,CORE,Logistics & Transportation,49-9097,6460,5
482000,Rail Transportation,CORE,Logistics & Transportation,49-1011,5940,6
482000,Rail Transportation,CORE,Logistics & Transportation,47-1011,4690,7
482000,Rail Transportation,CORE,Logistics & Transportation,53-1047,3890,8
482000,Rail Transportation,CORE,Logistics & Transportation,51-4041,3440,9
482000,Rail Transportation,CORE,Logistics & Transportation,47-2111,3300,10
482000,Rail Transportation,CORE,Logistics & Transportation,51-4121,3290,11
482000,Rail Transportation,CORE,Logistics & Transportation,11-3071,2740,12
482000,Rail Transportation,CORE,Logistics & Transportation,11-1021,2330,13
482000,Rail Transportation,CORE,Logistics & Transportation,53-4013,2290,14
482000,Rail Transportation,CORE,Logistics & Transportation,49-2093,2260,15
482000,Rail Transportation,CORE,Logistics & Transportation,53-7061,1880,16
482000,Rail Transportation,CORE,Logistics & Transportation,53-6051,1670,17
482000,Rail Transportation,CORE,Logistics & Transportation,53-7062,1650,18
482000,Rail Transportation,CORE,Logistics & Transportation,43-5032,1530,19
482000,Rail Transportation,CORE,Logistics & Transportation,49-3031,1500,20
482000,Rail Transportation,CORE,Logistics & Transportation,53-3032,1300,21
482000,Rail Transportation,CORE,Logistics & Transportation,43-9061,1140,22
482000,Rail Transportation,CORE,Logistics & Transportation,43-1011,1090,23
482000,Rail Transportation,CORE,Logistics & Transportation,43-4051,1080,24
482000,Rail Transportation,CORE,Logistics & Transportation,47-2073,990,25
482000,Rail Transportation,CORE,Logistics & Transportation,53-6061,900,26
482000,Rail Transportation,CORE,Logistics & Transportation,43-4181,900,27
482000,Rail Transportation,CORE,Logistics & Transportation,13-2011,850,28
482000,Rail Transportation,CORE,Logistics & Transportation,13-1151,730,29
482000,Rail Transportation,CORE,Logistics & Transportation,49-9071,720,30
482000,Rail Transportation,CORE,Logistics & Transportation,13-1199,650,31
482000,Rail Transportation,CORE,Logistics & Transportation,13-1082,650,32
482000,Rail Transportation,CORE,Logistics & Transportation,43-3031,650,33
482000,Rail Transportation,CORE,Logistics & Transportation,37-2011,630,34
482000,Rail Transportation,CORE,Logistics & Transportation,11-3031,610,35
482000,Rail Transportation,CORE,Logistics & Transportation,47-2031,600,36
482000,Rail Transportation,CORE,Logistics & Transportation,33-3052,580,37
482000,Rail Transportation,CORE,Logistics & Transportation,47-2211,540,38
482000,Rail Transportation,CORE,Logistics & Transportation,11-3013,530,39
483000,Water Transportation,CORE,Logistics & Transportation,53-5021,14610,0
483000,Water Transportation,CORE,Logistics & Transportation,53-5011,13540,1
483000,Water Transportation,CORE,Logistics & Transportation,43-4051,5270,2
483000,Water Transportation,CORE,Logistics & Transportation,53-5031,3700,3
483000,Water Transportation,CORE,Logistics & Transportation,53-7062,1700,4
483000,Water Transportation,CORE,Logistics & Transportation,11-1021,1660,5
483000,Water Transportation,CORE,Logistics & Transportation,41-3041,1640,6
483000,Water Transportation,CORE,Logistics & Transportation,43-5011,1230,7
483000,Water Transportation,CORE,Logistics & Transportation,53-3032,1180,8
483000,Water Transportation,CORE,Logistics & Transportation,53-1047,1150,9
483000,Water Transportation,CORE,Logistics & Transportation,11-3071,1130,10
483000,Water Transportation,CORE,Logistics & Transportation,43-1011,890,11
483000,Water Transportation,CORE,Logistics & Transportation,13-2011,790,12
483000,Water Transportation,CORE,Logistics & Transportation,43-9061,780,13
483000,Water Transportation,CORE,Logistics & Transportation,41-3091,760,14
483000,Water Transportation,CORE,Logistics & Transportation,53-6099,740,15
483000,Water Transportation,CORE,Logistics & Transportation,49-3031,710,16
483000,Water Transportation,CORE,Logistics & Transportation,13-1161,690,17
483000,Water Transportation,CORE,Logistics & Transportation,39-6012,680,18
483000,Water Transportation,CORE,Logistics & Transportation,43-4181,670,19
483000,Water Transportation,CORE,Logistics & Transportation,49-9071,650,20
483000,Water Transportation,CORE,Logistics & Transportation,53-7121,560,21
483000,Water Transportation,CORE,Logistics & Transportation,43-3031,560,22
483000,Water Transportation,CORE,Logistics & Transportation,35-2012,500,23
483000,Water Transportation,CORE,Logistics & Transportation,11-3031,490,24
483000,Water Transportation,CORE,Logistics & Transportation,11-2022,480,25
483000,Water Transportation,CORE,Logistics & Transportation,13-1081,460,26
483000,Water Transportation,CORE,Logistics & Transportation,11-9199,440,27
483000,Water Transportation,CORE,Logistics & Transportation,13-1071,420,28
483000,Water Transportation,CORE,Logistics & Transportation,13-1199,390,29
483000,Water Transportation,CORE,Logistics & Transportation,43-5032,390,30
483000,Water Transportation,CORE,Logistics & Transportation,43-6014,380,31
483000,Water Transportation,CORE,Logistics & Transportation,13-1020,370,32
483000,Water Transportation,CORE,Logistics & Transportation,49-3051,360,33
483000,Water Transportation,CORE,Logistics & Transportation,17-2121,310,34
483000,Water Transportation,CORE,Logistics & Transportation,11-2021,310,35
483000,Water Transportation,CORE,Logistics & Transportation,51-4121,280,36
483000,Water Transportation,CORE,Logistics & Transportation,13-1111,270,37
483000,Water Transportation,CORE,Logistics & Transportation,43-5071,260,38
483000,Water Transportation,CORE,Logistics & Transportation,53-7051,260,39
484000,Truck Transportation,CORE,Logistics & Transportation,53-3032,900880,0
484000,Truck Transportation,CORE,Logistics & Transportation,53-7062,98480,1
484000,Truck Transportation,CORE,Logistics & Transportation,49-3031,56870,2
484000,Truck Transportation,CORE,Logistics & Transportation,53-3033,44960,3
484000,Truck Transportation,CORE,Logistics & Transportation,53-1047,40580,4
484000,Truck Transportation,CORE,Logistics & Transportation,11-1021,38520,5
484000,Truck Transportation,CORE,Logistics & Transportation,43-9061,36770,6
484000,Truck Transportation,CORE,Logistics & Transportation,43-5032,34890,7
484000,Truck Transportation,CORE,Logistics & Transportation,53-7051,20850,8
484000,Truck Transportation,CORE,Logistics & Transportation,11-3071,17860,9
484000,Truck Transportation,CORE,Logistics & Transportation,43-3031,16270,10
484000,Truck Transportation,CORE,Logistics & Transportation,41-3091,13910,11
484000,Truck Transportation,CORE,Logistics & Transportation,43-4051,13670,12
484000,Truck Transportation,CORE,Logistics & Transportation,43-6014,13540,13
484000,Truck Transportation,CORE,Logistics & Transportation,53-3031,9920,14
484000,Truck Transportation,CORE,Logistics & Transportation,43-1011,9650,15
484000,Truck Transportation,CORE,Logistics & Transportation,13-1071,6690,16
484000,Truck Transportation,CORE,Logistics & Transportation,13-1081,6370,17
484000,Truck Transportation,CORE,Logistics & Transportation,49-1011,5940,18
484000,Truck Transportation,CORE,Logistics & Transportation,43-3021,5840,19
484000,Truck Transportation,CORE,Logistics & Transportation,13-2011,5210,20
484000,Truck Transportation,CORE,Logistics & Transportation,43-5011,4990,21
484000,Truck Transportation,CORE,Logistics & Transportation,19-5011,4290,22
484000,Truck Transportation,CORE,Logistics & Transportation,43-5071,4230,23
484000,Truck Transportation,CORE,Logistics & Transportation,49-9071,4170,24
484000,Truck Transportation,CORE,Logistics & Transportation,53-7061,3490,25
484000,Truck Transportation,CORE,Logistics & Transportation,43-5061,3350,26
484000,Truck Transportation,CORE,Logistics & Transportation,37-2011,3320,27
484000,Truck Transportation,CORE,Logistics & Transportation,47-2073,3210,28
484000,Truck Transportation,CORE,Logistics & Transportation,13-1199,3080,29
484000,Truck Transportation,CORE,Logistics & Transportation,53-7065,2830,30
484000,Truck Transportation,CORE,Logistics & Transportation,13-1151,2800,31
484000,Truck Transportation,CORE,Logistics & Transportation,13-1041,2750,32
484000,Truck Transportation,CORE,Logistics & Transportation,41-4012,2330,33
484000,Truck Transportation,CORE,Logistics & Transportation,43-3051,2270,34
484000,Truck Transportation,CORE,Logistics & Transportation,11-2022,1980,35
484000,Truck Transportation,CORE,Logistics & Transportation,53-7064,1640,36
484000,Truck Transportation,CORE,Logistics & Transportation,49-3042,1580,37
484000,Truck Transportation,CORE,Logistics & Transportation,11-3031,1530,38
484000,Truck Transportation,CORE,Logistics & Transportation,49-9098,1480,39
485000,Transit and Ground Passenger Transportation,CORE,Logistics & Transportation,53-3051,147850,0
485000,Transit and Ground Passenger Transportation,CORE,Logistics & Transportation,53-3053,103380,1
485000,Transit and Ground Passenger Transportation,CORE,Logistics & Transportation,53-3052,56310,2
485000,Transit and Ground Passenger Transportation,CORE,Logistics & Transportation,53-3054,40880,3
485000,Transit and Ground Passenger Transportation,CORE,Logistics & Transportation,33-9094,37190,4
485000,Transit and Ground Passenger Transportation,CORE,Logistics & Transportation,43-5032,14260,5
485000,Transit and Ground Passenger Transportation,CORE,Logistics & Transportation,49-3031,12700,6
485000,Transit and Ground Passenger Transportation,CORE,Logistics & Transportation,11-1021,9710,7
485000,Transit and Ground Passenger Transportation,CORE,Logistics & Transportation,53-1047,8940,8
485000,Transit and Ground Passenger Transportation,CORE,Logistics & Transportation,43-4051,6840,9
485000,Transit and Ground Passenger Transportation,CORE,Logistics & Transportation,43-9061,6680,10
485000,Transit and Ground Passenger Transportation,CORE,Logistics & Transportation,53-3032,6170,11
485000,Transit and Ground Passenger Transportation,CORE,Logistics & Transportation,53-7061,5900,12
485000,Transit and Ground Passenger Transportation,CORE,Logistics & Transportation,41-3091,4280,13
485000,Transit and Ground Passenger Transportation,CORE,Logistics & Transportation,53-3033,2950,14
485000,Transit and Ground Passenger Transportation,CORE,Logistics & Transportation,11-3071,2760,15
485000,Transit and Ground Passenger Transportation,CORE,Logistics & Transportation,43-1011,2750,16
485000,Transit and Ground Passenger Transportation,CORE,Logistics & Transportation,13-1082,2720,17
485000,Transit and Ground Passenger Transportation,CORE,Logistics & Transportation,13-1161,2560,18
485000,Transit and Ground Passenger Transportation,CORE,Logistics & Transportation,53-6061,2400,19
485000,Transit and Ground Passenger Transportation,CORE,Logistics & Transportation,13-1151,2400,20
485000,Transit and Ground Passenger Transportation,CORE,Logistics & Transportation,43-3031,2360,21
485000,Transit and Ground Passenger Transportation,CORE,Logistics & Transportation,43-6014,2340,22
485000,Transit and Ground Passenger Transportation,CORE,Logistics & Transportation,49-3023,2180,23
485000,Transit and Ground Passenger Transportation,CORE,Logistics & Transportation,43-4181,2140,24
485000,Transit and Ground Passenger Transportation,CORE,Logistics & Transportation,49-1011,1940,25
485000,Transit and Ground Passenger Transportation,CORE,Logistics & Transportation,37-2011,1800,26
485000,Transit and Ground Passenger Transportation,CORE,Logistics & Transportation,49-9071,1690,27
485000,Transit and Ground Passenger Transportation,CORE,Logistics & Transportation,11-3021,1640,28
485000,Transit and Ground Passenger Transportation,CORE,Logistics & Transportation,13-1071,1530,29
485000,Transit and Ground Passenger Transportation,CORE,Logistics & Transportation,13-2011,1380,30
485000,Transit and Ground Passenger Transportation,CORE,Logistics & Transportation,11-2021,1010,31
485000,Transit and Ground Passenger Transportation,CORE,Logistics & Transportation,13-1111,970,32
485000,Transit and Ground Passenger Transportation,CORE,Logistics & Transportation,19-5011,900,33
485000,Transit and Ground Passenger Transportation,CORE,Logistics & Transportation,53-4041,730,34
485000,Transit and Ground Passenger Transportation,CORE,Logistics & Transportation,13-2051,680,35
485000,Transit and Ground Passenger Transportation,CORE,Logistics & Transportation,11-3031,660,36
485000,Transit and Ground Passenger Transportation,CORE,Logistics & Transportation,53-7062,630,37
485000,Transit and Ground Passenger Transportation,CORE,Logistics & Transportation,13-1041,620,38
485000,Transit and Ground Passenger Transportation,CORE,Logistics & Transportation,11-2022,620,39
486000,Pipeline Transportation,CORE,Logistics & Transportation,51-8093,6300,0
486000,Pipeline Transportation,CORE,Logistics & Transportation,51-8092,5710,1
486000,Pipeline Transportation,CORE,Logistics & Transportation,49-9041,4230,2
486000,Pipeline Transportation,CORE,Logistics & Transportation,11-1021,2610,3
486000,Pipeline Transportation,CORE,Logistics & Transportation,49-9071,2290,4
486000,Pipeline Transportation,CORE,Logistics & Transportation,53-3032,1750,5
486000,Pipeline Transportation,CORE,Logistics & Transportation,53-7071,1580,6
486000,Pipeline Transportation,CORE,Logistics & Transportation,51-1011,1520,7
486000,Pipeline Transportation,CORE,Logistics & Transportation,53-7072,1420,8
486000,Pipeline Transportation,CORE,Logistics & Transportation,49-2094,1310,9
486000,Pipeline Transportation,CORE,Logistics & Transportation,49-1011,1260,10
486000,Pipeline Transportation,CORE,Logistics & Transportation,47-2152,1230,11
486000,Pipeline Transportation,CORE,Logistics & Transportation,47-5013,1020,12
486000,Pipeline Transportation,CORE,Logistics & Transportation,17-2171,980,13
486000,Pipeline Transportation,CORE,Logistics & Transportation,13-2011,870,14
486000,Pipeline Transportation,CORE,Logistics & Transportation,13-1082,860,15
486000,Pipeline Transportation,CORE,Logistics & Transportation,49-9012,820,16
486000,Pipeline Transportation,CORE,Logistics & Transportation,19-5011,730,17
486000,Pipeline Transportation,CORE,Logistics & Transportation,13-1199,720,18
486000,Pipeline Transportation,CORE,Logistics & Transportation,51-9061,640,19
486000,Pipeline Transportation,CORE,Logistics & Transportation,53-1047,610,20
486000,Pipeline Transportation,CORE,Logistics & Transportation,43-6014,580,21
486000,Pipeline Transportation,CORE,Logistics & Transportation,11-3031,570,22
486000,Pipeline Transportation,CORE,Logistics & Transportation,47-2111,530,23
486000,Pipeline Transportation,CORE,Logistics & Transportation,51-4121,490,24
486000,Pipeline Transportation,CORE,Logistics & Transportation,43-5061,480,25
486000,Pipeline Transportation,CORE,Logistics & Transportation,17-3028,460,26
486000,Pipeline Transportation,CORE,Logistics & Transportation,11-3051,460,27
486000,Pipeline Transportation,CORE,Logistics & Transportation,17-2199,450,28
486000,Pipeline Transportation,CORE,Logistics & Transportation,17-2141,430,29
486000,Pipeline Transportation,CORE,Logistics & Transportation,47-1011,430,30
486000,Pipeline Transportation,CORE,Logistics & Transportation,17-3029,430,31
486000,Pipeline Transportation,CORE,Logistics & Transportation,13-1041,420,32
486000,Pipeline Transportation,CORE,Logistics & Transportation,53-7062,410,33
486000,Pipeline Transportation,CORE,Logistics & Transportation,11-9021,400,34
486000,Pipeline Transportation,CORE,Logistics & Transportation,43-9061,370,35
486000,Pipeline Transportation,CORE,Logistics & Transportation,49-9099,330,36
486000,Pipeline Transportation,CORE,Logistics & Transportation,11-9041,320,37
486000,Pipeline Transportation,CORE,Logistics & Transportation,13-1020,310,38
486000,Pipeline Transportation,CORE,Logistics & Transportation,43-6011,310,39
487000,Scenic and Sightseeing Transportation,CORE,Logistics & Transportation,53-5021,4290,0
487000,Scenic and Sightseeing Transportation,CORE,Logistics & Transportation,39-7010,3640,1
487000,Scenic and Sightseeing Transportation,CORE,Logistics & Transportation,53-3052,2190,2
487000,Scenic and Sightseeing Transportation,CORE,Logistics & Transportation,53-5011,1850,3
487000,Scenic and Sightseeing Transportation,CORE,Logistics & Transportation,11-1021,1280,4
487000,Scenic and Sightseeing Transportation,CORE,Logistics & Transportation,53-6061,970,5
487000,Scenic and Sightseeing Transportation,CORE,Logistics & Transportation,43-4181,880,6
487000,Scenic and Sightseeing Transportation,CORE,Logistics & Transportation,43-9061,860,7
487000,Scenic and Sightseeing Transportation,CORE,Logistics & Transportation,41-3091,700,8
487000,Scenic and Sightseeing Transportation,CORE,Logistics & Transportation,53-2012,660,9
487000,Scenic and Sightseeing Transportation,CORE,Logistics & Transportation,53-3053,620,10
487000,Scenic and Sightseeing Transportation,CORE,Logistics & Transportation,35-3031,600,11
487000,Scenic and Sightseeing Transportation,CORE,Logistics & Transportation,43-4051,500,12
487000,Scenic and Sightseeing Transportation,CORE,Logistics & Transportation,35-3011,440,13
487000,Scenic and Sightseeing Transportation,CORE,Logistics & Transportation,43-6014,410,14
487000,Scenic and Sightseeing Transportation,CORE,Logistics & Transportation,43-1011,390,15
487000,Scenic and Sightseeing Transportation,CORE,Logistics & Transportation,49-3031,390,16
487000,Scenic and Sightseeing Transportation,CORE,Logistics & Transportation,41-2011,380,17
487000,Scenic and Sightseeing Transportation,CORE,Logistics & Transportation,53-7061,370,18
487000,Scenic and Sightseeing Transportation,CORE,Logistics & Transportation,53-1047,350,19
487000,Scenic and Sightseeing Transportation,CORE,Logistics & Transportation,53-7062,340,20
487000,Scenic and Sightseeing Transportation,CORE,Logistics & Transportation,43-3031,310,21
487000,Scenic and Sightseeing Transportation,CORE,Logistics & Transportation,49-9071,300,22
487000,Scenic and Sightseeing Transportation,CORE,Logistics & Transportation,41-2031,280,23
487000,Scenic and Sightseeing Transportation,CORE,Logistics & Transportation,53-4031,250,24
487000,Scenic and Sightseeing Transportation,CORE,Logistics & Transportation,49-3011,250,25
487000,Scenic and Sightseeing Transportation,CORE,Logistics & Transportation,35-2014,230,26
487000,Scenic and Sightseeing Transportation,CORE,Logistics & Transportation,25-3021,230,27
487000,Scenic and Sightseeing Transportation,CORE,Logistics & Transportation,53-5031,220,28
487000,Scenic and Sightseeing Transportation,CORE,Logistics & Transportation,49-3051,220,29
487000,Scenic and Sightseeing Transportation,CORE,Logistics & Transportation,53-5022,200,30
487000,Scenic and Sightseeing Transportation,CORE,Logistics & Transportation,39-3091,200,31
487000,Scenic and Sightseeing Transportation,CORE,Logistics & Transportation,35-9011,180,32
487000,Scenic and Sightseeing Transportation,CORE,Logistics & Transportation,35-2021,180,33
487000,Scenic and Sightseeing Transportation,CORE,Logistics & Transportation,41-2021,170,34
487000,Scenic and Sightseeing Transportation,CORE,Logistics & Transportation,35-1011,160,35
487000,Scenic and Sightseeing Transportation,CORE,Logistics & Transportation,13-2011,160,36
487000,Scenic and Sightseeing Transportation,CORE,Logistics & Transportation,39-1014,150,37
487000,Scenic and Sightseeing Transportation,CORE,Logistics & Transportation,35-1012,150,38
487000,Scenic and Sightseeing Transportation,CORE,Logistics & Transportation,35-3041,150,39
488000,Support Activities for Transportation,CORE,Logistics & Transportation,53-3032,67720,0
488000,Support Activities for Transportation,CORE,Logistics & Transportation,53-7062,65950,1
488000,Support Activities for Transportation,CORE,Logistics & Transportation,43-5011,62270,2
488000,Support Activities for Transportation,CORE,Logistics & Transportation,49-3011,43000,3
488000,Support Activities for Transportation,CORE,Logistics & Transportation,11-1021,31450,4
488000,Support Activities for Transportation,CORE,Logistics & Transportation,41-3091,27300,5
488000,Support Activities for Transportation,CORE,Logistics & Transportation,43-4051,23750,6
488000,Support Activities for Transportation,CORE,Logistics & Transportation,53-1047,22390,7
488000,Support Activities for Transportation,CORE,Logistics & Transportation,53-6032,19790,8
488000,Support Activities for Transportation,CORE,Logistics & Transportation,43-5032,19340,9
488000,Support Activities for Transportation,CORE,Logistics & Transportation,43-1011,19130,10
488000,Support Activities for Transportation,CORE,Logistics & Transportation,53-6061,17900,11
488000,Support Activities for Transportation,CORE,Logistics & Transportation,43-9061,17470,12
488000,Support Activities for Transportation,CORE,Logistics & Transportation,53-7051,16040,13
488000,Support Activities for Transportation,CORE,Logistics & Transportation,11-3071,13730,14
488000,Support Activities for Transportation,CORE,Logistics & Transportation,43-3031,12620,15
488000,Support Activities for Transportation,CORE,Logistics & Transportation,43-4181,12230,16
488000,Support Activities for Transportation,CORE,Logistics & Transportation,49-1011,10480,17
488000,Support Activities for Transportation,CORE,Logistics & Transportation,43-5071,10420,18
488000,Support Activities for Transportation,CORE,Logistics & Transportation,13-1081,10200,19
488000,Support Activities for Transportation,CORE,Logistics & Transportation,53-7061,9750,20
488000,Support Activities for Transportation,CORE,Logistics & Transportation,53-5021,9290,21
488000,Support Activities for Transportation,CORE,Logistics & Transportation,53-3033,8420,22
488000,Support Activities for Transportation,CORE,Logistics & Transportation,43-6014,7910,23
488000,Support Activities for Transportation,CORE,Logistics & Transportation,13-2011,7760,24
488000,Support Activities for Transportation,CORE,Logistics & Transportation,53-5011,6980,25
488000,Support Activities for Transportation,CORE,Logistics & Transportation,49-3043,6490,26
488000,Support Activities for Transportation,CORE,Logistics & Transportation,49-2091,5900,27
488000,Support Activities for Transportation,CORE,Logistics & Transportation,49-3031,5820,28
488000,Support Activities for Transportation,CORE,Logistics & Transportation,37-2011,5550,29
488000,Support Activities for Transportation,CORE,Logistics & Transportation,13-1041,5410,30
488000,Support Activities for Transportation,CORE,Logistics & Transportation,49-3023,5340,31
488000,Support Activities for Transportation,CORE,Logistics & Transportation,11-2022,5190,32
488000,Support Activities for Transportation,CORE,Logistics & Transportation,49-9071,5160,33
488000,Support Activities for Transportation,CORE,Logistics & Transportation,51-9061,5040,34
488000,Support Activities for Transportation,CORE,Logistics & Transportation,53-7064,5030,35
488000,Support Activities for Transportation,CORE,Logistics & Transportation,43-5061,4860,36
488000,Support Activities for Transportation,CORE,Logistics & Transportation,49-3042,4820,37
488000,Support Activities for Transportation,CORE,Logistics & Transportation,51-9124,4380,38
488000,Support Activities for Transportation,CORE,Logistics & Transportation,53-2012,4310,39
491000,Postal Service (Federal Government),NON_CORE,,43-5052,328820,0
491000,Postal Service (Federal Government),NON_CORE,,43-5053,105200,1
491000,Postal Service (Federal Government),NON_CORE,,43-5051,73720,2
491000,Postal Service (Federal Government),NON_CORE,,43-1011,17950,3
491000,Postal Service (Federal Government),NON_CORE,,11-9131,13810,4
491000,Postal Service (Federal Government),NON_CORE,,37-2011,13610,5
491000,Postal Service (Federal Government),NON_CORE,,53-3032,7780,6
491000,Postal Service (Federal Government),NON_CORE,,49-9071,6990,7
491000,Postal Service (Federal Government),NON_CORE,,43-5061,5710,8
491000,Postal Service (Federal Government),NON_CORE,,53-1047,5290,9
491000,Postal Service (Federal Government),NON_CORE,,53-3033,4090,10
491000,Postal Service (Federal Government),NON_CORE,,17-3023,3910,11
491000,Postal Service (Federal Government),NON_CORE,,49-3023,3540,12
491000,Postal Service (Federal Government),NON_CORE,,49-1011,2710,13
491000,Postal Service (Federal Government),NON_CORE,,13-1041,1420,14
491000,Postal Service (Federal Government),NON_CORE,,37-3019,1290,15
491000,Postal Service (Federal Government),NON_CORE,,49-9021,1220,16
491000,Postal Service (Federal Government),NON_CORE,,13-1081,1150,17
491000,Postal Service (Federal Government),NON_CORE,,13-1071,1030,18
491000,Postal Service (Federal Government),NON_CORE,,43-9061,1020,19
491000,Postal Service (Federal Government),NON_CORE,,13-1199,990,20
491000,Postal Service (Federal Government),NON_CORE,,11-3071,960,21
491000,Postal Service (Federal Government),NON_CORE,,43-5071,690,22
491000,Postal Service (Federal Government),NON_CORE,,41-3091,690,23
491000,Postal Service (Federal Government),NON_CORE,,13-2011,660,24
491000,Postal Service (Federal Government),NON_CORE,,43-9021,650,25
491000,Postal Service (Federal Government),NON_CORE,,13-1151,620,26
491000,Postal Service (Federal Government),NON_CORE,,43-6014,610,27
491000,Postal Service (Federal Government),NON_CORE,,17-2112,500,28
491000,Postal Service (Federal Government),NON_CORE,,13-1020,440,29
491000,Postal Service (Federal Government),NON_CORE,,53-7065,410,30
491000,Postal Service (Federal Government),NON_CORE,,33-3021,400,31
491000,Postal Service (Federal Government),NON_CORE,,25-3099,350,32
491000,Postal Service (Federal Government),NON_CORE,,13-1075,340,33
491000,Postal Service (Federal Government),NON_CORE,,49-9099,340,34
491000,Postal Service (Federal Government),NON_CORE,,13-1111,330,35
491000,Postal Service (Federal Government),NON_CORE,,33-3051,330,36
491000,Postal Service (Federal Government),NON_CORE,,19-5011,320,37
491000,Postal Service (Federal Government),NON_CORE,,43-3031,290,38
491000,Postal Service (Federal Government),NON_CORE,,43-4171,290,39
492000,Couriers and Messengers,NON_CORE,,53-3033,398540,0
492000,Couriers and Messengers,NON_CORE,,53-7062,338900,1
492000,Couriers and Messengers,NON_CORE,,53-3032,106710,2
492000,Couriers and Messengers,NON_CORE,,53-1047,55170,3
492000,Couriers and Messengers,NON_CORE,,43-5071,26920,4
492000,Couriers and Messengers,NON_CORE,,43-5021,19090,5
492000,Couriers and Messengers,NON_CORE,,53-3031,10790,6
492000,Couriers and Messengers,NON_CORE,,43-5011,9770,7
492000,Couriers and Messengers,NON_CORE,,53-7011,9450,8
492000,Couriers and Messengers,NON_CORE,,43-5032,9290,9
492000,Couriers and Messengers,NON_CORE,,11-1021,9070,10
492000,Couriers and Messengers,NON_CORE,,53-7051,8460,11
492000,Couriers and Messengers,NON_CORE,,53-7064,7750,12
492000,Couriers and Messengers,NON_CORE,,43-4051,7330,13
492000,Couriers and Messengers,NON_CORE,,11-3071,6250,14
492000,Couriers and Messengers,NON_CORE,,53-2011,5730,15
492000,Couriers and Messengers,NON_CORE,,43-9061,5380,16
492000,Couriers and Messengers,NON_CORE,,43-1011,5210,17
492000,Couriers and Messengers,NON_CORE,,41-3091,4820,18
492000,Couriers and Messengers,NON_CORE,,49-3031,4500,19
492000,Couriers and Messengers,NON_CORE,,49-3011,3990,20
492000,Couriers and Messengers,NON_CORE,,53-1041,3650,21
492000,Couriers and Messengers,NON_CORE,,43-5061,3570,22
492000,Couriers and Messengers,NON_CORE,,43-6014,3550,23
492000,Couriers and Messengers,NON_CORE,,13-1151,3200,24
492000,Couriers and Messengers,NON_CORE,,13-1071,2960,25
492000,Couriers and Messengers,NON_CORE,,49-9071,2780,26
492000,Couriers and Messengers,NON_CORE,,53-7065,2480,27
492000,Couriers and Messengers,NON_CORE,,49-3023,2380,28
492000,Couriers and Messengers,NON_CORE,,17-2112,2120,29
492000,Couriers and Messengers,NON_CORE,,13-1199,1990,30
492000,Couriers and Messengers,NON_CORE,,13-1081,1990,31
492000,Couriers and Messengers,NON_CORE,,49-9043,1850,32
492000,Couriers and Messengers,NON_CORE,,43-3011,1530,33
492000,Couriers and Messengers,NON_CORE,,49-1011,1310,34
492000,Couriers and Messengers,NON_CORE,,43-3031,920,35
492000,Couriers and Messengers,NON_CORE,,37-2011,920,36
492000,Couriers and Messengers,NON_CORE,,33-9021,850,37
492000,Couriers and Messengers,NON_CORE,,53-7061,710,38
492000,Couriers and Messengers,NON_CORE,,19-5011,700,39
493000,Warehousing and Storage,CORE,Warehousing & Distribution,53-7065,457740,0
493000,Warehousing and Storage,CORE,Warehousing & Distribution,53-7062,433060,1
493000,Warehousing and Storage,CORE,Warehousing & Distribution,53-7051,286750,2
493000,Warehousing and Storage,CORE,Warehousing & Distribution,53-3032,93410,3
493000,Warehousing and Storage,CORE,Warehousing & Distribution,43-5071,89090,4
493000,Warehousing and Storage,CORE,Warehousing & Distribution,53-7064,74380,5
493000,Warehousing and Storage,CORE,Warehousing & Distribution,53-1047,68470,6
493000,Warehousing and Storage,CORE,Warehousing & Distribution,49-9071,32840,7
493000,Warehousing and Storage,CORE,Warehousing & Distribution,43-1011,23290,8
493000,Warehousing and Storage,CORE,Warehousing & Distribution,11-3071,21430,9
493000,Warehousing and Storage,CORE,Warehousing & Distribution,43-4051,21000,10
493000,Warehousing and Storage,CORE,Warehousing & Distribution,11-1021,19790,11
493000,Warehousing and Storage,CORE,Warehousing & Distribution,53-3033,16570,12
493000,Warehousing and Storage,CORE,Warehousing & Distribution,51-9061,16410,13
493000,Warehousing and Storage,CORE,Warehousing & Distribution,43-5061,15820,14
493000,Warehousing and Storage,CORE,Warehousing & Distribution,37-2011,15100,15
493000,Warehousing and Storage,CORE,Warehousing & Distribution,43-5111,14260,16
493000,Warehousing and Storage,CORE,Warehousing & Distribution,43-9061,13990,17
493000,Warehousing and Storage,CORE,Warehousing & Distribution,13-1151,13490,18
493000,Warehousing and Storage,CORE,Warehousing & Distribution,13-1081,8400,19
493000,Warehousing and Storage,CORE,Warehousing & Distribution,13-1071,8380,20
493000,Warehousing and Storage,CORE,Warehousing & Distribution,19-5012,8350,21
493000,Warehousing and Storage,CORE,Warehousing & Distribution,41-2031,7770,22
493000,Warehousing and Storage,CORE,Warehousing & Distribution,13-1199,7440,23
493000,Warehousing and Storage,CORE,Warehousing & Distribution,51-9111,7300,24
493000,Warehousing and Storage,CORE,Warehousing & Distribution,33-9032,7270,25
493000,Warehousing and Storage,CORE,Warehousing & Distribution,53-7063,6360,26
493000,Warehousing and Storage,CORE,Warehousing & Distribution,43-6014,6320,27
493000,Warehousing and Storage,CORE,Warehousing & Distribution,51-2090,6130,28
493000,Warehousing and Storage,CORE,Warehousing & Distribution,41-4012,5890,29
493000,Warehousing and Storage,CORE,Warehousing & Distribution,49-1011,5750,30
493000,Warehousing and Storage,CORE,Warehousing & Distribution,53-3031,5590,31
493000,Warehousing and Storage,CORE,Warehousing & Distribution,43-4151,4600,32
493000,Warehousing and Storage,CORE,Warehousing & Distribution,13-1020,4290,33
493000,Warehousing and Storage,CORE,Warehousing & Distribution,43-3031,4130,34
493000,Warehousing and Storage,CORE,Warehousing & Distribution,51-1011,3850,35
493000,Warehousing and Storage,CORE,Warehousing & Distribution,43-5032,3810,36
493000,Warehousing and Storage,CORE,Warehousing & Distribution,49-2094,3780,37
493000,Warehousing and Storage,CORE,Warehousing & Distribution,49-9041,3740,38
493000,Warehousing and Storage,CORE,Warehousing & Distribution,13-2011,3500,39
512000,Motion Picture and Sound Recording Industries,NON_CORE,,39-3031,52830,0
512000,Motion Picture and Sound Recording Industries,NON_CORE,,27-2012,39270,1
512000,Motion Picture and Sound Recording Industries,NON_CORE,,27-2011,19410,2
512000,Motion Picture and Sound Recording Industries,NON_CORE,,11-1021,14700,3
512000,Motion Picture and Sound Recording Industries,NON_CORE,,27-4032,13520,4
512000,Motion Picture and Sound Recording Industries,NON_CORE,,35-3023,13310,5
512000,Motion Picture and Sound Recording Industries,NON_CORE,,39-1014,10070,6
512000,Motion Picture and Sound Recording Industries,NON_CORE,,27-4011,8960,7
512000,Motion Picture and Sound Recording Industries,NON_CORE,,43-6014,8020,8
512000,Motion Picture and Sound Recording Industries,NON_CORE,,27-3041,7760,9
512000,Motion Picture and Sound Recording Industries,NON_CORE,,27-4031,7600,10
512000,Motion Picture and Sound Recording Industries,NON_CORE,,13-1161,6130,11
512000,Motion Picture and Sound Recording Industries,NON_CORE,,43-5061,6060,12
512000,Motion Picture and Sound Recording Industries,NON_CORE,,27-1014,5980,13
512000,Motion Picture and Sound Recording Industries,NON_CORE,,27-3099,5560,14
512000,Motion Picture and Sound Recording Industries,NON_CORE,,27-4014,5440,15
512000,Motion Picture and Sound Recording Industries,NON_CORE,,35-3031,5300,16
512000,Motion Picture and Sound Recording Industries,NON_CORE,,53-7062,5210,17
512000,Motion Picture and Sound Recording Industries,NON_CORE,,41-3091,4820,18
512000,Motion Picture and Sound Recording Industries,NON_CORE,,35-3041,4580,19
512000,Motion Picture and Sound Recording Industries,NON_CORE,,41-2011,4060,20
512000,Motion Picture and Sound Recording Industries,NON_CORE,,13-2011,3890,21
512000,Motion Picture and Sound Recording Industries,NON_CORE,,11-2021,3670,22
512000,Motion Picture and Sound Recording Industries,NON_CORE,,35-3011,3470,23
512000,Motion Picture and Sound Recording Industries,NON_CORE,,27-1011,3260,24
512000,Motion Picture and Sound Recording Industries,NON_CORE,,27-1027,3180,25
512000,Motion Picture and Sound Recording Industries,NON_CORE,,11-9199,3030,26
512000,Motion Picture and Sound Recording Industries,NON_CORE,,43-9061,2810,27
512000,Motion Picture and Sound Recording Industries,NON_CORE,,27-4099,2710,28
512000,Motion Picture and Sound Recording Industries,NON_CORE,,13-1199,2470,29
512000,Motion Picture and Sound Recording Industries,NON_CORE,,43-1011,2440,30
512000,Motion Picture and Sound Recording Industries,NON_CORE,,13-1082,2330,31
512000,Motion Picture and Sound Recording Industries,NON_CORE,,39-3091,2210,32
512000,Motion Picture and Sound Recording Industries,NON_CORE,,43-3031,2180,33
512000,Motion Picture and Sound Recording Industries,NON_CORE,,27-1024,2150,34
512000,Motion Picture and Sound Recording Industries,NON_CORE,,37-2011,2130,35
512000,Motion Picture and Sound Recording Industries,NON_CORE,,27-4015,2070,36
512000,Motion Picture and Sound Recording Industries,NON_CORE,,11-2022,2050,37
512000,Motion Picture and Sound Recording Industries,NON_CORE,,35-1012,2040,38
512000,Motion Picture and Sound Recording Industries,NON_CORE,,43-6011,1980,39
513000,Publishing Industries,NON_CORE,,41-3091,54000,0
513000,Publishing Industries,NON_CORE,,11-3021,38710,1
513000,Publishing Industries,NON_CORE,,13-1161,35010,2
513000,Publishing Industries,NON_CORE,,27-3041,34380,3
513000,Publishing Industries,NON_CORE,,11-1021,33140,4
513000,Publishing Industries,NON_CORE,,43-4051,23540,5
513000,Publishing Industries,NON_CORE,,11-2022,20760,6
513000,Publishing Industries,NON_CORE,,13-1082,20040,7
513000,Publishing Industries,NON_CORE,,11-2021,18040,8
513000,Publishing Industries,NON_CORE,,27-3023,16020,9
513000,Publishing Industries,NON_CORE,,41-3011,15080,10
513000,Publishing Industries,NON_CORE,,41-4011,12850,11
513000,Publishing Industries,NON_CORE,,13-2011,12810,12
513000,Publishing Industries,NON_CORE,,27-1024,11010,13
513000,Publishing Industries,NON_CORE,,11-9199,10980,14
513000,Publishing Industries,NON_CORE,,13-1199,10140,15
513000,Publishing Industries,NON_CORE,,43-9061,10110,16
513000,Publishing Industries,NON_CORE,,13-1071,9780,17
513000,Publishing Industries,NON_CORE,,41-4012,9710,18
513000,Publishing Industries,NON_CORE,,11-3031,9480,19
513000,Publishing Industries,NON_CORE,,13-1111,8810,20
513000,Publishing Industries,NON_CORE,,43-1011,8300,21
513000,Publishing Industries,NON_CORE,,43-3031,8300,22
513000,Publishing Industries,NON_CORE,,27-3043,6010,23
513000,Publishing Industries,NON_CORE,,27-2012,5830,24
513000,Publishing Industries,NON_CORE,,13-1151,5680,25
513000,Publishing Industries,NON_CORE,,13-2051,5090,26
513000,Publishing Industries,NON_CORE,,43-6014,4830,27
513000,Publishing Industries,NON_CORE,,51-5112,4720,28
513000,Publishing Industries,NON_CORE,,41-1012,4210,29
513000,Publishing Industries,NON_CORE,,27-1014,4070,30
513000,Publishing Industries,NON_CORE,,27-3031,3950,31
513000,Publishing Industries,NON_CORE,,23-1011,3940,32
513000,Publishing Industries,NON_CORE,,11-1011,3910,33
513000,Publishing Industries,NON_CORE,,27-1011,3860,34
513000,Publishing Industries,NON_CORE,,43-6011,3730,35
513000,Publishing Industries,NON_CORE,,27-3042,3490,36
513000,Publishing Industries,NON_CORE,,11-3121,3470,37
513000,Publishing Industries,NON_CORE,,41-9031,3250,38
513000,Publishing Industries,NON_CORE,,43-9051,2860,39
516000,Broadcasting and Content Providers,NON_CORE,,27-2012,41570,0
516000,Broadcasting and Content Providers,NON_CORE,,27-3023,20120,1
516000,Broadcasting and Content Providers,NON_CORE,,41-3011,18280,2
516000,Broadcasting and Content Providers,NON_CORE,,27-3011,17420,3
516000,Broadcasting and Content Providers,NON_CORE,,27-4012,15750,4
516000,Broadcasting and Content Providers,NON_CORE,,13-1161,13440,5
516000,Broadcasting and Content Providers,NON_CORE,,41-3091,12560,6
516000,Broadcasting and Content Providers,NON_CORE,,11-1021,11750,7
516000,Broadcasting and Content Providers,NON_CORE,,27-3041,10130,8
516000,Broadcasting and Content Providers,NON_CORE,,11-3021,6150,9
516000,Broadcasting and Content Providers,NON_CORE,,11-2021,6100,10
516000,Broadcasting and Content Providers,NON_CORE,,43-4051,6040,11
516000,Broadcasting and Content Providers,NON_CORE,,11-9199,5890,12
516000,Broadcasting and Content Providers,NON_CORE,,11-2022,5280,13
516000,Broadcasting and Content Providers,NON_CORE,,43-9061,4920,14
516000,Broadcasting and Content Providers,NON_CORE,,27-3099,4570,15
516000,Broadcasting and Content Providers,NON_CORE,,27-4031,4230,16
516000,Broadcasting and Content Providers,NON_CORE,,27-3031,3930,17
516000,Broadcasting and Content Providers,NON_CORE,,43-6014,3670,18
516000,Broadcasting and Content Providers,NON_CORE,,13-1199,3610,19
516000,Broadcasting and Content Providers,NON_CORE,,13-2011,3570,20
516000,Broadcasting and Content Providers,NON_CORE,,13-1082,3450,21
516000,Broadcasting and Content Providers,NON_CORE,,27-4011,3290,22
516000,Broadcasting and Content Providers,NON_CORE,,27-4032,3270,23
516000,Broadcasting and Content Providers,NON_CORE,,13-1071,3130,24
516000,Broadcasting and Content Providers,NON_CORE,,27-4021,2930,25
516000,Broadcasting and Content Providers,NON_CORE,,27-3043,2830,26
516000,Broadcasting and Content Providers,NON_CORE,,27-1024,2810,27
516000,Broadcasting and Content Providers,NON_CORE,,11-3031,2780,28
516000,Broadcasting and Content Providers,NON_CORE,,43-5061,2360,29
516000,Broadcasting and Content Providers,NON_CORE,,49-2022,2300,30
516000,Broadcasting and Content Providers,NON_CORE,,43-1011,2170,31
516000,Broadcasting and Content Providers,NON_CORE,,43-6011,2160,32
516000,Broadcasting and Content Providers,NON_CORE,,43-3031,2130,33
516000,Broadcasting and Content Providers,NON_CORE,,27-1011,1530,34
516000,Broadcasting and Content Providers,NON_CORE,,19-2021,1510,35
516000,Broadcasting and Content Providers,NON_CORE,,41-1012,1450,36
516000,Broadcasting and Content Providers,NON_CORE,,23-1011,1390,37
516000,Broadcasting and Content Providers,NON_CORE,,13-1131,1330,38
516000,Broadcasting and Content Providers,NON_CORE,,13-2051,1290,39
517000,Telecommunications,NON_CORE,,49-2022,91770,0
517000,Telecommunications,NON_CORE,,41-3091,76880,1
517000,Telecommunications,NON_CORE,,49-9052,60030,2
517000,Telecommunications,NON_CORE,,43-4051,46240,3
517000,Telecommunications,NON_CORE,,17-2072,13950,4
517000,Telecommunications,NON_CORE,,49-1011,12930,5
517000,Telecommunications,NON_CORE,,11-1021,12100,6
517000,Telecommunications,NON_CORE,,11-3021,11820,7
517000,Telecommunications,NON_CORE,,41-1012,10600,8
517000,Telecommunications,NON_CORE,,13-1082,10390,9
517000,Telecommunications,NON_CORE,,13-1199,9080,10
517000,Telecommunications,NON_CORE,,43-1011,7730,11
517000,Telecommunications,NON_CORE,,11-2022,7170,12
517000,Telecommunications,NON_CORE,,13-1161,6780,13
517000,Telecommunications,NON_CORE,,41-2031,6410,14
517000,Telecommunications,NON_CORE,,13-2011,5380,15
517000,Telecommunications,NON_CORE,,11-9199,4730,16
517000,Telecommunications,NON_CORE,,13-1071,4030,17
517000,Telecommunications,NON_CORE,,43-9061,3820,18
517000,Telecommunications,NON_CORE,,11-2021,3750,19
517000,Telecommunications,NON_CORE,,43-3021,3300,20
517000,Telecommunications,NON_CORE,,11-3031,3130,21
517000,Telecommunications,NON_CORE,,43-5061,3120,22
517000,Telecommunications,NON_CORE,,13-1151,3090,23
517000,Telecommunications,NON_CORE,,43-3031,3040,24
517000,Telecommunications,NON_CORE,,17-3023,3030,25
517000,Telecommunications,NON_CORE,,13-1111,3030,26
517000,Telecommunications,NON_CORE,,43-6014,3000,27
517000,Telecommunications,NON_CORE,,49-2021,2850,28
517000,Telecommunications,NON_CORE,,49-9071,2680,29
517000,Telecommunications,NON_CORE,,43-5032,2610,30
517000,Telecommunications,NON_CORE,,43-5071,2360,31
517000,Telecommunications,NON_CORE,,13-1020,2150,32
517000,Telecommunications,NON_CORE,,13-2051,2110,33
517000,Telecommunications,NON_CORE,,41-9031,2040,34
517000,Telecommunications,NON_CORE,,53-7065,1810,35
517000,Telecommunications,NON_CORE,,11-9021,1750,36
517000,Telecommunications,NON_CORE,,41-4012,1640,37
517000,Telecommunications,NON_CORE,,41-1011,1560,38
517000,Telecommunications,NON_CORE,,41-3011,1550,39
518000,"Computing Infrastructure Providers, Data Processing, Web Hosting, and Related Services",NON_CORE,,41-3091,32960,0
518000,"Computing Infrastructure Providers, Data Processing, Web Hosting, and Related Services",NON_CORE,,11-3021,26210,1
518000,"Computing Infrastructure Providers, Data Processing, Web Hosting, and Related Services",NON_CORE,,43-4051,25960,2
518000,"Computing Infrastructure Providers, Data Processing, Web Hosting, and Related Services",NON_CORE,,11-1021,15570,3
518000,"Computing Infrastructure Providers, Data Processing, Web Hosting, and Related Services",NON_CORE,,13-1161,14140,4
518000,"Computing Infrastructure Providers, Data Processing, Web Hosting, and Related Services",NON_CORE,,13-1082,11480,5
518000,"Computing Infrastructure Providers, Data Processing, Web Hosting, and Related Services",NON_CORE,,43-9061,8540,6
518000,"Computing Infrastructure Providers, Data Processing, Web Hosting, and Related Services",NON_CORE,,11-2022,8500,7
518000,"Computing Infrastructure Providers, Data Processing, Web Hosting, and Related Services",NON_CORE,,11-2021,7960,8
518000,"Computing Infrastructure Providers, Data Processing, Web Hosting, and Related Services",NON_CORE,,13-2011,7360,9
518000,"Computing Infrastructure Providers, Data Processing, Web Hosting, and Related Services",NON_CORE,,13-1199,7230,10
518000,"Computing Infrastructure Providers, Data Processing, Web Hosting, and Related Services",NON_CORE,,11-9199,6640,11
518000,"Computing Infrastructure Providers, Data Processing, Web Hosting, and Related Services",NON_CORE,,43-1011,6600,12
518000,"Computing Infrastructure Providers, Data Processing, Web Hosting, and Related Services",NON_CORE,,13-1071,6010,13
518000,"Computing Infrastructure Providers, Data Processing, Web Hosting, and Related Services",NON_CORE,,13-1111,5930,14
518000,"Computing Infrastructure Providers, Data Processing, Web Hosting, and Related Services",NON_CORE,,43-3031,5430,15
518000,"Computing Infrastructure Providers, Data Processing, Web Hosting, and Related Services",NON_CORE,,11-3031,5350,16
518000,"Computing Infrastructure Providers, Data Processing, Web Hosting, and Related Services",NON_CORE,,43-9021,5260,17
518000,"Computing Infrastructure Providers, Data Processing, Web Hosting, and Related Services",NON_CORE,,41-4011,4530,18
518000,"Computing Infrastructure Providers, Data Processing, Web Hosting, and Related Services",NON_CORE,,13-1151,3090,19
518000,"Computing Infrastructure Providers, Data Processing, Web Hosting, and Related Services",NON_CORE,,13-2051,2490,20
518000,"Computing Infrastructure Providers, Data Processing, Web Hosting, and Related Services",NON_CORE,,11-3012,2470,21
518000,"Computing Infrastructure Providers, Data Processing, Web Hosting, and Related Services",NON_CORE,,23-1011,2280,22
518000,"Computing Infrastructure Providers, Data Processing, Web Hosting, and Related Services",NON_CORE,,43-6014,2200,23
518000,"Computing Infrastructure Providers, Data Processing, Web Hosting, and Related Services",NON_CORE,,43-9071,2200,24
518000,"Computing Infrastructure Providers, Data Processing, Web Hosting, and Related Services",NON_CORE,,43-3021,2020,25
518000,"Computing Infrastructure Providers, Data Processing, Web Hosting, and Related Services",NON_CORE,,41-9031,1990,26
518000,"Computing Infrastructure Providers, Data Processing, Web Hosting, and Related Services",NON_CORE,,11-1011,1950,27
518000,"Computing Infrastructure Providers, Data Processing, Web Hosting, and Related Services",NON_CORE,,11-3121,1940,28
518000,"Computing Infrastructure Providers, Data Processing, Web Hosting, and Related Services",NON_CORE,,13-1041,1930,29
518000,"Computing Infrastructure Providers, Data Processing, Web Hosting, and Related Services",NON_CORE,,43-6011,1840,30
518000,"Computing Infrastructure Providers, Data Processing, Web Hosting, and Related Services",NON_CORE,,17-2061,1640,31
518000,"Computing Infrastructure Providers, Data Processing, Web Hosting, and Related Services",NON_CORE,,29-2072,1590,32
518000,"Computing Infrastructure Providers, Data Processing, Web Hosting, and Related Services",NON_CORE,,27-3042,1470,33
518000,"Computing Infrastructure Providers, Data Processing, Web Hosting, and Related Services",NON_CORE,,29-9021,1400,34
518000,"Computing Infrastructure Providers, Data Processing, Web Hosting, and Related Services",NON_CORE,,43-9199,1340,35
518000,"Computing Infrastructure Providers, Data Processing, Web Hosting, and Related Services",NON_CORE,,13-1020,1300,36
518000,"Computing Infrastructure Providers, Data Processing, Web Hosting, and Related Services",NON_CORE,,41-1012,1280,37
518000,"Computing Infrastructure Providers, Data Processing, Web Hosting, and Related Services",NON_CORE,,43-4071,1280,38
518000,"Computing Infrastructure Providers, Data Processing, Web Hosting, and Related Services",NON_CORE,,27-3031,1210,39
519000,"Web Search Portals, Libraries, Archives, and Other Information Services",NON_CORE,,41-3091,13660,0
519000,"Web Search Portals, Libraries, Archives, and Other Information Services",NON_CORE,,13-1161,7900,1
519000,"Web Search Portals, Libraries, Archives, and Other Information Services",NON_CORE,,43-4121,7670,2
519000,"Web Search Portals, Libraries, Archives, and Other Information Services",NON_CORE,,25-4022,6950,3
519000,"Web Search Portals, Libraries, Archives, and Other Information Services",NON_CORE,,11-3021,5340,4
519000,"Web Search Portals, Libraries, Archives, and Other Information Services",NON_CORE,,11-1021,5320,5
519000,"Web Search Portals, Libraries, Archives, and Other Information Services",NON_CORE,,43-4051,4160,6
519000,"Web Search Portals, Libraries, Archives, and Other Information Services",NON_CORE,,11-9199,3970,7
519000,"Web Search Portals, Libraries, Archives, and Other Information Services",NON_CORE,,25-4031,3790,8
519000,"Web Search Portals, Libraries, Archives, and Other Information Services",NON_CORE,,11-2021,3120,9
519000,"Web Search Portals, Libraries, Archives, and Other Information Services",NON_CORE,,41-3011,2890,10
519000,"Web Search Portals, Libraries, Archives, and Other Information Services",NON_CORE,,11-2022,2650,11
519000,"Web Search Portals, Libraries, Archives, and Other Information Services",NON_CORE,,13-1071,2450,12
519000,"Web Search Portals, Libraries, Archives, and Other Information Services",NON_CORE,,13-1082,2330,13
519000,"Web Search Portals, Libraries, Archives, and Other Information Services",NON_CORE,,13-1199,1840,14
519000,"Web Search Portals, Libraries, Archives, and Other Information Services",NON_CORE,,13-2011,1720,15
519000,"Web Search Portals, Libraries, Archives, and Other Information Services",NON_CORE,,13-1111,1530,16
519000,"Web Search Portals, Libraries, Archives, and Other Information Services",NON_CORE,,23-1011,1310,17
519000,"Web Search Portals, Libraries, Archives, and Other Information Services",NON_CORE,,11-3031,1280,18
519000,"Web Search Portals, Libraries, Archives, and Other Information Services",NON_CORE,,41-4011,1250,19
519000,"Web Search Portals, Libraries, Archives, and Other Information Services",NON_CORE,,43-3031,1190,20
519000,"Web Search Portals, Libraries, Archives, and Other Information Services",NON_CORE,,27-3031,1160,21
519000,"Web Search Portals, Libraries, Archives, and Other Information Services",NON_CORE,,13-2051,1150,22
519000,"Web Search Portals, Libraries, Archives, and Other Information Services",NON_CORE,,43-1011,1050,23
519000,"Web Search Portals, Libraries, Archives, and Other Information Services",NON_CORE,,43-6014,1030,24
519000,"Web Search Portals, Libraries, Archives, and Other Information Services",NON_CORE,,37-2011,1020,25
519000,"Web Search Portals, Libraries, Archives, and Other Information Services",NON_CORE,,43-9061,1010,26
519000,"Web Search Portals, Libraries, Archives, and Other Information Services",NON_CORE,,17-2061,950,27
519000,"Web Search Portals, Libraries, Archives, and Other Information Services",NON_CORE,,17-2071,830,28
519000,"Web Search Portals, Libraries, Archives, and Other Information Services",NON_CORE,,27-3041,770,29
519000,"Web Search Portals, Libraries, Archives, and Other Information Services",NON_CORE,,11-3121,770,30
519000,"Web Search Portals, Libraries, Archives, and Other Information Services",NON_CORE,,11-3012,750,31
519000,"Web Search Portals, Libraries, Archives, and Other Information Services",NON_CORE,,13-1151,740,32
519000,"Web Search Portals, Libraries, Archives, and Other Information Services",NON_CORE,,43-6011,670,33
519000,"Web Search Portals, Libraries, Archives, and Other Information Services",NON_CORE,,41-9031,600,34
519000,"Web Search Portals, Libraries, Archives, and Other Information Services",NON_CORE,,11-1011,590,35
519000,"Web Search Portals, Libraries, Archives, and Other Information Services",NON_CORE,,11-2032,580,36
519000,"Web Search Portals, Libraries, Archives, and Other Information Services",NON_CORE,,41-1012,520,37
519000,"Web Search Portals, Libraries, Archives, and Other Information Services",NON_CORE,,27-1024,500,38
519000,"Web Search Portals, Libraries, Archives, and Other Information Services",NON_CORE,,41-4012,480,39
521000,Monetary Authorities-Central Bank,NON_CORE,,13-2061,1770,0
521000,Monetary Authorities-Central Bank,NON_CORE,,11-3031,1160,1
521000,Monetary Authorities-Central Bank,NON_CORE,,13-2054,840,2
521000,Monetary Authorities-Central Bank,NON_CORE,,13-1111,820,3
521000,Monetary Authorities-Central Bank,NON_CORE,,33-9032,760,4
521000,Monetary Authorities-Central Bank,NON_CORE,,11-3021,670,5
521000,Monetary Authorities-Central Bank,NON_CORE,,11-1021,630,6
521000,Monetary Authorities-Central Bank,NON_CORE,,19-3011,620,7
521000,Monetary Authorities-Central Bank,NON_CORE,,13-2051,520,8
521000,Monetary Authorities-Central Bank,NON_CORE,,13-1082,440,9
521000,Monetary Authorities-Central Bank,NON_CORE,,13-2099,380,10
521000,Monetary Authorities-Central Bank,NON_CORE,,11-9199,340,11
521000,Monetary Authorities-Central Bank,NON_CORE,,13-2011,300,12
521000,Monetary Authorities-Central Bank,NON_CORE,,43-3031,290,13
521000,Monetary Authorities-Central Bank,NON_CORE,,43-4051,290,14
521000,Monetary Authorities-Central Bank,NON_CORE,,27-3031,270,15
521000,Monetary Authorities-Central Bank,NON_CORE,,13-1199,270,16
521000,Monetary Authorities-Central Bank,NON_CORE,,13-1071,260,17
521000,Monetary Authorities-Central Bank,NON_CORE,,43-1011,220,18
521000,Monetary Authorities-Central Bank,NON_CORE,,33-1091,200,19
521000,Monetary Authorities-Central Bank,NON_CORE,,49-9071,200,20
521000,Monetary Authorities-Central Bank,NON_CORE,,43-6011,170,21
521000,Monetary Authorities-Central Bank,NON_CORE,,13-1151,160,22
521000,Monetary Authorities-Central Bank,NON_CORE,,43-6014,160,23
521000,Monetary Authorities-Central Bank,NON_CORE,,13-1161,150,24
521000,Monetary Authorities-Central Bank,NON_CORE,,13-1020,120,25
521000,Monetary Authorities-Central Bank,NON_CORE,,23-1011,120,26
521000,Monetary Authorities-Central Bank,NON_CORE,,43-3099,120,27
521000,Monetary Authorities-Central Bank,NON_CORE,,11-1011,110,28
521000,Monetary Authorities-Central Bank,NON_CORE,,11-3121,90,29
521000,Monetary Authorities-Central Bank,NON_CORE,,11-2032,80,30
521000,Monetary Authorities-Central Bank,NON_CORE,,43-9061,80,31
521000,Monetary Authorities-Central Bank,NON_CORE,,19-4061,80,32
521000,Monetary Authorities-Central Bank,NON_CORE,,33-9099,80,33
521000,Monetary Authorities-Central Bank,NON_CORE,,11-3012,60,34
521000,Monetary Authorities-Central Bank,NON_CORE,,11-3013,50,35
521000,Monetary Authorities-Central Bank,NON_CORE,,11-2021,50,36
521000,Monetary Authorities-Central Bank,NON_CORE,,11-3061,50,37
521000,Monetary Authorities-Central Bank,NON_CORE,,13-1121,50,38
521000,Monetary Authorities-Central Bank,NON_CORE,,49-9021,50,39
522000,Credit Intermediation and Related Activities,NON_CORE,,43-3071,317340,0
522000,Credit Intermediation and Related Activities,NON_CORE,,41-3031,281280,1
522000,Credit Intermediation and Related Activities,NON_CORE,,13-2072,222090,2
522000,Credit Intermediation and Related Activities,NON_CORE,,43-4051,153400,3
522000,Credit Intermediation and Related Activities,NON_CORE,,11-3031,136850,4
522000,Credit Intermediation and Related Activities,NON_CORE,,43-4131,132850,5
522000,Credit Intermediation and Related Activities,NON_CORE,,43-1011,102990,6
522000,Credit Intermediation and Related Activities,NON_CORE,,11-1021,75300,7
522000,Credit Intermediation and Related Activities,NON_CORE,,13-2052,46240,8
522000,Credit Intermediation and Related Activities,NON_CORE,,13-2051,42810,9
522000,Credit Intermediation and Related Activities,NON_CORE,,13-1111,41790,10
522000,Credit Intermediation and Related Activities,NON_CORE,,13-2011,41120,11
522000,Credit Intermediation and Related Activities,NON_CORE,,13-2041,40370,12
522000,Credit Intermediation and Related Activities,NON_CORE,,43-3031,39600,13
522000,Credit Intermediation and Related Activities,NON_CORE,,43-4141,34800,14
522000,Credit Intermediation and Related Activities,NON_CORE,,43-3011,33200,15
522000,Credit Intermediation and Related Activities,NON_CORE,,13-2061,30250,16
522000,Credit Intermediation and Related Activities,NON_CORE,,13-1199,29700,17
522000,Credit Intermediation and Related Activities,NON_CORE,,13-1161,29170,18
522000,Credit Intermediation and Related Activities,NON_CORE,,11-3021,28750,19
522000,Credit Intermediation and Related Activities,NON_CORE,,41-1012,26360,20
522000,Credit Intermediation and Related Activities,NON_CORE,,13-2099,25210,21
522000,Credit Intermediation and Related Activities,NON_CORE,,13-2054,22470,22
522000,Credit Intermediation and Related Activities,NON_CORE,,43-9061,19990,23
522000,Credit Intermediation and Related Activities,NON_CORE,,13-1041,19850,24
522000,Credit Intermediation and Related Activities,NON_CORE,,13-1071,19500,25
522000,Credit Intermediation and Related Activities,NON_CORE,,43-3099,18730,26
522000,Credit Intermediation and Related Activities,NON_CORE,,11-2022,18670,27
522000,Credit Intermediation and Related Activities,NON_CORE,,43-6014,17640,28
522000,Credit Intermediation and Related Activities,NON_CORE,,11-9199,15390,29
522000,Credit Intermediation and Related Activities,NON_CORE,,13-1082,15380,30
522000,Credit Intermediation and Related Activities,NON_CORE,,11-2021,14920,31
522000,Credit Intermediation and Related Activities,NON_CORE,,43-6011,13430,32
522000,Credit Intermediation and Related Activities,NON_CORE,,13-1151,13390,33
522000,Credit Intermediation and Related Activities,NON_CORE,,41-3091,11260,34
522000,Credit Intermediation and Related Activities,NON_CORE,,41-9099,11000,35
522000,Credit Intermediation and Related Activities,NON_CORE,,41-2031,10740,36
522000,Credit Intermediation and Related Activities,NON_CORE,,43-9199,9990,37
522000,Credit Intermediation and Related Activities,NON_CORE,,23-1011,7760,38
522000,Credit Intermediation and Related Activities,NON_CORE,,11-3012,7410,39
523000,"Securities, Commodity Contracts, and Other Financial Investments and Related Activities",NON_CORE,,13-2052,192160,0
523000,"Securities, Commodity Contracts, and Other Financial Investments and Related Activities",NON_CORE,,41-3031,173040,1
523000,"Securities, Commodity Contracts, and Other Financial Investments and Related Activities",NON_CORE,,13-2051,89390,2
523000,"Securities, Commodity Contracts, and Other Financial Investments and Related Activities",NON_CORE,,11-3031,70400,3
523000,"Securities, Commodity Contracts, and Other Financial Investments and Related Activities",NON_CORE,,11-1021,39880,4
523000,"Securities, Commodity Contracts, and Other Financial Investments and Related Activities",NON_CORE,,43-9061,33960,5
523000,"Securities, Commodity Contracts, and Other Financial Investments and Related Activities",NON_CORE,,43-4051,33420,6
523000,"Securities, Commodity Contracts, and Other Financial Investments and Related Activities",NON_CORE,,43-6011,32770,7
523000,"Securities, Commodity Contracts, and Other Financial Investments and Related Activities",NON_CORE,,13-2011,30000,8
523000,"Securities, Commodity Contracts, and Other Financial Investments and Related Activities",NON_CORE,,43-6014,29420,9
523000,"Securities, Commodity Contracts, and Other Financial Investments and Related Activities",NON_CORE,,43-4011,24380,10
523000,"Securities, Commodity Contracts, and Other Financial Investments and Related Activities",NON_CORE,,13-1161,20150,11
523000,"Securities, Commodity Contracts, and Other Financial Investments and Related Activities",NON_CORE,,11-3021,18630,12
523000,"Securities, Commodity Contracts, and Other Financial Investments and Related Activities",NON_CORE,,13-1111,16910,13
523000,"Securities, Commodity Contracts, and Other Financial Investments and Related Activities",NON_CORE,,11-2022,15020,14
523000,"Securities, Commodity Contracts, and Other Financial Investments and Related Activities",NON_CORE,,13-2099,14410,15
523000,"Securities, Commodity Contracts, and Other Financial Investments and Related Activities",NON_CORE,,43-1011,13340,16
523000,"Securities, Commodity Contracts, and Other Financial Investments and Related Activities",NON_CORE,,13-1199,10860,17
523000,"Securities, Commodity Contracts, and Other Financial Investments and Related Activities",NON_CORE,,13-2061,10670,18
523000,"Securities, Commodity Contracts, and Other Financial Investments and Related Activities",NON_CORE,,43-3031,10380,19
523000,"Securities, Commodity Contracts, and Other Financial Investments and Related Activities",NON_CORE,,13-2054,9840,20
523000,"Securities, Commodity Contracts, and Other Financial Investments and Related Activities",NON_CORE,,13-1071,8650,21
523000,"Securities, Commodity Contracts, and Other Financial Investments and Related Activities",NON_CORE,,13-1082,8160,22
523000,"Securities, Commodity Contracts, and Other Financial Investments and Related Activities",NON_CORE,,11-2021,7980,23
523000,"Securities, Commodity Contracts, and Other Financial Investments and Related Activities",NON_CORE,,23-1011,7860,24
523000,"Securities, Commodity Contracts, and Other Financial Investments and Related Activities",NON_CORE,,11-9199,6900,25
523000,"Securities, Commodity Contracts, and Other Financial Investments and Related Activities",NON_CORE,,13-1041,6030,26
523000,"Securities, Commodity Contracts, and Other Financial Investments and Related Activities",NON_CORE,,13-2041,5330,27
523000,"Securities, Commodity Contracts, and Other Financial Investments and Related Activities",NON_CORE,,11-3012,5080,28
523000,"Securities, Commodity Contracts, and Other Financial Investments and Related Activities",NON_CORE,,13-2072,5040,29
523000,"Securities, Commodity Contracts, and Other Financial Investments and Related Activities",NON_CORE,,11-1011,4700,30
523000,"Securities, Commodity Contracts, and Other Financial Investments and Related Activities",NON_CORE,,41-1012,4070,31
523000,"Securities, Commodity Contracts, and Other Financial Investments and Related Activities",NON_CORE,,43-3071,3810,32
523000,"Securities, Commodity Contracts, and Other Financial Investments and Related Activities",NON_CORE,,43-4171,3730,33
523000,"Securities, Commodity Contracts, and Other Financial Investments and Related Activities",NON_CORE,,11-3121,3110,34
523000,"Securities, Commodity Contracts, and Other Financial Investments and Related Activities",NON_CORE,,27-3031,2680,35
523000,"Securities, Commodity Contracts, and Other Financial Investments and Related Activities",NON_CORE,,43-3099,2630,36
523000,"Securities, Commodity Contracts, and Other Financial Investments and Related Activities",NON_CORE,,13-1151,2330,37
523000,"Securities, Commodity Contracts, and Other Financial Investments and Related Activities",NON_CORE,,13-1141,2270,38
523000,"Securities, Commodity Contracts, and Other Financial Investments and Related Activities",NON_CORE,,41-3091,2240,39
524000,Insurance Carriers and Related Activities,NON_CORE,,41-3021,459420,0
524000,Insurance Carriers and Related Activities,NON_CORE,,43-4051,292830,1
524000,Insurance Carriers and Related Activities,NON_CORE,,13-1031,241680,2
524000,Insurance Carriers and Related Activities,NON_CORE,,43-9041,169090,3
524000,Insurance Carriers and Related Activities,NON_CORE,,13-2053,97600,4
524000,Insurance Carriers and Related Activities,NON_CORE,,11-1021,85840,5
524000,Insurance Carriers and Related Activities,NON_CORE,,13-1111,61380,6
524000,Insurance Carriers and Related Activities,NON_CORE,,43-1011,59070,7
524000,Insurance Carriers and Related Activities,NON_CORE,,11-3031,56810,8
524000,Insurance Carriers and Related Activities,NON_CORE,,29-1141,54330,9
524000,Insurance Carriers and Related Activities,NON_CORE,,43-9061,46120,10
524000,Insurance Carriers and Related Activities,NON_CORE,,13-2011,45730,11
524000,Insurance Carriers and Related Activities,NON_CORE,,43-6014,36490,12
524000,Insurance Carriers and Related Activities,NON_CORE,,13-1161,35760,13
524000,Insurance Carriers and Related Activities,NON_CORE,,13-1199,33720,14
524000,Insurance Carriers and Related Activities,NON_CORE,,11-3021,33170,15
524000,Insurance Carriers and Related Activities,NON_CORE,,43-3031,31950,16
524000,Insurance Carriers and Related Activities,NON_CORE,,11-2022,27550,17
524000,Insurance Carriers and Related Activities,NON_CORE,,11-9199,24760,18
524000,Insurance Carriers and Related Activities,NON_CORE,,13-1082,23800,19
524000,Insurance Carriers and Related Activities,NON_CORE,,13-1071,22450,20
524000,Insurance Carriers and Related Activities,NON_CORE,,13-1141,21970,21
524000,Insurance Carriers and Related Activities,NON_CORE,,13-1041,20350,22
524000,Insurance Carriers and Related Activities,NON_CORE,,13-2051,19880,23
524000,Insurance Carriers and Related Activities,NON_CORE,,13-1151,18410,24
524000,Insurance Carriers and Related Activities,NON_CORE,,23-1011,18340,25
524000,Insurance Carriers and Related Activities,NON_CORE,,11-2021,16060,26
524000,Insurance Carriers and Related Activities,NON_CORE,,41-1012,14990,27
524000,Insurance Carriers and Related Activities,NON_CORE,,23-2093,14040,28
524000,Insurance Carriers and Related Activities,NON_CORE,,43-4171,13550,29
524000,Insurance Carriers and Related Activities,NON_CORE,,11-9111,13380,30
524000,Insurance Carriers and Related Activities,NON_CORE,,43-6011,12130,31
524000,Insurance Carriers and Related Activities,NON_CORE,,43-3021,11910,32
524000,Insurance Carriers and Related Activities,NON_CORE,,13-1032,11030,33
524000,Insurance Carriers and Related Activities,NON_CORE,,11-3012,10730,34
524000,Insurance Carriers and Related Activities,NON_CORE,,13-2052,8390,35
524000,Insurance Carriers and Related Activities,NON_CORE,,43-4131,7870,36
524000,Insurance Carriers and Related Activities,NON_CORE,,13-2054,7640,37
524000,Insurance Carriers and Related Activities,NON_CORE,,41-3091,7420,38
524000,Insurance Carriers and Related Activities,NON_CORE,,41-3031,7220,39
525000,"Funds, Trusts, and Other Financial Vehicles",NON_CORE,,11-1021,2870,0
525000,"Funds, Trusts, and Other Financial Vehicles",NON_CORE,,13-2051,2640,1
525000,"Funds, Trusts, and Other Financial Vehicles",NON_CORE,,13-2011,2300,2
525000,"Funds, Trusts, and Other Financial Vehicles",NON_CORE,,11-3031,1850,3
525000,"Funds, Trusts, and Other Financial Vehicles",NON_CORE,,13-1141,1810,4
525000,"Funds, Trusts, and Other Financial Vehicles",NON_CORE,,13-2052,1600,5
525000,"Funds, Trusts, and Other Financial Vehicles",NON_CORE,,43-9061,1460,6
525000,"Funds, Trusts, and Other Financial Vehicles",NON_CORE,,43-4051,1240,7
525000,"Funds, Trusts, and Other Financial Vehicles",NON_CORE,,43-3031,1150,8
525000,"Funds, Trusts, and Other Financial Vehicles",NON_CORE,,41-3031,980,9
525000,"Funds, Trusts, and Other Financial Vehicles",NON_CORE,,43-6014,890,10
525000,"Funds, Trusts, and Other Financial Vehicles",NON_CORE,,43-6011,720,11
525000,"Funds, Trusts, and Other Financial Vehicles",NON_CORE,,13-1031,630,12
525000,"Funds, Trusts, and Other Financial Vehicles",NON_CORE,,31-1120,580,13
525000,"Funds, Trusts, and Other Financial Vehicles",NON_CORE,,43-1011,560,14
525000,"Funds, Trusts, and Other Financial Vehicles",NON_CORE,,13-1199,550,15
525000,"Funds, Trusts, and Other Financial Vehicles",NON_CORE,,13-1082,530,16
525000,"Funds, Trusts, and Other Financial Vehicles",NON_CORE,,11-9141,470,17
525000,"Funds, Trusts, and Other Financial Vehicles",NON_CORE,,13-2053,400,18
525000,"Funds, Trusts, and Other Financial Vehicles",NON_CORE,,13-1161,400,19
525000,"Funds, Trusts, and Other Financial Vehicles",NON_CORE,,11-1011,370,20
525000,"Funds, Trusts, and Other Financial Vehicles",NON_CORE,,41-3021,360,21
525000,"Funds, Trusts, and Other Financial Vehicles",NON_CORE,,23-1011,330,22
525000,"Funds, Trusts, and Other Financial Vehicles",NON_CORE,,13-2099,320,23
525000,"Funds, Trusts, and Other Financial Vehicles",NON_CORE,,11-9199,310,24
525000,"Funds, Trusts, and Other Financial Vehicles",NON_CORE,,11-2022,280,25
525000,"Funds, Trusts, and Other Financial Vehicles",NON_CORE,,11-3021,260,26
525000,"Funds, Trusts, and Other Financial Vehicles",NON_CORE,,13-1071,260,27
525000,"Funds, Trusts, and Other Financial Vehicles",NON_CORE,,49-9071,260,28
525000,"Funds, Trusts, and Other Financial Vehicles",NON_CORE,,13-1111,250,29
525000,"Funds, Trusts, and Other Financial Vehicles",NON_CORE,,43-9041,250,30
525000,"Funds, Trusts, and Other Financial Vehicles",NON_CORE,,13-2072,220,31
525000,"Funds, Trusts, and Other Financial Vehicles",NON_CORE,,13-2054,200,32
525000,"Funds, Trusts, and Other Financial Vehicles",NON_CORE,,11-3012,200,33
525000,"Funds, Trusts, and Other Financial Vehicles",NON_CORE,,43-4171,200,34
525000,"Funds, Trusts, and Other Financial Vehicles",NON_CORE,,13-1041,200,35
525000,"Funds, Trusts, and Other Financial Vehicles",NON_CORE,,13-1151,170,36
525000,"Funds, Trusts, and Other Financial Vehicles",NON_CORE,,29-1141,150,37
525000,"Funds, Trusts, and Other Financial Vehicles",NON_CORE,,41-9022,140,38
525000,"Funds, Trusts, and Other Financial Vehicles",NON_CORE,,11-9111,130,39
531000,Real Estate,CORE,Property Management/Real Estate,49-9071,316160,0
531000,Real Estate,CORE,Property Management/Real Estate,11-9141,252840,1
531000,Real Estate,CORE,Property Management/Real Estate,41-9022,157630,2
531000,Real Estate,CORE,Property Management/Real Estate,41-2021,93130,3
531000,Real Estate,CORE,Property Management/Real Estate,43-9061,86200,4
531000,Real Estate,CORE,Property Management/Real Estate,11-1021,72330,5
531000,Real Estate,CORE,Property Management/Real Estate,37-2011,63640,6
531000,Real Estate,CORE,Property Management/Real Estate,43-6014,51950,7
531000,Real Estate,CORE,Property Management/Real Estate,43-3031,50020,8
531000,Real Estate,CORE,Property Management/Real Estate,49-1011,47970,9
531000,Real Estate,CORE,Property Management/Real Estate,13-2011,46620,10
531000,Real Estate,CORE,Property Management/Real Estate,41-9021,41070,11
531000,Real Estate,CORE,Property Management/Real Estate,37-3011,28570,12
531000,Real Estate,CORE,Property Management/Real Estate,37-2012,26880,13
531000,Real Estate,CORE,Property Management/Real Estate,43-4171,25860,14
531000,Real Estate,CORE,Property Management/Real Estate,33-9032,25700,15
531000,Real Estate,CORE,Property Management/Real Estate,43-4051,22240,16
531000,Real Estate,CORE,Property Management/Real Estate,43-1011,21400,17
531000,Real Estate,CORE,Property Management/Real Estate,11-3031,21030,18
531000,Real Estate,CORE,Property Management/Real Estate,13-1161,18950,19
531000,Real Estate,CORE,Property Management/Real Estate,13-1082,14930,20
531000,Real Estate,CORE,Property Management/Real Estate,13-1199,14130,21
531000,Real Estate,CORE,Property Management/Real Estate,13-2020,13970,22
531000,Real Estate,CORE,Property Management/Real Estate,43-6011,12730,23
531000,Real Estate,CORE,Property Management/Real Estate,13-2051,11000,24
531000,Real Estate,CORE,Property Management/Real Estate,39-6012,10940,25
531000,Real Estate,CORE,Property Management/Real Estate,13-1071,10940,26
531000,Real Estate,CORE,Property Management/Real Estate,53-7062,8910,27
531000,Real Estate,CORE,Property Management/Real Estate,11-9021,8750,28
531000,Real Estate,CORE,Property Management/Real Estate,11-3013,7050,29
531000,Real Estate,CORE,Property Management/Real Estate,11-9199,6690,30
531000,Real Estate,CORE,Property Management/Real Estate,13-1041,6090,31
531000,Real Estate,CORE,Property Management/Real Estate,41-1011,5780,32
531000,Real Estate,CORE,Property Management/Real Estate,47-2141,5690,33
531000,Real Estate,CORE,Property Management/Real Estate,35-3031,5610,34
531000,Real Estate,CORE,Property Management/Real Estate,11-1011,5400,35
531000,Real Estate,CORE,Property Management/Real Estate,41-3091,5340,36
531000,Real Estate,CORE,Property Management/Real Estate,11-2021,4960,37
531000,Real Estate,CORE,Property Management/Real Estate,13-1121,4300,38
531000,Real Estate,CORE,Property Management/Real Estate,41-1012,3990,39
532000,Rental and Leasing Services,NON_CORE,,41-2021,85700,0
532000,Rental and Leasing Services,NON_CORE,,53-7062,35980,1
532000,Rental and Leasing Services,NON_CORE,,11-1021,30740,2
532000,Rental and Leasing Services,NON_CORE,,53-3032,25320,3
532000,Rental and Leasing Services,NON_CORE,,53-7061,25160,4
532000,Rental and Leasing Services,NON_CORE,,53-3033,24170,5
532000,Rental and Leasing Services,NON_CORE,,49-3042,20750,6
532000,Rental and Leasing Services,NON_CORE,,43-4051,19610,7
532000,Rental and Leasing Services,NON_CORE,,49-3031,18860,8
532000,Rental and Leasing Services,NON_CORE,,41-1011,16320,9
532000,Rental and Leasing Services,NON_CORE,,41-3091,15510,10
532000,Rental and Leasing Services,NON_CORE,,27-4011,12140,11
532000,Rental and Leasing Services,NON_CORE,,49-1011,10550,12
532000,Rental and Leasing Services,NON_CORE,,43-9061,9710,13
532000,Rental and Leasing Services,NON_CORE,,41-4012,9480,14
532000,Rental and Leasing Services,NON_CORE,,49-9062,7340,15
532000,Rental and Leasing Services,NON_CORE,,43-3031,7330,16
532000,Rental and Leasing Services,NON_CORE,,49-9071,7310,17
532000,Rental and Leasing Services,NON_CORE,,41-2031,6840,18
532000,Rental and Leasing Services,NON_CORE,,49-3023,6560,19
532000,Rental and Leasing Services,NON_CORE,,53-1047,6470,20
532000,Rental and Leasing Services,NON_CORE,,53-3099,6340,21
532000,Rental and Leasing Services,NON_CORE,,49-9041,5430,22
532000,Rental and Leasing Services,NON_CORE,,53-3053,5260,23
532000,Rental and Leasing Services,NON_CORE,,11-2022,5220,24
532000,Rental and Leasing Services,NON_CORE,,43-1011,5040,25
532000,Rental and Leasing Services,NON_CORE,,49-9099,4870,26
532000,Rental and Leasing Services,NON_CORE,,37-2011,4850,27
532000,Rental and Leasing Services,NON_CORE,,43-6014,4570,28
532000,Rental and Leasing Services,NON_CORE,,53-7065,3980,29
532000,Rental and Leasing Services,NON_CORE,,11-3071,3400,30
532000,Rental and Leasing Services,NON_CORE,,53-3031,3360,31
532000,Rental and Leasing Services,NON_CORE,,13-2011,3350,32
532000,Rental and Leasing Services,NON_CORE,,53-6021,3290,33
532000,Rental and Leasing Services,NON_CORE,,43-5071,3150,34
532000,Rental and Leasing Services,NON_CORE,,47-2061,3020,35
532000,Rental and Leasing Services,NON_CORE,,13-1199,2680,36
532000,Rental and Leasing Services,NON_CORE,,13-1082,2640,37
532000,Rental and Leasing Services,NON_CORE,,43-5032,2570,38
532000,Rental and Leasing Services,NON_CORE,,53-7199,2560,39
533000,Lessors of Nonfinancial Intangible Assets (except Copyrighted Works),NON_CORE,,11-1021,2500,0
533000,Lessors of Nonfinancial Intangible Assets (except Copyrighted Works),NON_CORE,,41-3091,1860,1
533000,Lessors of Nonfinancial Intangible Assets (except Copyrighted Works),NON_CORE,,13-1161,1350,2
533000,Lessors of Nonfinancial Intangible Assets (except Copyrighted Works),NON_CORE,,13-1199,1150,3
533000,Lessors of Nonfinancial Intangible Assets (except Copyrighted Works),NON_CORE,,13-2011,930,4
533000,Lessors of Nonfinancial Intangible Assets (except Copyrighted Works),NON_CORE,,13-1151,740,5
533000,Lessors of Nonfinancial Intangible Assets (except Copyrighted Works),NON_CORE,,11-2021,710,6
533000,Lessors of Nonfinancial Intangible Assets (except Copyrighted Works),NON_CORE,,43-3031,660,7
533000,Lessors of Nonfinancial Intangible Assets (except Copyrighted Works),NON_CORE,,43-9061,640,8
533000,Lessors of Nonfinancial Intangible Assets (except Copyrighted Works),NON_CORE,,43-6014,520,9
533000,Lessors of Nonfinancial Intangible Assets (except Copyrighted Works),NON_CORE,,43-4051,520,10
533000,Lessors of Nonfinancial Intangible Assets (except Copyrighted Works),NON_CORE,,23-1011,480,11
533000,Lessors of Nonfinancial Intangible Assets (except Copyrighted Works),NON_CORE,,11-2022,450,12
533000,Lessors of Nonfinancial Intangible Assets (except Copyrighted Works),NON_CORE,,13-1111,420,13
533000,Lessors of Nonfinancial Intangible Assets (except Copyrighted Works),NON_CORE,,11-3031,420,14
533000,Lessors of Nonfinancial Intangible Assets (except Copyrighted Works),NON_CORE,,11-9199,350,15
533000,Lessors of Nonfinancial Intangible Assets (except Copyrighted Works),NON_CORE,,23-2011,340,16
533000,Lessors of Nonfinancial Intangible Assets (except Copyrighted Works),NON_CORE,,11-3021,330,17
533000,Lessors of Nonfinancial Intangible Assets (except Copyrighted Works),NON_CORE,,13-1082,280,18
533000,Lessors of Nonfinancial Intangible Assets (except Copyrighted Works),NON_CORE,,43-1011,280,19
533000,Lessors of Nonfinancial Intangible Assets (except Copyrighted Works),NON_CORE,,27-3031,270,20
533000,Lessors of Nonfinancial Intangible Assets (except Copyrighted Works),NON_CORE,,13-1041,200,21
533000,Lessors of Nonfinancial Intangible Assets (except Copyrighted Works),NON_CORE,,13-1071,190,22
533000,Lessors of Nonfinancial Intangible Assets (except Copyrighted Works),NON_CORE,,27-1024,190,23
533000,Lessors of Nonfinancial Intangible Assets (except Copyrighted Works),NON_CORE,,43-6011,190,24
533000,Lessors of Nonfinancial Intangible Assets (except Copyrighted Works),NON_CORE,,11-9141,180,25
533000,Lessors of Nonfinancial Intangible Assets (except Copyrighted Works),NON_CORE,,11-9051,180,26
533000,Lessors of Nonfinancial Intangible Assets (except Copyrighted Works),NON_CORE,,13-1020,170,27
533000,Lessors of Nonfinancial Intangible Assets (except Copyrighted Works),NON_CORE,,11-1011,150,28
533000,Lessors of Nonfinancial Intangible Assets (except Copyrighted Works),NON_CORE,,11-3131,150,29
533000,Lessors of Nonfinancial Intangible Assets (except Copyrighted Works),NON_CORE,,37-2011,140,30
533000,Lessors of Nonfinancial Intangible Assets (except Copyrighted Works),NON_CORE,,41-1012,110,31
533000,Lessors of Nonfinancial Intangible Assets (except Copyrighted Works),NON_CORE,,43-5061,110,32
533000,Lessors of Nonfinancial Intangible Assets (except Copyrighted Works),NON_CORE,,11-9021,100,33
533000,Lessors of Nonfinancial Intangible Assets (except Copyrighted Works),NON_CORE,,11-3012,100,34
533000,Lessors of Nonfinancial Intangible Assets (except Copyrighted Works),NON_CORE,,43-4171,100,35
533000,Lessors of Nonfinancial Intangible Assets (except Copyrighted Works),NON_CORE,,49-9071,90,36
533000,Lessors of Nonfinancial Intangible Assets (except Copyrighted Works),NON_CORE,,11-3121,90,37
533000,Lessors of Nonfinancial Intangible Assets (except Copyrighted Works),NON_CORE,,53-7062,90,38
533000,Lessors of Nonfinancial Intangible Assets (except Copyrighted Works),NON_CORE,,41-9022,70,39
541000,"Professional, Scientific, and Technical Services",NON_CORE,,13-2011,474030,0
541000,"Professional, Scientific, and Technical Services",NON_CORE,,23-1011,471640,1
541000,"Professional, Scientific, and Technical Services",NON_CORE,,11-1021,438720,2
541000,"Professional, Scientific, and Technical Services",NON_CORE,,13-1111,360500,3
541000,"Professional, Scientific, and Technical Services",NON_CORE,,23-2011,310490,4
541000,"Professional, Scientific, and Technical Services",NON_CORE,,13-1082,305210,5
541000,"Professional, Scientific, and Technical Services",NON_CORE,,41-3091,293050,6
541000,"Professional, Scientific, and Technical Services",NON_CORE,,13-1161,248820,7
541000,"Professional, Scientific, and Technical Services",NON_CORE,,11-3021,209760,8
541000,"Professional, Scientific, and Technical Services",NON_CORE,,17-2051,208300,9
541000,"Professional, Scientific, and Technical Services",NON_CORE,,43-3031,205160,10
541000,"Professional, Scientific, and Technical Services",NON_CORE,,43-9061,194890,11
541000,"Professional, Scientific, and Technical Services",NON_CORE,,43-6014,188270,12
541000,"Professional, Scientific, and Technical Services",NON_CORE,,43-4051,183700,13
541000,"Professional, Scientific, and Technical Services",NON_CORE,,13-1199,149460,14
541000,"Professional, Scientific, and Technical Services",NON_CORE,,43-6012,127630,15
541000,"Professional, Scientific, and Technical Services",NON_CORE,,13-1071,124990,16
541000,"Professional, Scientific, and Technical Services",NON_CORE,,11-3031,122870,17
541000,"Professional, Scientific, and Technical Services",NON_CORE,,29-2056,117310,18
541000,"Professional, Scientific, and Technical Services",NON_CORE,,31-9096,114500,19
541000,"Professional, Scientific, and Technical Services",NON_CORE,,43-1011,112670,20
541000,"Professional, Scientific, and Technical Services",NON_CORE,,43-4171,103420,21
541000,"Professional, Scientific, and Technical Services",NON_CORE,,11-2021,96660,22
541000,"Professional, Scientific, and Technical Services",NON_CORE,,17-2141,94960,23
541000,"Professional, Scientific, and Technical Services",NON_CORE,,17-1011,94960,24
541000,"Professional, Scientific, and Technical Services",NON_CORE,,11-9199,86940,25
541000,"Professional, Scientific, and Technical Services",NON_CORE,,11-2022,85240,26
541000,"Professional, Scientific, and Technical Services",NON_CORE,,11-9041,79510,27
541000,"Professional, Scientific, and Technical Services",NON_CORE,,29-1131,75700,28
541000,"Professional, Scientific, and Technical Services",NON_CORE,,17-3011,75130,29
541000,"Professional, Scientific, and Technical Services",NON_CORE,,13-2082,74040,30
541000,"Professional, Scientific, and Technical Services",NON_CORE,,17-2071,70260,31
541000,"Professional, Scientific, and Technical Services",NON_CORE,,27-1024,69970,32
541000,"Professional, Scientific, and Technical Services",NON_CORE,,19-1042,63180,33
541000,"Professional, Scientific, and Technical Services",NON_CORE,,43-3021,62400,34
541000,"Professional, Scientific, and Technical Services",NON_CORE,,27-3031,62010,35
541000,"Professional, Scientific, and Technical Services",NON_CORE,,43-6011,59700,36
541000,"Professional, Scientific, and Technical Services",NON_CORE,,51-9061,57860,37
541000,"Professional, Scientific, and Technical Services",NON_CORE,,47-4011,57320,38
541000,"Professional, Scientific, and Technical Services",NON_CORE,,13-2051,54250,39
551000,Management of Companies and Enterprises,NON_CORE,,11-1021,124740,0
551000,Management of Companies and Enterprises,NON_CORE,,43-4051,108330,1
551000,Management of Companies and Enterprises,NON_CORE,,13-2011,105120,2
551000,Management of Companies and Enterprises,NON_CORE,,11-3031,94170,3
551000,Management of Companies and Enterprises,NON_CORE,,13-1161,74470,4
551000,Management of Companies and Enterprises,NON_CORE,,13-1071,73460,5
551000,Management of Companies and Enterprises,NON_CORE,,11-3021,73160,6
551000,Management of Companies and Enterprises,NON_CORE,,43-3031,71290,7
551000,Management of Companies and Enterprises,NON_CORE,,13-1199,64250,8
551000,Management of Companies and Enterprises,NON_CORE,,43-1011,55680,9
551000,Management of Companies and Enterprises,NON_CORE,,11-2021,52430,10
551000,Management of Companies and Enterprises,NON_CORE,,13-1111,52380,11
551000,Management of Companies and Enterprises,NON_CORE,,11-9199,51180,12
551000,Management of Companies and Enterprises,NON_CORE,,13-1082,50570,13
551000,Management of Companies and Enterprises,NON_CORE,,13-1020,46080,14
551000,Management of Companies and Enterprises,NON_CORE,,13-2051,44850,15
551000,Management of Companies and Enterprises,NON_CORE,,11-2022,37750,16
551000,Management of Companies and Enterprises,NON_CORE,,43-9061,33320,17
551000,Management of Companies and Enterprises,NON_CORE,,11-3121,33150,18
551000,Management of Companies and Enterprises,NON_CORE,,43-6014,32630,19
551000,Management of Companies and Enterprises,NON_CORE,,41-4012,30320,20
551000,Management of Companies and Enterprises,NON_CORE,,13-1081,29300,21
551000,Management of Companies and Enterprises,NON_CORE,,43-6011,29140,22
551000,Management of Companies and Enterprises,NON_CORE,,41-3091,28370,23
551000,Management of Companies and Enterprises,NON_CORE,,43-3021,27520,24
551000,Management of Companies and Enterprises,NON_CORE,,23-1011,24980,25
551000,Management of Companies and Enterprises,NON_CORE,,13-1151,24530,26
551000,Management of Companies and Enterprises,NON_CORE,,13-1041,23550,27
551000,Management of Companies and Enterprises,NON_CORE,,49-9071,23240,28
551000,Management of Companies and Enterprises,NON_CORE,,29-1141,22900,29
551000,Management of Companies and Enterprises,NON_CORE,,43-5061,22730,30
551000,Management of Companies and Enterprises,NON_CORE,,11-9111,18960,31
551000,Management of Companies and Enterprises,NON_CORE,,11-3071,17630,32
551000,Management of Companies and Enterprises,NON_CORE,,11-3061,16750,33
551000,Management of Companies and Enterprises,NON_CORE,,43-6013,16580,34
551000,Management of Companies and Enterprises,NON_CORE,,11-1011,15470,35
551000,Management of Companies and Enterprises,NON_CORE,,17-2112,15380,36
551000,Management of Companies and Enterprises,NON_CORE,,11-9041,14950,37
551000,Management of Companies and Enterprises,NON_CORE,,29-2072,14870,38
551000,Management of Companies and Enterprises,NON_CORE,,53-7062,14810,39
561000,Administrative and Support Services,NON_CORE,,37-2011,934590,0
561000,Administrative and Support Services,NON_CORE,,33-9032,797140,1
561000,Administrative and Support Services,NON_CORE,,37-3011,598950,2
561000,Administrative and Support Services,NON_CORE,,53-7062,474440,3
561000,Administrative and Support Services,NON_CORE,,43-4051,366290,4
561000,Administrative and Support Services,NON_CORE,,11-1021,229960,5
561000,Administrative and Support Services,NON_CORE,,43-9061,185350,6
561000,Administrative and Support Services,NON_CORE,,51-2090,180110,7
561000,Administrative and Support Services,NON_CORE,,13-1071,158740,8
561000,Administrative and Support Services,NON_CORE,,41-3091,151970,9
561000,Administrative and Support Services,NON_CORE,,37-2012,142520,10
561000,Administrative and Support Services,NON_CORE,,29-1141,112150,11
561000,Administrative and Support Services,NON_CORE,,53-7064,107340,12
561000,Administrative and Support Services,NON_CORE,,43-6014,102830,13
561000,Administrative and Support Services,NON_CORE,,37-2021,97070,14
561000,Administrative and Support Services,NON_CORE,,43-1011,95250,15
561000,Administrative and Support Services,NON_CORE,,37-1012,92050,16
561000,Administrative and Support Services,NON_CORE,,25-3031,88940,17
561000,Administrative and Support Services,NON_CORE,,51-9199,84400,18
561000,Administrative and Support Services,NON_CORE,,43-3031,83290,19
561000,Administrative and Support Services,NON_CORE,,49-9071,79350,20
561000,Administrative and Support Services,NON_CORE,,37-1011,72020,21
561000,Administrative and Support Services,NON_CORE,,53-7051,70520,22
561000,Administrative and Support Services,NON_CORE,,13-2011,67990,23
561000,Administrative and Support Services,NON_CORE,,13-1082,63850,24
561000,Administrative and Support Services,NON_CORE,,47-2061,61140,25
561000,Administrative and Support Services,NON_CORE,,53-7065,58180,26
561000,Administrative and Support Services,NON_CORE,,49-2098,56920,27
561000,Administrative and Support Services,NON_CORE,,13-1199,55470,28
561000,Administrative and Support Services,NON_CORE,,43-5071,50230,29
561000,Administrative and Support Services,NON_CORE,,37-3013,50030,30
561000,Administrative and Support Services,NON_CORE,,31-1131,48650,31
561000,Administrative and Support Services,NON_CORE,,43-3011,47380,32
561000,Administrative and Support Services,NON_CORE,,33-1091,46910,33
561000,Administrative and Support Services,NON_CORE,,41-3041,46080,34
561000,Administrative and Support Services,NON_CORE,,51-9061,45740,35
561000,Administrative and Support Services,NON_CORE,,13-1161,45260,36
561000,Administrative and Support Services,NON_CORE,,33-9091,44330,37
561000,Administrative and Support Services,NON_CORE,,13-1111,41300,38
561000,Administrative and Support Services,NON_CORE,,41-9041,39850,39
562000,Waste Management and Remediation Services,NON_CORE,,53-7081,94170,0
562000,Waste Management and Remediation Services,NON_CORE,,53-3032,67750,1
562000,Waste Management and Remediation Services,NON_CORE,,47-4041,40700,2
562000,Waste Management and Remediation Services,NON_CORE,,53-7062,31820,3
562000,Waste Management and Remediation Services,NON_CORE,,11-1021,19950,4
562000,Waste Management and Remediation Services,NON_CORE,,43-9061,17640,5
562000,Waste Management and Remediation Services,NON_CORE,,47-4071,17420,6
562000,Waste Management and Remediation Services,NON_CORE,,47-2073,16970,7
562000,Waste Management and Remediation Services,NON_CORE,,49-3031,14700,8
562000,Waste Management and Remediation Services,NON_CORE,,47-1011,13930,9
562000,Waste Management and Remediation Services,NON_CORE,,53-1047,11780,10
562000,Waste Management and Remediation Services,NON_CORE,,47-2061,10720,11
562000,Waste Management and Remediation Services,NON_CORE,,41-3091,10550,12
562000,Waste Management and Remediation Services,NON_CORE,,43-4051,7690,13
562000,Waste Management and Remediation Services,NON_CORE,,49-9071,7030,14
562000,Waste Management and Remediation Services,NON_CORE,,43-6014,6700,15
562000,Waste Management and Remediation Services,NON_CORE,,13-1082,6050,16
562000,Waste Management and Remediation Services,NON_CORE,,43-1011,4830,17
562000,Waste Management and Remediation Services,NON_CORE,,43-5032,4750,18
562000,Waste Management and Remediation Services,NON_CORE,,43-3031,4700,19
562000,Waste Management and Remediation Services,NON_CORE,,37-2011,3950,20
562000,Waste Management and Remediation Services,NON_CORE,,53-3033,3920,21
562000,Waste Management and Remediation Services,NON_CORE,,43-5111,3470,22
562000,Waste Management and Remediation Services,NON_CORE,,53-7051,3290,23
562000,Waste Management and Remediation Services,NON_CORE,,51-4121,2850,24
562000,Waste Management and Remediation Services,NON_CORE,,13-2011,2730,25
562000,Waste Management and Remediation Services,NON_CORE,,49-1011,2690,26
562000,Waste Management and Remediation Services,NON_CORE,,51-9061,2570,27
562000,Waste Management and Remediation Services,NON_CORE,,53-7061,2400,28
562000,Waste Management and Remediation Services,NON_CORE,,51-8031,2330,29
562000,Waste Management and Remediation Services,NON_CORE,,13-1051,2170,30
562000,Waste Management and Remediation Services,NON_CORE,,49-9041,2150,31
562000,Waste Management and Remediation Services,NON_CORE,,13-1199,2140,32
562000,Waste Management and Remediation Services,NON_CORE,,49-3042,1890,33
562000,Waste Management and Remediation Services,NON_CORE,,11-9021,1880,34
562000,Waste Management and Remediation Services,NON_CORE,,11-3071,1820,35
562000,Waste Management and Remediation Services,NON_CORE,,47-2152,1760,36
562000,Waste Management and Remediation Services,NON_CORE,,13-1071,1720,37
562000,Waste Management and Remediation Services,NON_CORE,,19-4042,1710,38
562000,Waste Management and Remediation Services,NON_CORE,,43-3021,1640,39
611000,Educational Services,NON_CORE,,25-2021,1383430,0
611000,Educational Services,NON_CORE,,25-9045,1210740,1
611000,Educational Services,NON_CORE,,25-2031,1060270,2
611000,Educational Services,NON_CORE,,25-2022,619100,3
611000,Educational Services,NON_CORE,,25-3031,420230,4
611000,Educational Services,NON_CORE,,37-2011,407880,5
611000,Educational Services,NON_CORE,,43-6014,346670,6
611000,Educational Services,NON_CORE,,43-9061,325490,7
611000,Educational Services,NON_CORE,,11-9032,323630,8
611000,Educational Services,NON_CORE,,21-1012,319060,9
611000,Educational Services,NON_CORE,,25-2052,259150,10
611000,Educational Services,NON_CORE,,25-3021,213650,11
611000,Educational Services,NON_CORE,,25-1071,208300,12
611000,Educational Services,NON_CORE,,53-3051,205900,13
611000,Educational Services,NON_CORE,,25-9031,184680,14
611000,Educational Services,NON_CORE,,11-9033,178020,15
611000,Educational Services,NON_CORE,,27-2022,172670,16
611000,Educational Services,NON_CORE,,25-9044,162620,17
611000,Educational Services,NON_CORE,,25-2058,160600,18
611000,Educational Services,NON_CORE,,25-3041,158780,19
611000,Educational Services,NON_CORE,,25-1199,147360,20
611000,Educational Services,NON_CORE,,35-2012,136650,21
611000,Educational Services,NON_CORE,,39-9011,124760,22
611000,Educational Services,NON_CORE,,35-3023,117240,23
611000,Educational Services,NON_CORE,,49-9071,114460,24
611000,Educational Services,NON_CORE,,25-2032,110710,25
611000,Educational Services,NON_CORE,,25-2012,107070,26
611000,Educational Services,NON_CORE,,25-1194,106140,27
611000,Educational Services,NON_CORE,,25-9099,104460,28
611000,Educational Services,NON_CORE,,13-1199,99560,29
611000,Educational Services,NON_CORE,,29-1141,95240,30
611000,Educational Services,NON_CORE,,25-2057,94990,31
611000,Educational Services,NON_CORE,,25-1121,93320,32
611000,Educational Services,NON_CORE,,25-2011,88550,33
611000,Educational Services,NON_CORE,,33-9032,82680,34
611000,Educational Services,NON_CORE,,25-1011,82140,35
611000,Educational Services,NON_CORE,,29-1127,76290,36
611000,Educational Services,NON_CORE,,25-1072,74890,37
611000,Educational Services,NON_CORE,,25-3099,73980,38
611000,Educational Services,NON_CORE,,25-4022,73240,39
621000,Ambulatory Health Care Services,NON_CORE,,31-1120,1099560,0
621000,Ambulatory Health Care Services,NON_CORE,,29-1141,648820,1
621000,Ambulatory Health Care Services,NON_CORE,,31-9092,613220,2
621000,Ambulatory Health Care Services,NON_CORE,,43-6013,612750,3
621000,Ambulatory Health Care Services,NON_CORE,,31-9091,371580,4
621000,Ambulatory Health Care Services,NON_CORE,,43-4171,301830,5
621000,Ambulatory Health Care Services,NON_CORE,,21-1018,227690,6
621000,Ambulatory Health Care Services,NON_CORE,,11-9111,217430,7
621000,Ambulatory Health Care Services,NON_CORE,,29-1292,216780,8
621000,Ambulatory Health Care Services,NON_CORE,,29-1171,210310,9
621000,Ambulatory Health Care Services,NON_CORE,,29-2061,199790,10
621000,Ambulatory Health Care Services,NON_CORE,,29-1229,169280,11
621000,Ambulatory Health Care Services,NON_CORE,,43-1011,158480,12
621000,Ambulatory Health Care Services,NON_CORE,,29-1123,158460,13
621000,Ambulatory Health Care Services,NON_CORE,,43-9061,153930,14
621000,Ambulatory Health Care Services,NON_CORE,,43-3021,127200,15
621000,Ambulatory Health Care Services,NON_CORE,,29-2010,126710,16
621000,Ambulatory Health Care Services,NON_CORE,,29-1021,119100,17
621000,Ambulatory Health Care Services,NON_CORE,,31-1131,116200,18
621000,Ambulatory Health Care Services,NON_CORE,,29-1071,106300,19
621000,Ambulatory Health Care Services,NON_CORE,,29-2099,96720,20
621000,Ambulatory Health Care Services,NON_CORE,,29-2042,91950,21
621000,Ambulatory Health Care Services,NON_CORE,,43-4051,88220,22
621000,Ambulatory Health Care Services,NON_CORE,,31-9097,86630,23
621000,Ambulatory Health Care Services,NON_CORE,,29-1215,81500,24
621000,Ambulatory Health Care Services,NON_CORE,,11-1021,79430,25
621000,Ambulatory Health Care Services,NON_CORE,,29-2034,73540,26
621000,Ambulatory Health Care Services,NON_CORE,,43-6014,73510,27
621000,Ambulatory Health Care Services,NON_CORE,,31-2021,72820,28
621000,Ambulatory Health Care Services,NON_CORE,,29-1122,70260,29
621000,Ambulatory Health Care Services,NON_CORE,,29-2057,63430,30
621000,Ambulatory Health Care Services,NON_CORE,,29-1127,59560,31
621000,Ambulatory Health Care Services,NON_CORE,,29-2053,56540,32
621000,Ambulatory Health Care Services,NON_CORE,,29-2072,55630,33
621000,Ambulatory Health Care Services,NON_CORE,,21-1022,53690,34
621000,Ambulatory Health Care Services,NON_CORE,,21-1023,50650,35
621000,Ambulatory Health Care Services,NON_CORE,,43-3031,47620,36
621000,Ambulatory Health Care Services,NON_CORE,,19-3033,46380,37
621000,Ambulatory Health Care Services,NON_CORE,,21-1093,42180,38
621000,Ambulatory Health Care Services,NON_CORE,,29-2043,41860,39
622000,Hospitals,NON_CORE,,29-1141,2020230,0
622000,Hospitals,NON_CORE,,31-1131,479330,1
622000,Hospitals,NON_CORE,,43-6013,236300,2
622000,Hospitals,NON_CORE,,11-9111,175570,3
622000,Hospitals,NON_CORE,,29-2010,150930,4
622000,Hospitals,NON_CORE,,31-9092,139070,5
622000,Hospitals,NON_CORE,,29-2034,138130,6
622000,Hospitals,NON_CORE,,29-1126,112130,7
622000,Hospitals,NON_CORE,,29-1229,111040,8
622000,Hospitals,NON_CORE,,29-2061,105790,9
622000,Hospitals,NON_CORE,,29-1051,102470,10
622000,Hospitals,NON_CORE,,37-2011,97320,11
622000,Hospitals,NON_CORE,,37-2012,85570,12
622000,Hospitals,NON_CORE,,29-2052,85080,13
622000,Hospitals,NON_CORE,,29-2055,83590,14
622000,Hospitals,NON_CORE,,29-1171,79530,15
622000,Hospitals,NON_CORE,,29-1123,71920,16
622000,Hospitals,NON_CORE,,29-2099,66120,17
622000,Hospitals,NON_CORE,,43-4111,65320,18
622000,Hospitals,NON_CORE,,43-4051,56470,19
622000,Hospitals,NON_CORE,,21-1022,55770,20
622000,Hospitals,NON_CORE,,29-2072,55530,21
622000,Hospitals,NON_CORE,,33-9032,54830,22
622000,Hospitals,NON_CORE,,31-9093,54460,23
622000,Hospitals,NON_CORE,,29-2032,52980,24
622000,Hospitals,NON_CORE,,31-9097,50700,25
622000,Hospitals,NON_CORE,,29-2053,49620,26
622000,Hospitals,NON_CORE,,29-2031,49210,27
622000,Hospitals,NON_CORE,,43-1011,48480,28
622000,Hospitals,NON_CORE,,35-3041,48030,29
622000,Hospitals,NON_CORE,,43-9061,46190,30
622000,Hospitals,NON_CORE,,31-1132,44870,31
622000,Hospitals,NON_CORE,,29-1071,43260,32
622000,Hospitals,NON_CORE,,29-1122,42970,33
622000,Hospitals,NON_CORE,,19-1042,39990,34
622000,Hospitals,NON_CORE,,43-3021,37680,35
622000,Hospitals,NON_CORE,,43-6014,37110,36
622000,Hospitals,NON_CORE,,29-2042,35980,37
622000,Hospitals,NON_CORE,,35-2012,35720,38
622000,Hospitals,NON_CORE,,43-4171,35630,39
623000,Nursing and Residential Care Facilities,NON_CORE,,31-1131,707730,0
623000,Nursing and Residential Care Facilities,NON_CORE,,31-1120,694730,1
623000,Nursing and Residential Care Facilities,NON_CORE,,29-2061,246350,2
623000,Nursing and Residential Care Facilities,NON_CORE,,29-1141,198830,3
623000,Nursing and Residential Care Facilities,NON_CORE,,35-3041,140530,4
623000,Nursing and Residential Care Facilities,NON_CORE,,37-2012,123910,5
623000,Nursing and Residential Care Facilities,NON_CORE,,35-2012,105400,6
623000,Nursing and Residential Care Facilities,NON_CORE,,39-9032,65490,7
623000,Nursing and Residential Care Facilities,NON_CORE,,11-9111,58820,8
623000,Nursing and Residential Care Facilities,NON_CORE,,21-1018,55380,9
623000,Nursing and Residential Care Facilities,NON_CORE,,49-9071,54420,10
623000,Nursing and Residential Care Facilities,NON_CORE,,21-1093,45690,11
623000,Nursing and Residential Care Facilities,NON_CORE,,43-4171,41230,12
623000,Nursing and Residential Care Facilities,NON_CORE,,39-9041,32540,13
623000,Nursing and Residential Care Facilities,NON_CORE,,11-1021,30770,14
623000,Nursing and Residential Care Facilities,NON_CORE,,35-2021,29640,15
623000,Nursing and Residential Care Facilities,NON_CORE,,11-9151,28180,16
623000,Nursing and Residential Care Facilities,NON_CORE,,51-6011,25950,17
623000,Nursing and Residential Care Facilities,NON_CORE,,37-2011,23860,18
623000,Nursing and Residential Care Facilities,NON_CORE,,43-9061,22700,19
623000,Nursing and Residential Care Facilities,NON_CORE,,35-1012,22620,20
623000,Nursing and Residential Care Facilities,NON_CORE,,21-1022,21690,21
623000,Nursing and Residential Care Facilities,NON_CORE,,43-6013,19970,22
623000,Nursing and Residential Care Facilities,NON_CORE,,43-6014,19710,23
623000,Nursing and Residential Care Facilities,NON_CORE,,53-3053,19370,24
623000,Nursing and Residential Care Facilities,NON_CORE,,31-9092,18820,25
623000,Nursing and Residential Care Facilities,NON_CORE,,29-2053,18560,26
623000,Nursing and Residential Care Facilities,NON_CORE,,13-1071,17130,27
623000,Nursing and Residential Care Facilities,NON_CORE,,35-3031,16200,28
623000,Nursing and Residential Care Facilities,NON_CORE,,21-1021,15900,29
623000,Nursing and Residential Care Facilities,NON_CORE,,29-1123,15770,30
623000,Nursing and Residential Care Facilities,NON_CORE,,21-1023,15750,31
623000,Nursing and Residential Care Facilities,NON_CORE,,43-1011,14800,32
623000,Nursing and Residential Care Facilities,NON_CORE,,29-1122,14700,33
623000,Nursing and Residential Care Facilities,NON_CORE,,35-9021,13820,34
623000,Nursing and Residential Care Facilities,NON_CORE,,39-1022,13560,35
623000,Nursing and Residential Care Facilities,NON_CORE,,31-2021,13500,36
623000,Nursing and Residential Care Facilities,NON_CORE,,21-1015,13080,37
623000,Nursing and Residential Care Facilities,NON_CORE,,29-2051,12440,38
623000,Nursing and Residential Care Facilities,NON_CORE,,35-9011,12390,39
624000,Social Assistance,NON_CORE,,31-1120,2376570,0
624000,Social Assistance,NON_CORE,,25-2011,361430,1
624000,Social Assistance,NON_CORE,,39-9011,290600,2
624000,Social Assistance,NON_CORE,,21-1093,182250,3
624000,Social Assistance,NON_CORE,,25-9045,154690,4
624000,Social Assistance,NON_CORE,,21-1021,115890,5
624000,Social Assistance,NON_CORE,,21-1018,87130,6
624000,Social Assistance,NON_CORE,,11-9151,84240,7
624000,Social Assistance,NON_CORE,,11-9031,62560,8
624000,Social Assistance,NON_CORE,,11-1021,57550,9
624000,Social Assistance,NON_CORE,,43-9061,52130,10
624000,Social Assistance,NON_CORE,,21-1015,50180,11
624000,Social Assistance,NON_CORE,,43-6014,46020,12
624000,Social Assistance,NON_CORE,,37-2011,34150,13
624000,Social Assistance,NON_CORE,,31-1131,32960,14
624000,Social Assistance,NON_CORE,,35-2012,32630,15
624000,Social Assistance,NON_CORE,,39-9032,28430,16
624000,Social Assistance,NON_CORE,,29-1141,27740,17
624000,Social Assistance,NON_CORE,,21-1099,26030,18
624000,Social Assistance,NON_CORE,,39-9099,25390,19
624000,Social Assistance,NON_CORE,,53-3053,25110,20
624000,Social Assistance,NON_CORE,,21-1022,23980,21
624000,Social Assistance,NON_CORE,,13-1071,23640,22
624000,Social Assistance,NON_CORE,,39-9041,23550,23
624000,Social Assistance,NON_CORE,,43-3031,21050,24
624000,Social Assistance,NON_CORE,,21-1023,20660,25
624000,Social Assistance,NON_CORE,,39-1022,19690,26
624000,Social Assistance,NON_CORE,,49-9071,19690,27
624000,Social Assistance,NON_CORE,,29-2053,18450,28
624000,Social Assistance,NON_CORE,,21-1013,17980,29
624000,Social Assistance,NON_CORE,,43-1011,17800,30
624000,Social Assistance,NON_CORE,,13-2011,17380,31
624000,Social Assistance,NON_CORE,,25-3021,16080,32
624000,Social Assistance,NON_CORE,,43-4171,15410,33
624000,Social Assistance,NON_CORE,,13-1151,15150,34
624000,Social Assistance,NON_CORE,,53-7062,14890,35
624000,Social Assistance,NON_CORE,,41-2031,14660,36
624000,Social Assistance,NON_CORE,,43-4051,14110,37
624000,Social Assistance,NON_CORE,,11-9111,13870,38
624000,Social Assistance,NON_CORE,,21-1012,13680,39
711000,"Performing Arts, Spectator Sports, and Related Industries",NON_CORE,,39-3031,32640,0
711000,"Performing Arts, Spectator Sports, and Related Industries",NON_CORE,,11-1021,27120,1
711000,"Performing Arts, Spectator Sports, and Related Industries",NON_CORE,,33-9032,25340,2
711000,"Performing Arts, Spectator Sports, and Related Industries",NON_CORE,,53-7062,22050,3
711000,"Performing Arts, Spectator Sports, and Related Industries",NON_CORE,,27-2042,21540,4
711000,"Performing Arts, Spectator Sports, and Related Industries",NON_CORE,,27-2022,17820,5
711000,"Performing Arts, Spectator Sports, and Related Industries",NON_CORE,,27-2012,16380,6
711000,"Performing Arts, Spectator Sports, and Related Industries",NON_CORE,,25-3021,15930,7
711000,"Performing Arts, Spectator Sports, and Related Industries",NON_CORE,,39-3091,15890,8
711000,"Performing Arts, Spectator Sports, and Related Industries",NON_CORE,,27-2021,13730,9
711000,"Performing Arts, Spectator Sports, and Related Industries",NON_CORE,,43-9061,12830,10
711000,"Performing Arts, Spectator Sports, and Related Industries",NON_CORE,,13-1121,11490,11
711000,"Performing Arts, Spectator Sports, and Related Industries",NON_CORE,,13-1011,11260,12
711000,"Performing Arts, Spectator Sports, and Related Industries",NON_CORE,,43-6014,11040,13
711000,"Performing Arts, Spectator Sports, and Related Industries",NON_CORE,,41-2011,10810,14
711000,"Performing Arts, Spectator Sports, and Related Industries",NON_CORE,,27-4011,10680,15
711000,"Performing Arts, Spectator Sports, and Related Industries",NON_CORE,,13-1161,10540,16
711000,"Performing Arts, Spectator Sports, and Related Industries",NON_CORE,,43-4051,10400,17
711000,"Performing Arts, Spectator Sports, and Related Industries",NON_CORE,,35-3011,9230,18
711000,"Performing Arts, Spectator Sports, and Related Industries",NON_CORE,,41-3091,8190,19
711000,"Performing Arts, Spectator Sports, and Related Industries",NON_CORE,,49-9071,7770,20
711000,"Performing Arts, Spectator Sports, and Related Industries",NON_CORE,,37-2011,7660,21
711000,"Performing Arts, Spectator Sports, and Related Industries",NON_CORE,,35-3023,7570,22
711000,"Performing Arts, Spectator Sports, and Related Industries",NON_CORE,,27-3043,7190,23
711000,"Performing Arts, Spectator Sports, and Related Industries",NON_CORE,,39-2021,6840,24
711000,"Performing Arts, Spectator Sports, and Related Industries",NON_CORE,,35-3031,6220,25
711000,"Performing Arts, Spectator Sports, and Related Industries",NON_CORE,,27-3031,6110,26
711000,"Performing Arts, Spectator Sports, and Related Industries",NON_CORE,,27-2099,5800,27
711000,"Performing Arts, Spectator Sports, and Related Industries",NON_CORE,,13-1199,5550,28
711000,"Performing Arts, Spectator Sports, and Related Industries",NON_CORE,,13-2011,5490,29
711000,"Performing Arts, Spectator Sports, and Related Industries",NON_CORE,,27-2041,5350,30
711000,"Performing Arts, Spectator Sports, and Related Industries",NON_CORE,,43-3031,5120,31
711000,"Performing Arts, Spectator Sports, and Related Industries",NON_CORE,,41-2031,4850,32
711000,"Performing Arts, Spectator Sports, and Related Industries",NON_CORE,,27-2031,4530,33
711000,"Performing Arts, Spectator Sports, and Related Industries",NON_CORE,,11-9199,4430,34
711000,"Performing Arts, Spectator Sports, and Related Industries",NON_CORE,,13-1131,4210,35
711000,"Performing Arts, Spectator Sports, and Related Industries",NON_CORE,,11-2021,4170,36
711000,"Performing Arts, Spectator Sports, and Related Industries",NON_CORE,,27-2091,4010,37
711000,"Performing Arts, Spectator Sports, and Related Industries",NON_CORE,,43-1011,3950,38
711000,"Performing Arts, Spectator Sports, and Related Industries",NON_CORE,,37-3011,3850,39
712000,"Museums, Historical Sites, and Similar Institutions",NON_CORE,,39-7010,16080,0
712000,"Museums, Historical Sites, and Similar Institutions",NON_CORE,,43-4051,8680,1
712000,"Museums, Historical Sites, and Similar Institutions",NON_CORE,,39-2021,8250,2
712000,"Museums, Historical Sites, and Similar Institutions",NON_CORE,,11-1021,7520,3
712000,"Museums, Historical Sites, and Similar Institutions",NON_CORE,,25-3021,7400,4
712000,"Museums, Historical Sites, and Similar Institutions",NON_CORE,,25-4012,6700,5
712000,"Museums, Historical Sites, and Similar Institutions",NON_CORE,,33-9032,6130,6
712000,"Museums, Historical Sites, and Similar Institutions",NON_CORE,,25-4013,5980,7
712000,"Museums, Historical Sites, and Similar Institutions",NON_CORE,,39-3091,5620,8
712000,"Museums, Historical Sites, and Similar Institutions",NON_CORE,,49-9071,5130,9
712000,"Museums, Historical Sites, and Similar Institutions",NON_CORE,,41-2031,5020,10
712000,"Museums, Historical Sites, and Similar Institutions",NON_CORE,,41-2011,4570,11
712000,"Museums, Historical Sites, and Similar Institutions",NON_CORE,,37-3011,4010,12
712000,"Museums, Historical Sites, and Similar Institutions",NON_CORE,,37-2011,3990,13
712000,"Museums, Historical Sites, and Similar Institutions",NON_CORE,,43-9061,3310,14
712000,"Museums, Historical Sites, and Similar Institutions",NON_CORE,,13-1121,3310,15
712000,"Museums, Historical Sites, and Similar Institutions",NON_CORE,,13-1131,3190,16
712000,"Museums, Historical Sites, and Similar Institutions",NON_CORE,,43-6014,2760,17
712000,"Museums, Historical Sites, and Similar Institutions",NON_CORE,,13-1161,2490,18
712000,"Museums, Historical Sites, and Similar Institutions",NON_CORE,,39-3031,2410,19
712000,"Museums, Historical Sites, and Similar Institutions",NON_CORE,,39-9032,2410,20
712000,"Museums, Historical Sites, and Similar Institutions",NON_CORE,,43-1011,2180,21
712000,"Museums, Historical Sites, and Similar Institutions",NON_CORE,,27-3031,1910,22
712000,"Museums, Historical Sites, and Similar Institutions",NON_CORE,,35-3023,1910,23
712000,"Museums, Historical Sites, and Similar Institutions",NON_CORE,,39-1014,1910,24
712000,"Museums, Historical Sites, and Similar Institutions",NON_CORE,,43-3031,1770,25
712000,"Museums, Historical Sites, and Similar Institutions",NON_CORE,,11-9199,1770,26
712000,"Museums, Historical Sites, and Similar Institutions",NON_CORE,,43-4171,1750,27
712000,"Museums, Historical Sites, and Similar Institutions",NON_CORE,,13-2011,1690,28
712000,"Museums, Historical Sites, and Similar Institutions",NON_CORE,,13-1199,1500,29
712000,"Museums, Historical Sites, and Similar Institutions",NON_CORE,,41-1011,1440,30
712000,"Museums, Historical Sites, and Similar Institutions",NON_CORE,,25-4011,1240,31
712000,"Museums, Historical Sites, and Similar Institutions",NON_CORE,,11-3013,1230,32
712000,"Museums, Historical Sites, and Similar Institutions",NON_CORE,,25-9031,1180,33
712000,"Museums, Historical Sites, and Similar Institutions",NON_CORE,,13-1071,1160,34
712000,"Museums, Historical Sites, and Similar Institutions",NON_CORE,,11-2033,1140,35
712000,"Museums, Historical Sites, and Similar Institutions",NON_CORE,,43-6011,1020,36
712000,"Museums, Historical Sites, and Similar Institutions",NON_CORE,,11-2021,1000,37
712000,"Museums, Historical Sites, and Similar Institutions",NON_CORE,,27-1027,950,38
712000,"Museums, Historical Sites, and Similar Institutions",NON_CORE,,11-9039,940,39
713000,"Amusement, Gambling, and Recreation Industries",NON_CORE,,39-3091,276700,0
713000,"Amusement, Gambling, and Recreation Industries",NON_CORE,,39-9031,216690,1
713000,"Amusement, Gambling, and Recreation Industries",NON_CORE,,37-3011,94830,2
713000,"Amusement, Gambling, and Recreation Industries",NON_CORE,,35-3031,90870,3
713000,"Amusement, Gambling, and Recreation Industries",NON_CORE,,43-4171,64750,4
713000,"Amusement, Gambling, and Recreation Industries",NON_CORE,,33-9092,55890,5
713000,"Amusement, Gambling, and Recreation Industries",NON_CORE,,11-1021,50350,6
713000,"Amusement, Gambling, and Recreation Industries",NON_CORE,,35-2014,48730,7
713000,"Amusement, Gambling, and Recreation Industries",NON_CORE,,27-2022,46790,8
713000,"Amusement, Gambling, and Recreation Industries",NON_CORE,,35-3011,44830,9
713000,"Amusement, Gambling, and Recreation Industries",NON_CORE,,43-4051,44550,10
713000,"Amusement, Gambling, and Recreation Industries",NON_CORE,,37-2011,43770,11
713000,"Amusement, Gambling, and Recreation Industries",NON_CORE,,49-9071,39220,12
713000,"Amusement, Gambling, and Recreation Industries",NON_CORE,,41-2031,39180,13
713000,"Amusement, Gambling, and Recreation Industries",NON_CORE,,39-1014,38550,14
713000,"Amusement, Gambling, and Recreation Industries",NON_CORE,,35-3023,37370,15
713000,"Amusement, Gambling, and Recreation Industries",NON_CORE,,39-9032,35530,16
713000,"Amusement, Gambling, and Recreation Industries",NON_CORE,,41-2011,34030,17
713000,"Amusement, Gambling, and Recreation Industries",NON_CORE,,39-3011,33910,18
713000,"Amusement, Gambling, and Recreation Industries",NON_CORE,,39-9011,29990,19
713000,"Amusement, Gambling, and Recreation Industries",NON_CORE,,25-3021,27400,20
713000,"Amusement, Gambling, and Recreation Industries",NON_CORE,,33-9032,25700,21
713000,"Amusement, Gambling, and Recreation Industries",NON_CORE,,41-3091,23560,22
713000,"Amusement, Gambling, and Recreation Industries",NON_CORE,,35-1012,20040,23
713000,"Amusement, Gambling, and Recreation Industries",NON_CORE,,35-9011,17830,24
713000,"Amusement, Gambling, and Recreation Industries",NON_CORE,,43-9061,17100,25
713000,"Amusement, Gambling, and Recreation Industries",NON_CORE,,11-9072,15640,26
713000,"Amusement, Gambling, and Recreation Industries",NON_CORE,,35-9021,15050,27
713000,"Amusement, Gambling, and Recreation Industries",NON_CORE,,43-1011,12680,28
713000,"Amusement, Gambling, and Recreation Industries",NON_CORE,,43-3031,12340,29
713000,"Amusement, Gambling, and Recreation Industries",NON_CORE,,35-1011,11920,30
713000,"Amusement, Gambling, and Recreation Industries",NON_CORE,,41-2012,11880,31
713000,"Amusement, Gambling, and Recreation Industries",NON_CORE,,37-1012,11010,32
713000,"Amusement, Gambling, and Recreation Industries",NON_CORE,,37-2012,10930,33
713000,"Amusement, Gambling, and Recreation Industries",NON_CORE,,39-7010,10690,34
713000,"Amusement, Gambling, and Recreation Industries",NON_CORE,,39-1013,10430,35
713000,"Amusement, Gambling, and Recreation Industries",NON_CORE,,41-2021,10230,36
713000,"Amusement, Gambling, and Recreation Industries",NON_CORE,,35-9031,10170,37
713000,"Amusement, Gambling, and Recreation Industries",NON_CORE,,35-3041,9320,38
713000,"Amusement, Gambling, and Recreation Industries",NON_CORE,,43-6014,9300,39
721000,Accommodation,CORE,Hospitality/Hotels,37-2012,420800,0
721000,Accommodation,CORE,Hospitality/Hotels,43-4081,247700,1
721000,Accommodation,CORE,Hospitality/Hotels,35-3031,143620,2
721000,Accommodation,CORE,Hospitality/Hotels,49-9071,97440,3
721000,Accommodation,CORE,Hospitality/Hotels,35-2014,76860,4
721000,Accommodation,CORE,Hospitality/Hotels,35-9011,58670,5
721000,Accommodation,CORE,Hospitality/Hotels,35-3011,53480,6
721000,Accommodation,CORE,Hospitality/Hotels,37-2011,48770,7
721000,Accommodation,CORE,Hospitality/Hotels,39-3011,46770,8
721000,Accommodation,CORE,Hospitality/Hotels,43-1011,42340,9
721000,Accommodation,CORE,Hospitality/Hotels,37-1011,40380,10
721000,Accommodation,CORE,Hospitality/Hotels,51-6011,39980,11
721000,Accommodation,CORE,Hospitality/Hotels,11-9081,38100,12
721000,Accommodation,CORE,Hospitality/Hotels,33-9032,32230,13
721000,Accommodation,CORE,Hospitality/Hotels,35-1012,28460,14
721000,Accommodation,CORE,Hospitality/Hotels,35-9021,27800,15
721000,Accommodation,CORE,Hospitality/Hotels,11-1021,27450,16
721000,Accommodation,CORE,Hospitality/Hotels,41-3091,23570,17
721000,Accommodation,CORE,Hospitality/Hotels,35-9031,19720,18
721000,Accommodation,CORE,Hospitality/Hotels,35-1011,19340,19
721000,Accommodation,CORE,Hospitality/Hotels,35-3041,18500,20
721000,Accommodation,CORE,Hospitality/Hotels,39-3091,17320,21
721000,Accommodation,CORE,Hospitality/Hotels,39-6011,16590,22
721000,Accommodation,CORE,Hospitality/Hotels,35-2021,16280,23
721000,Accommodation,CORE,Hospitality/Hotels,35-3023,15880,24
721000,Accommodation,CORE,Hospitality/Hotels,43-3031,15400,25
721000,Accommodation,CORE,Hospitality/Hotels,37-3011,14440,26
721000,Accommodation,CORE,Hospitality/Hotels,39-1013,14300,27
721000,Accommodation,CORE,Hospitality/Hotels,11-9051,12060,28
721000,Accommodation,CORE,Hospitality/Hotels,49-1011,11890,29
721000,Accommodation,CORE,Hospitality/Hotels,43-4051,10250,30
721000,Accommodation,CORE,Hospitality/Hotels,43-9061,10020,31
721000,Accommodation,CORE,Hospitality/Hotels,13-2011,9970,32
721000,Accommodation,CORE,Hospitality/Hotels,11-2022,9770,33
721000,Accommodation,CORE,Hospitality/Hotels,39-9032,9650,34
721000,Accommodation,CORE,Hospitality/Hotels,31-9011,9400,35
721000,Accommodation,CORE,Hospitality/Hotels,41-2011,9320,36
721000,Accommodation,CORE,Hospitality/Hotels,13-1121,9240,37
721000,Accommodation,CORE,Hospitality/Hotels,41-2012,8450,38
721000,Accommodation,CORE,Hospitality/Hotels,35-2012,8400,39
722000,Food Services and Drinking Places,CORE,Hospitality/Hotels,35-3023,3351390,0
722000,Food Services and Drinking Places,CORE,Hospitality/Hotels,35-3031,1943380,1
722000,Food Services and Drinking Places,CORE,Hospitality/Hotels,35-2014,1235200,2
722000,Food Services and Drinking Places,CORE,Hospitality/Hotels,35-1012,1009330,3
722000,Food Services and Drinking Places,CORE,Hospitality/Hotels,35-2011,620270,4
722000,Food Services and Drinking Places,CORE,Hospitality/Hotels,35-3011,547090,5
722000,Food Services and Drinking Places,CORE,Hospitality/Hotels,35-2021,503270,6
722000,Food Services and Drinking Places,CORE,Hospitality/Hotels,35-9011,393120,7
722000,Food Services and Drinking Places,CORE,Hospitality/Hotels,35-9031,390670,8
722000,Food Services and Drinking Places,CORE,Hospitality/Hotels,35-9021,384590,9
722000,Food Services and Drinking Places,CORE,Hospitality/Hotels,41-2011,332950,10
722000,Food Services and Drinking Places,CORE,Hospitality/Hotels,11-9051,189610,11
722000,Food Services and Drinking Places,CORE,Hospitality/Hotels,11-1021,189320,12
722000,Food Services and Drinking Places,CORE,Hospitality/Hotels,53-3031,174910,13
722000,Food Services and Drinking Places,CORE,Hospitality/Hotels,35-1011,141120,14
722000,Food Services and Drinking Places,CORE,Hospitality/Hotels,35-2015,107430,15
722000,Food Services and Drinking Places,CORE,Hospitality/Hotels,35-2012,77100,16
722000,Food Services and Drinking Places,CORE,Hospitality/Hotels,37-2011,69160,17
722000,Food Services and Drinking Places,CORE,Hospitality/Hotels,51-3011,65960,18
722000,Food Services and Drinking Places,CORE,Hospitality/Hotels,35-9099,61800,19
722000,Food Services and Drinking Places,CORE,Hospitality/Hotels,35-3041,44610,20
722000,Food Services and Drinking Places,CORE,Hospitality/Hotels,49-9071,36130,21
722000,Food Services and Drinking Places,CORE,Hospitality/Hotels,13-1151,34110,22
722000,Food Services and Drinking Places,CORE,Hospitality/Hotels,43-9061,28430,23
722000,Food Services and Drinking Places,CORE,Hospitality/Hotels,33-9032,28120,24
722000,Food Services and Drinking Places,CORE,Hospitality/Hotels,43-3031,20760,25
722000,Food Services and Drinking Places,CORE,Hospitality/Hotels,41-2031,20570,26
722000,Food Services and Drinking Places,CORE,Hospitality/Hotels,43-4051,19320,27
722000,Food Services and Drinking Places,CORE,Hospitality/Hotels,53-3033,13570,28
722000,Food Services and Drinking Places,CORE,Hospitality/Hotels,43-6014,12350,29
722000,Food Services and Drinking Places,CORE,Hospitality/Hotels,13-1121,11560,30
722000,Food Services and Drinking Places,CORE,Hospitality/Hotels,53-7065,11340,31
722000,Food Services and Drinking Places,CORE,Hospitality/Hotels,41-1011,11070,32
722000,Food Services and Drinking Places,CORE,Hospitality/Hotels,37-2012,9480,33
722000,Food Services and Drinking Places,CORE,Hospitality/Hotels,29-1031,7800,34
722000,Food Services and Drinking Places,CORE,Hospitality/Hotels,13-1161,7400,35
722000,Food Services and Drinking Places,CORE,Hospitality/Hotels,35-2019,6980,36
722000,Food Services and Drinking Places,CORE,Hospitality/Hotels,53-7062,6850,37
722000,Food Services and Drinking Places,CORE,Hospitality/Hotels,41-3091,6420,38
722000,Food Services and Drinking Places,CORE,Hospitality/Hotels,13-2011,6370,39
811000,Repair and Maintenance,NON_CORE,,49-3023,254270,0
811000,Repair and Maintenance,NON_CORE,,53-7061,161330,1
811000,Repair and Maintenance,NON_CORE,,49-3021,109530,2
811000,Repair and Maintenance,NON_CORE,,11-1021,77530,3
811000,Repair and Maintenance,NON_CORE,,49-1011,62870,4
811000,Repair and Maintenance,NON_CORE,,49-9041,55110,5
811000,Repair and Maintenance,NON_CORE,,43-9061,48420,6
811000,Repair and Maintenance,NON_CORE,,53-6031,36060,7
811000,Repair and Maintenance,NON_CORE,,49-3031,33000,8
811000,Repair and Maintenance,NON_CORE,,41-2021,29370,9
811000,Repair and Maintenance,NON_CORE,,51-9124,29280,10
811000,Repair and Maintenance,NON_CORE,,43-3031,25360,11
811000,Repair and Maintenance,NON_CORE,,53-1047,24660,12
811000,Repair and Maintenance,NON_CORE,,13-1051,21960,13
811000,Repair and Maintenance,NON_CORE,,43-6014,21490,14
811000,Repair and Maintenance,NON_CORE,,43-4051,21160,15
811000,Repair and Maintenance,NON_CORE,,49-9098,18930,16
811000,Repair and Maintenance,NON_CORE,,41-3091,18460,17
811000,Repair and Maintenance,NON_CORE,,49-3022,18060,18
811000,Repair and Maintenance,NON_CORE,,51-4121,17530,19
811000,Repair and Maintenance,NON_CORE,,49-9031,13520,20
811000,Repair and Maintenance,NON_CORE,,49-2011,11970,21
811000,Repair and Maintenance,NON_CORE,,49-9071,11370,22
811000,Repair and Maintenance,NON_CORE,,53-3032,11110,23
811000,Repair and Maintenance,NON_CORE,,41-2022,11020,24
811000,Repair and Maintenance,NON_CORE,,53-7062,10910,25
811000,Repair and Maintenance,NON_CORE,,41-2011,10180,26
811000,Repair and Maintenance,NON_CORE,,49-9021,10130,27
811000,Repair and Maintenance,NON_CORE,,43-1011,10000,28
811000,Repair and Maintenance,NON_CORE,,49-3093,9950,29
811000,Repair and Maintenance,NON_CORE,,49-9062,9690,30
811000,Repair and Maintenance,NON_CORE,,49-3042,9330,31
811000,Repair and Maintenance,NON_CORE,,37-2011,8600,32
811000,Repair and Maintenance,NON_CORE,,51-4041,7470,33
811000,Repair and Maintenance,NON_CORE,,43-4171,6970,34
811000,Repair and Maintenance,NON_CORE,,53-3033,6950,35
811000,Repair and Maintenance,NON_CORE,,43-5071,6930,36
811000,Repair and Maintenance,NON_CORE,,49-9099,6880,37
811000,Repair and Maintenance,NON_CORE,,49-3051,5940,38
811000,Repair and Maintenance,NON_CORE,,13-2011,5810,39
812000,Personal and Laundry Services,NON_CORE,,39-5012,266220,0
812000,Personal and Laundry Services,NON_CORE,,39-5092,150760,1
812000,Personal and Laundry Services,NON_CORE,,39-2021,146230,2
812000,Personal and Laundry Services,NON_CORE,,51-6011,97260,3
812000,Personal and Laundry Services,NON_CORE,,43-4171,84400,4
812000,Personal and Laundry Services,NON_CORE,,53-6021,72350,5
812000,Personal and Laundry Services,NON_CORE,,39-5094,54150,6
812000,Personal and Laundry Services,NON_CORE,,31-9011,50480,7
812000,Personal and Laundry Services,NON_CORE,,11-1021,44810,8
812000,Personal and Laundry Services,NON_CORE,,39-1022,42430,9
812000,Personal and Laundry Services,NON_CORE,,39-4021,30920,10
812000,Personal and Laundry Services,NON_CORE,,41-2021,26650,11
812000,Personal and Laundry Services,NON_CORE,,39-4031,24780,12
812000,Personal and Laundry Services,NON_CORE,,43-9061,24110,13
812000,Personal and Laundry Services,NON_CORE,,43-4051,23790,14
812000,Personal and Laundry Services,NON_CORE,,51-6021,23420,15
812000,Personal and Laundry Services,NON_CORE,,53-3031,23290,16
812000,Personal and Laundry Services,NON_CORE,,39-9099,18310,17
812000,Personal and Laundry Services,NON_CORE,,37-2011,17650,18
812000,Personal and Laundry Services,NON_CORE,,41-3091,15710,19
812000,Personal and Laundry Services,NON_CORE,,39-5011,14740,20
812000,Personal and Laundry Services,NON_CORE,,43-6014,14430,21
812000,Personal and Laundry Services,NON_CORE,,37-3011,14200,22
812000,Personal and Laundry Services,NON_CORE,,11-9171,13850,23
812000,Personal and Laundry Services,NON_CORE,,39-9031,13210,24
812000,Personal and Laundry Services,NON_CORE,,53-3053,13110,25
812000,Personal and Laundry Services,NON_CORE,,53-1047,12850,26
812000,Personal and Laundry Services,NON_CORE,,41-2011,11890,27
812000,Personal and Laundry Services,NON_CORE,,49-9071,11000,28
812000,Personal and Laundry Services,NON_CORE,,41-2031,9920,29
812000,Personal and Laundry Services,NON_CORE,,51-1011,9800,30
812000,Personal and Laundry Services,NON_CORE,,43-1011,9490,31
812000,Personal and Laundry Services,NON_CORE,,39-2011,9090,32
812000,Personal and Laundry Services,NON_CORE,,53-3033,8390,33
812000,Personal and Laundry Services,NON_CORE,,53-7062,8290,34
812000,Personal and Laundry Services,NON_CORE,,43-3031,8190,35
812000,Personal and Laundry Services,NON_CORE,,39-5093,7990,36
812000,Personal and Laundry Services,NON_CORE,,39-6012,5270,37
812000,Personal and Laundry Services,NON_CORE,,13-1121,4750,38
812000,Personal and Laundry Services,NON_CORE,,13-1199,4370,39
813000,"Religious, Grantmaking, Civic, Professional, and Similar Organizations",NON_CORE,,11-1021,95880,0
813000,"Religious, Grantmaking, Civic, Professional, and Similar Organizations",NON_CORE,,43-6014,59870,1
813000,"Religious, Grantmaking, Civic, Professional, and Similar Organizations",NON_CORE,,13-1075,50560,2
813000,"Religious, Grantmaking, Civic, Professional, and Similar Organizations",NON_CORE,,43-9061,45220,3
813000,"Religious, Grantmaking, Civic, Professional, and Similar Organizations",NON_CORE,,35-3011,40670,4
813000,"Religious, Grantmaking, Civic, Professional, and Similar Organizations",NON_CORE,,13-1199,39380,5
813000,"Religious, Grantmaking, Civic, Professional, and Similar Organizations",NON_CORE,,27-3031,39200,6
813000,"Religious, Grantmaking, Civic, Professional, and Similar Organizations",NON_CORE,,13-1131,35150,7
813000,"Religious, Grantmaking, Civic, Professional, and Similar Organizations",NON_CORE,,39-9011,33810,8
813000,"Religious, Grantmaking, Civic, Professional, and Similar Organizations",NON_CORE,,39-9031,32630,9
813000,"Religious, Grantmaking, Civic, Professional, and Similar Organizations",NON_CORE,,21-1093,32020,10
813000,"Religious, Grantmaking, Civic, Professional, and Similar Organizations",NON_CORE,,49-9071,31990,11
813000,"Religious, Grantmaking, Civic, Professional, and Similar Organizations",NON_CORE,,43-3031,31340,12
813000,"Religious, Grantmaking, Civic, Professional, and Similar Organizations",NON_CORE,,39-9032,29530,13
813000,"Religious, Grantmaking, Civic, Professional, and Similar Organizations",NON_CORE,,37-2011,26060,14
813000,"Religious, Grantmaking, Civic, Professional, and Similar Organizations",NON_CORE,,13-2011,26030,15
813000,"Religious, Grantmaking, Civic, Professional, and Similar Organizations",NON_CORE,,21-2011,25070,16
813000,"Religious, Grantmaking, Civic, Professional, and Similar Organizations",NON_CORE,,43-4051,24680,17
813000,"Religious, Grantmaking, Civic, Professional, and Similar Organizations",NON_CORE,,13-1161,21200,18
813000,"Religious, Grantmaking, Civic, Professional, and Similar Organizations",NON_CORE,,25-3021,20950,19
813000,"Religious, Grantmaking, Civic, Professional, and Similar Organizations",NON_CORE,,11-9151,20520,20
813000,"Religious, Grantmaking, Civic, Professional, and Similar Organizations",NON_CORE,,33-9092,20220,21
813000,"Religious, Grantmaking, Civic, Professional, and Similar Organizations",NON_CORE,,43-4171,17910,22
813000,"Religious, Grantmaking, Civic, Professional, and Similar Organizations",NON_CORE,,21-2021,17660,23
813000,"Religious, Grantmaking, Civic, Professional, and Similar Organizations",NON_CORE,,43-1011,17510,24
813000,"Religious, Grantmaking, Civic, Professional, and Similar Organizations",NON_CORE,,11-9199,17320,25
813000,"Religious, Grantmaking, Civic, Professional, and Similar Organizations",NON_CORE,,25-2011,15960,26
813000,"Religious, Grantmaking, Civic, Professional, and Similar Organizations",NON_CORE,,13-1121,15570,27
813000,"Religious, Grantmaking, Civic, Professional, and Similar Organizations",NON_CORE,,43-6011,14610,28
813000,"Religious, Grantmaking, Civic, Professional, and Similar Organizations",NON_CORE,,21-2099,14010,29
813000,"Religious, Grantmaking, Civic, Professional, and Similar Organizations",NON_CORE,,33-9032,12420,30
813000,"Religious, Grantmaking, Civic, Professional, and Similar Organizations",NON_CORE,,13-1082,12190,31
813000,"Religious, Grantmaking, Civic, Professional, and Similar Organizations",NON_CORE,,21-1099,12010,32
813000,"Religious, Grantmaking, Civic, Professional, and Similar Organizations",NON_CORE,,13-1151,11740,33
813000,"Religious, Grantmaking, Civic, Professional, and Similar Organizations",NON_CORE,,13-1071,11560,34
813000,"Religious, Grantmaking, Civic, Professional, and Similar Organizations",NON_CORE,,11-3031,11550,35
813000,"Religious, Grantmaking, Civic, Professional, and Similar Organizations",NON_CORE,,11-2033,11480,36
813000,"Religious, Grantmaking, Civic, Professional, and Similar Organizations",NON_CORE,,35-3031,11130,37
813000,"Religious, Grantmaking, Civic, Professional, and Similar Organizations",NON_CORE,,11-2032,10860,38
813000,"Religious, Grantmaking, Civic, Professional, and Similar Organizations",NON_CORE,,39-2021,10440,39
999000,"Federal, State, and Local Government, excluding State and Local Government Schools and Hospitals and the U.S. Postal Service (OEWS Designation)",NON_CORE,,33-3051,642460,0
999000,"Federal, State, and Local Government, excluding State and Local Government Schools and Hospitals and the U.S. Postal Service (OEWS Designation)",NON_CORE,,33-3012,362970,1
999000,"Federal, State, and Local Government, excluding State and Local Government Schools and Hospitals and the U.S. Postal Service (OEWS Designation)",NON_CORE,,33-2011,323330,2
999000,"Federal, State, and Local Government, excluding State and Local Government Schools and Hospitals and the U.S. Postal Service (OEWS Designation)",NON_CORE,,13-1199,287270,3
999000,"Federal, State, and Local Government, excluding State and Local Government Schools and Hospitals and the U.S. Postal Service (OEWS Designation)",NON_CORE,,43-9061,238880,4
999000,"Federal, State, and Local Government, excluding State and Local Government Schools and Hospitals and the U.S. Postal Service (OEWS Designation)",NON_CORE,,43-6014,182040,5
999000,"Federal, State, and Local Government, excluding State and Local Government Schools and Hospitals and the U.S. Postal Service (OEWS Designation)",NON_CORE,,13-1111,177300,6
999000,"Federal, State, and Local Government, excluding State and Local Government Schools and Hospitals and the U.S. Postal Service (OEWS Designation)",NON_CORE,,43-4031,176440,7
999000,"Federal, State, and Local Government, excluding State and Local Government Schools and Hospitals and the U.S. Postal Service (OEWS Designation)",NON_CORE,,49-9071,175200,8
999000,"Federal, State, and Local Government, excluding State and Local Government Schools and Hospitals and the U.S. Postal Service (OEWS Designation)",NON_CORE,,29-1141,169640,9
999000,"Federal, State, and Local Government, excluding State and Local Government Schools and Hospitals and the U.S. Postal Service (OEWS Designation)",NON_CORE,,23-1011,160180,10
999000,"Federal, State, and Local Government, excluding State and Local Government Schools and Hospitals and the U.S. Postal Service (OEWS Designation)",NON_CORE,,21-1021,154590,11
999000,"Federal, State, and Local Government, excluding State and Local Government Schools and Hospitals and the U.S. Postal Service (OEWS Designation)",NON_CORE,,33-1012,149820,12
999000,"Federal, State, and Local Government, excluding State and Local Government Schools and Hospitals and the U.S. Postal Service (OEWS Designation)",NON_CORE,,47-4051,148690,13
999000,"Federal, State, and Local Government, excluding State and Local Government Schools and Hospitals and the U.S. Postal Service (OEWS Designation)",NON_CORE,,11-1021,144690,14
999000,"Federal, State, and Local Government, excluding State and Local Government Schools and Hospitals and the U.S. Postal Service (OEWS Designation)",NON_CORE,,13-1041,142880,15
999000,"Federal, State, and Local Government, excluding State and Local Government Schools and Hospitals and the U.S. Postal Service (OEWS Designation)",NON_CORE,,43-4061,142140,16
999000,"Federal, State, and Local Government, excluding State and Local Government Schools and Hospitals and the U.S. Postal Service (OEWS Designation)",NON_CORE,,11-9199,135880,17
999000,"Federal, State, and Local Government, excluding State and Local Government Schools and Hospitals and the U.S. Postal Service (OEWS Designation)",NON_CORE,,43-1011,124440,18
999000,"Federal, State, and Local Government, excluding State and Local Government Schools and Hospitals and the U.S. Postal Service (OEWS Designation)",NON_CORE,,13-2011,118180,19
999000,"Federal, State, and Local Government, excluding State and Local Government Schools and Hospitals and the U.S. Postal Service (OEWS Designation)",NON_CORE,,33-3021,113700,20
999000,"Federal, State, and Local Government, excluding State and Local Government Schools and Hospitals and the U.S. Postal Service (OEWS Designation)",NON_CORE,,39-9032,113060,21
999000,"Federal, State, and Local Government, excluding State and Local Government Schools and Hospitals and the U.S. Postal Service (OEWS Designation)",NON_CORE,,51-8031,96290,22
999000,"Federal, State, and Local Government, excluding State and Local Government Schools and Hospitals and the U.S. Postal Service (OEWS Designation)",NON_CORE,,33-1021,95360,23
999000,"Federal, State, and Local Government, excluding State and Local Government Schools and Hospitals and the U.S. Postal Service (OEWS Designation)",NON_CORE,,53-3052,95340,24
999000,"Federal, State, and Local Government, excluding State and Local Government Schools and Hospitals and the U.S. Postal Service (OEWS Designation)",NON_CORE,,37-2011,93510,25
999000,"Federal, State, and Local Government, excluding State and Local Government Schools and Hospitals and the U.S. Postal Service (OEWS Designation)",NON_CORE,,37-3011,91410,26
999000,"Federal, State, and Local Government, excluding State and Local Government Schools and Hospitals and the U.S. Postal Service (OEWS Designation)",NON_CORE,,43-3031,91330,27
999000,"Federal, State, and Local Government, excluding State and Local Government Schools and Hospitals and the U.S. Postal Service (OEWS Designation)",NON_CORE,,13-1071,90840,28
999000,"Federal, State, and Local Government, excluding State and Local Government Schools and Hospitals and the U.S. Postal Service (OEWS Designation)",NON_CORE,,43-5031,86820,29
999000,"Federal, State, and Local Government, excluding State and Local Government Schools and Hospitals and the U.S. Postal Service (OEWS Designation)",NON_CORE,,21-1092,86720,30
999000,"Federal, State, and Local Government, excluding State and Local Government Schools and Hospitals and the U.S. Postal Service (OEWS Designation)",NON_CORE,,17-2051,85150,31
999000,"Federal, State, and Local Government, excluding State and Local Government Schools and Hospitals and the U.S. Postal Service (OEWS Designation)",NON_CORE,,21-1093,84730,32
999000,"Federal, State, and Local Government, excluding State and Local Government Schools and Hospitals and the U.S. Postal Service (OEWS Designation)",NON_CORE,,47-2073,81930,33
999000,"Federal, State, and Local Government, excluding State and Local Government Schools and Hospitals and the U.S. Postal Service (OEWS Designation)",NON_CORE,,43-4051,71030,34
999000,"Federal, State, and Local Government, excluding State and Local Government Schools and Hospitals and the U.S. Postal Service (OEWS Designation)",NON_CORE,,43-4199,70100,35
999000,"Federal, State, and Local Government, excluding State and Local Government Schools and Hospitals and the U.S. Postal Service (OEWS Designation)",NON_CORE,,43-6011,66040,36
999000,"Federal, State, and Local Government, excluding State and Local Government Schools and Hospitals and the U.S. Postal Service (OEWS Designation)",NON_CORE,,13-1020,63580,37
999000,"Federal, State, and Local Government, excluding State and Local Government Schools and Hospitals and the U.S. Postal Service (OEWS Designation)",NON_CORE,,47-4011,61650,38
999000,"Federal, State, and Local Government, excluding State and Local Government Schools and Hospitals and the U.S. Postal Service (OEWS Designation)",NON_CORE,,13-1031,59520,39
