naics_code,naics_title,client_industry
11,"Agriculture, Forestry, Fishing and Hunting",
111,Crop Production,
1111,Oilseed and Grain Farming,
11111,Soybean Farming,
111110,Soybean Farming,
11112,Oilseed (except Soybean) Farming,
111120,Oilseed (except Soybean) Farming,
11113,Dry Pea and Bean Farming,
111130,Dry Pea and Bean Farming,
11114,Wheat Farming,
111140,Wheat Farming,
11115,Corn Farming,
111150,Corn Farming,
11116,Rice Farming,
111160,Rice Farming,
11119,Other Grain Farming,
111191,Oilseed and Grain Combination Farming,
111199,All Other Grain Farming,
1112,Vegetable and Melon Farming,
11121,Vegetable and Melon Farming,
111211,Potato Farming,
111219,Other Vegetable (except Potato) and Melon Farming,
1113,Fruit and Tree Nut Farming,
11131,Orange Groves,
111310,Orange Groves,
11132,Citrus (except Orange) Groves,
111320,Citrus (except Orange) Groves,
11133,Noncitrus Fruit and Tree Nut Farming,
111331,Apple Orchards,
111332,Grape Vineyards,
111333,Strawberry Farming,
111334,Berry (except Strawberry) Farming,
111335,Tree Nut Farming,
111336,Fruit and Tree Nut Combination Farming,
111339,Other Noncitrus Fruit Farming,
1114,"Greenhouse, Nursery, and Floriculture Production",
11141,Food Crops Grown Under Cover,
111411,Mushroom Production,
111419,Other Food Crops Grown Under Cover,
11142,Nursery and Floriculture Production,
111421,Nursery and Tree Production,
111422,Floriculture Production,
1119,Other Crop Farming,
11191,Tobacco Farming,
111910,Tobacco Farming,
11192,Cotton Farming,
111920,Cotton Farming,
11193,Sugarcane Farming,
111930,Sugarcane Farming,
11194,Hay Farming,
111940,Hay Farming,
11199,All Other Crop Farming,
111991,Sugar Beet Farming,
111992,Peanut Farming,
111998,All Other Miscellaneous Crop Farming,
112,Animal Production and Aquaculture,
1121,Cattle Ranching and Farming,
11211,"Beef Cattle Ranching and Farming, including Feedlots",
112111,Beef Cattle Ranching and Farming,
112112,Cattle Feedlots,
11212,Dairy Cattle and Milk Production,
112120,Dairy Cattle and Milk Production,
11213,Dual-Purpose Cattle Ranching and Farming,
112130,Dual-Purpose Cattle Ranching and Farming,
1122,Hog and Pig Farming,
11221,Hog and Pig Farming,
112210,Hog and Pig Farming,
1123,Poultry and Egg Production,
11231,Chicken Egg Production,
112310,Chicken Egg Production,
11232,Broilers and Other Meat Type Chicken Production,
112320,Broilers and Other Meat Type Chicken Production,
11233,Turkey Production,
112330,Turkey Production,
11234,Poultry Hatcheries,
112340,Poultry Hatcheries,
11239,Other Poultry Production,
112390,Other Poultry Production,
1124,Sheep and Goat Farming,
11241,Sheep Farming,
112410,Sheep Farming,
11242,Goat Farming,
112420,Goat Farming,
1125,Aquaculture,
11251,Aquaculture,
112511,Finfish Farming and Fish Hatcheries,
112512,Shellfish Farming,
112519,Other Aquaculture,
1129,Other Animal Production,
11291,Apiculture,
112910,Apiculture,
11292,Horses and Other Equine Production,
112920,Horses and Other Equine Production,
11293,Fur-Bearing Animal and Rabbit Production,
112930,Fur-Bearing Animal and Rabbit Production,
11299,All Other Animal Production,
112990,All Other Animal Production,
113,Forestry and Logging,
1131,Timber Tract Operations,
11311,Timber Tract Operations,
113110,Timber Tract Operations,
1132,Forest Nurseries and Gathering of Forest Products,
11321,Forest Nurseries and Gathering of Forest Products,
113210,Forest Nurseries and Gathering of Forest Products,
1133,Logging,
11331,Logging,
113310,Logging,
114,"Fishing, Hunting and Trapping",
1141,Fishing,
11411,Fishing,
114111,Finfish Fishing,
114112,Shellfish Fishing,
114119,Other Marine Fishing,
1142,Hunting and Trapping,
11421,Hunting and Trapping,
114210,Hunting and Trapping,
115,Support Activities for Agriculture and Forestry,
1151,Support Activities for Crop Production,
11511,Support Activities for Crop Production,
115111,Cotton Ginning,
115112,"Soil Preparation, Planting, and Cultivating",
115113,"Crop Harvesting, Primarily by Machine",
115114,Postharvest Crop Activities (except Cotton Ginning),
115115,Farm Labor Contractors and Crew Leaders,
115116,Farm Management Services,
1152,Support Activities for Animal Production,
11521,Support Activities for Animal Production,
115210,Support Activities for Animal Production,
1153,Support Activities for Forestry,
11531,Support Activities for Forestry,
115310,Support Activities for Forestry,
21,"Mining, Quarrying, and Oil and Gas Extraction",
211,Oil and Gas Extraction,
2111,Oil and Gas Extraction,
21112,Crude Petroleum Extraction,
211120,Crude Petroleum Extraction,
21113,Natural Gas Extraction,
211130,Natural Gas Extraction,
212,Mining (except Oil and Gas),
2121,Coal Mining,
21211,Coal Mining,
212114,Surface Coal Mining,
212115,Underground Coal Mining,
2122,Metal Ore Mining,
21221,Iron Ore Mining,
212210,Iron Ore Mining,
21222,Gold Ore and Silver Ore Mining,
212220,Gold Ore and Silver Ore Mining,
21223,"Copper, Nickel, Lead, and Zinc Mining",
212230,"Copper, Nickel, Lead, and Zinc Mining",
21229,Other Metal Ore Mining,
212290,Other Metal Ore Mining,
2123,Nonmetallic Mineral Mining and Quarrying,
21231,Stone Mining and Quarrying,
212311,Dimension Stone Mining and Quarrying,
212312,Crushed and Broken Limestone Mining and Quarrying,
212313,Crushed and Broken Granite Mining and Quarrying,
212319,Other Crushed and Broken Stone Mining and Quarrying,
21232,"Sand, Gravel, Clay, and Ceramic and Refractory Minerals Mining and Quarrying",
212321,Construction Sand and Gravel Mining,
212322,Industrial Sand Mining,
212323,"Kaolin, Clay, and Ceramic and Refractory Minerals Mining",
21239,Other Nonmetallic Mineral Mining and Quarrying,
212390,Other Nonmetallic Mineral Mining and Quarrying,
213,Support Activities for Mining,
2131,Support Activities for Mining,
21311,Support Activities for Mining,
213111,Drilling Oil and Gas Wells,
213112,Support Activities for Oil and Gas Operations,
213113,Support Activities for Coal Mining,
213114,Support Activities for Metal Mining,
213115,Support Activities for Nonmetallic Minerals (except Fuels) Mining,
22,Utilities,
221,Utilities,
2211,"Electric Power Generation, Transmission and Distribution",
22111,Electric Power Generation,
221111,Hydroelectric Power Generation,
221112,Fossil Fuel Electric Power Generation,
221113,Nuclear Electric Power Generation,
221114,Solar Electric Power Generation,
221115,Wind Electric Power Generation,
221116,Geothermal Electric Power Generation,
221117,Biomass Electric Power Generation,
221118,Other Electric Power Generation,
22112,"Electric Power Transmission, Control, and Distribution",
221121,Electric Bulk Power Transmission and Control,
221122,Electric Power Distribution,
2212,Natural Gas Distribution,
22121,Natural Gas Distribution,
221210,Natural Gas Distribution,
2213,"Water, Sewage and Other Systems",
22131,Water Supply and Irrigation Systems,
221310,Water Supply and Irrigation Systems,
22132,Sewage Treatment Facilities,
221320,Sewage Treatment Facilities,
22133,Steam and Air-Conditioning Supply,
221330,Steam and Air-Conditioning Supply,
23,Construction,Construction
236,Construction of Buildings,Construction
2361,Residential Building Construction,Construction
23611,Residential Building Construction,Construction
236115,New Single-Family Housing Construction (except For-Sale Builders),Construction
236116,New Multifamily Housing Construction (except For-Sale Builders),Construction
236117,New Housing For-Sale Builders,Construction
236118,Residential Remodelers,Construction
2362,Nonresidential Building Construction,Construction
23621,Industrial Building Construction,Construction
236210,Industrial Building Construction,Construction
23622,Commercial and Institutional Building Construction,Construction
236220,Commercial and Institutional Building Construction,Construction
237,Heavy and Civil Engineering Construction,Construction
2371,Utility System Construction,Construction
23711,Water and Sewer Line and Related Structures Construction,Construction
237110,Water and Sewer Line and Related Structures Construction,Construction
23712,Oil and Gas Pipeline and Related Structures Construction,Construction
237120,Oil and Gas Pipeline and Related Structures Construction,Construction
23713,Power and Communication Line and Related Structures Construction,Construction
237130,Power and Communication Line and Related Structures Construction,Construction
2372,Land Subdivision,Construction
23721,Land Subdivision,Construction
237210,Land Subdivision,Construction
2373,"Highway, Street, and Bridge Construction",Construction
23731,"Highway, Street, and Bridge Construction",Construction
237310,"Highway, Street, and Bridge Construction",Construction
2379,Other Heavy and Civil Engineering Construction,Construction
23799,Other Heavy and Civil Engineering Construction,Construction
237990,Other Heavy and Civil Engineering Construction,Construction
238,Specialty Trade Contractors,Construction
2381,"Foundation, Structure, and Building Exterior Contractors",Construction
23811,Poured Concrete Foundation and Structure Contractors,Construction
238110,Poured Concrete Foundation and Structure Contractors,Construction
23812,Structural Steel and Precast Concrete Contractors,Construction
238120,Structural Steel and Precast Concrete Contractors,Construction
23813,Framing Contractors,Construction
238130,Framing Contractors,Construction
23814,Masonry Contractors,Construction
238140,Masonry Contractors,Construction
23815,Glass and Glazing Contractors,Construction
238150,Glass and Glazing Contractors,Construction
23816,Roofing Contractors,Construction
238160,Roofing Contractors,Construction
23817,Siding Contractors,Construction
238170,Siding Contractors,Construction
23819,"Other Foundation, Structure, and Building Exterior Contractors",Construction
238190,"Other Foundation, Structure, and Building Exterior Contractors",Construction
2382,Building Equipment Contractors,Construction
23821,Electrical Contractors and Other Wiring Installation Contractors,Construction
238210,Electrical Contractors and Other Wiring Installation Contractors,Construction
23822,"Plumbing, Heating, and Air-Conditioning Contractors",Construction
238220,"Plumbing, Heating, and Air-Conditioning Contractors",Construction
23829,Other Building Equipment Contractors,Construction
238290,Other Building Equipment Contractors,Construction
2383,Building Finishing Contractors,Construction
23831,Drywall and Insulation Contractors,Construction
238310,Drywall and Insulation Contractors,Construction
23832,Painting and Wall Covering Contractors,Construction
238320,Painting and Wall Covering Contractors,Construction
23833,Flooring Contractors,Construction
238330,Flooring Contractors,Construction
23834,Tile and Terrazzo Contractors,Construction
238340,Tile and Terrazzo Contractors,Construction
23835,Finish Carpentry Contractors,Construction
238350,Finish Carpentry Contractors,Construction
23839,Other Building Finishing Contractors,Construction
238390,Other Building Finishing Contractors,Construction
2389,Other Specialty Trade Contractors,Construction
23891,Site Preparation Contractors,Construction
238910,Site Preparation Contractors,Construction
23899,All Other Specialty Trade Contractors,Construction
238990,All Other Specialty Trade Contractors,Construction
31-33,Manufacturing,
311,Food Manufacturing,Food & Beverage Manufacturing
3111,Animal Food Manufacturing,Food & Beverage Manufacturing
31111,Animal Food Manufacturing,Food & Beverage Manufacturing
311111,Dog and Cat Food Manufacturing,Food & Beverage Manufacturing
311119,Other Animal Food Manufacturing,Food & Beverage Manufacturing
3112,Grain and Oilseed Milling,Food & Beverage Manufacturing
31121,Flour Milling and Malt Manufacturing,Food & Beverage Manufacturing
311211,Flour Milling,Food & Beverage Manufacturing
311212,Rice Milling,Food & Beverage Manufacturing
311213,Malt Manufacturing,Food & Beverage Manufacturing
31122,Starch and Vegetable Fats and Oils Manufacturing,Food & Beverage Manufacturing
311221,Wet Corn Milling and Starch Manufacturing,Food & Beverage Manufacturing
311224,Soybean and Other Oilseed Processing,Food & Beverage Manufacturing
311225,Fats and Oils Refining and Blending,Food & Beverage Manufacturing
31123,Breakfast Cereal Manufacturing,Food & Beverage Manufacturing
311230,Breakfast Cereal Manufacturing,Food & Beverage Manufacturing
3113,Sugar and Confectionery Product Manufacturing,Food & Beverage Manufacturing
31131,Sugar Manufacturing,Food & Beverage Manufacturing
311313,Beet Sugar Manufacturing,Food & Beverage Manufacturing
311314,Cane Sugar Manufacturing,Food & Beverage Manufacturing
31134,Nonchocolate Confectionery Manufacturing,Food & Beverage Manufacturing
311340,Nonchocolate Confectionery Manufacturing,Food & Beverage Manufacturing
31135,Chocolate and Confectionery Manufacturing,Food & Beverage Manufacturing
311351,Chocolate and Confectionery Manufacturing from Cacao Beans,Food & Beverage Manufacturing
311352,Confectionery Manufacturing from Purchased Chocolate,Food & Beverage Manufacturing
3114,Fruit and Vegetable Preserving and Specialty Food Manufacturing,Food & Beverage Manufacturing
31141,Frozen Food Manufacturing,Food & Beverage Manufacturing
311411,"Frozen Fruit, Juice, and Vegetable Manufacturing",Food & Beverage Manufacturing
311412,Frozen Specialty Food Manufacturing,Food & Beverage Manufacturing
31142,"Fruit and Vegetable Canning, Pickling, and Drying",Food & Beverage Manufacturing
311421,Fruit and Vegetable Canning,Food & Beverage Manufacturing
311422,Specialty Canning,Food & Beverage Manufacturing
311423,Dried and Dehydrated Food Manufacturing,Food & Beverage Manufacturing
3115,Dairy Product Manufacturing,Food & Beverage Manufacturing
31151,Dairy Product (except Frozen) Manufacturing,Food & Beverage Manufacturing
311511,Fluid Milk Manufacturing,Food & Beverage Manufacturing
311512,Creamery Butter Manufacturing,Food & Beverage Manufacturing
311513,Cheese Manufacturing,Food & Beverage Manufacturing
311514,"Dry, Condensed, and Evaporated Dairy Product Manufacturing",Food & Beverage Manufacturing
31152,Ice Cream and Frozen Dessert Manufacturing,Food & Beverage Manufacturing
311520,Ice Cream and Frozen Dessert Manufacturing,Food & Beverage Manufacturing
3116,Animal Slaughtering and Processing,Food & Beverage Manufacturing
31161,Animal Slaughtering and Processing,Food & Beverage Manufacturing
311611,Animal (except Poultry) Slaughtering,Food & Beverage Manufacturing
311612,Meat Processed from Carcasses,Food & Beverage Manufacturing
311613,Rendering and Meat Byproduct Processing,Food & Beverage Manufacturing
311615,Poultry Processing,Food & Beverage Manufacturing
3117,Seafood Product Preparation and Packaging,Food & Beverage Manufacturing
31171,Seafood Product Preparation and Packaging,Food & Beverage Manufacturing
311710,Seafood Product Preparation and Packaging,Food & Beverage Manufacturing
3118,Bakeries and Tortilla Manufacturing,Food & Beverage Manufacturing
31181,Bread and Bakery Product Manufacturing,Food & Beverage Manufacturing
311811,Retail Bakeries,Food & Beverage Manufacturing
311812,Commercial Bakeries,Food & Beverage Manufacturing
311813,"Frozen Cakes, Pies, and Other Pastries Manufacturing",Food & Beverage Manufacturing
31182,"Cookie, Cracker, and Pasta Manufacturing",Food & Beverage Manufacturing
311821,Cookie and Cracker Manufacturing,Food & Beverage Manufacturing
311824,"Dry Pasta, Dough, and Flour Mixes Manufacturing from Purchased Flour",Food & Beverage Manufacturing
31183,Tortilla Manufacturing,Food & Beverage Manufacturing
311830,Tortilla Manufacturing,Food & Beverage Manufacturing
3119,Other Food Manufacturing,Food & Beverage Manufacturing
31191,Snack Food Manufacturing,Food & Beverage Manufacturing
311911,Roasted Nuts and Peanut Butter Manufacturing,Food & Beverage Manufacturing
311919,Other Snack Food Manufacturing,Food & Beverage Manufacturing
31192,Coffee and Tea Manufacturing,Food & Beverage Manufacturing
311920,Coffee and Tea Manufacturing,Food & Beverage Manufacturing
31193,Flavoring Syrup and Concentrate Manufacturing,Food & Beverage Manufacturing
311930,Flavoring Syrup and Concentrate Manufacturing,Food & Beverage Manufacturing
31194,Seasoning and Dressing Manufacturing,Food & Beverage Manufacturing
311941,"Mayonnaise, Dressing, and Other Prepared Sauce Manufacturing",Food & Beverage Manufacturing
311942,Spice and Extract Manufacturing,Food & Beverage Manufacturing
31199,All Other Food Manufacturing,Food & Beverage Manufacturing
311991,Perishable Prepared Food Manufacturing,Food & Beverage Manufacturing
311999,All Other Miscellaneous Food Manufacturing,Food & Beverage Manufacturing
312,Beverage and Tobacco Product Manufacturing,Food & Beverage Manufacturing
3121,Beverage Manufacturing,Food & Beverage Manufacturing
31211,Soft Drink and Ice Manufacturing,Food & Beverage Manufacturing
312111,Soft Drink Manufacturing,Food & Beverage Manufacturing
312112,Bottled Water Manufacturing,Food & Beverage Manufacturing
312113,Ice Manufacturing,Food & Beverage Manufacturing
31212,Breweries,Food & Beverage Manufacturing
312120,Breweries,Food & Beverage Manufacturing
31213,Wineries,Food & Beverage Manufacturing
312130,Wineries,Food & Beverage Manufacturing
31214,Distilleries,Food & Beverage Manufacturing
312140,Distilleries,Food & Beverage Manufacturing
3122,Tobacco Manufacturing,Food & Beverage Manufacturing
31223,Tobacco Manufacturing,Food & Beverage Manufacturing
312230,Tobacco Manufacturing,Food & Beverage Manufacturing
313,Textile Mills,Manufacturing
3131,"Fiber, Yarn, and Thread Mills",Manufacturing
31311,"Fiber, Yarn, and Thread Mills",Manufacturing
313110,"Fiber, Yarn, and Thread Mills",Manufacturing
3132,Fabric Mills,Manufacturing
31321,Broadwoven Fabric Mills,Manufacturing
313210,Broadwoven Fabric Mills,Manufacturing
31322,Narrow Fabric Mills and Schiffli Machine Embroidery,Manufacturing
313220,Narrow Fabric Mills and Schiffli Machine Embroidery,Manufacturing
31323,Nonwoven Fabric Mills,Manufacturing
313230,Nonwoven Fabric Mills,Manufacturing
31324,Knit Fabric Mills,Manufacturing
313240,Knit Fabric Mills,Manufacturing
3133,Textile and Fabric Finishing and Fabric Coating Mills,Manufacturing
31331,Textile and Fabric Finishing Mills,Manufacturing
313310,Textile and Fabric Finishing Mills,Manufacturing
31332,Fabric Coating Mills,Manufacturing
313320,Fabric Coating Mills,Manufacturing
314,Textile Product Mills,Manufacturing
3141,Textile Furnishings Mills,Manufacturing
31411,Carpet and Rug Mills,Manufacturing
314110,Carpet and Rug Mills,Manufacturing
31412,Curtain and Linen Mills,Manufacturing
314120,Curtain and Linen Mills,Manufacturing
3149,Other Textile Product Mills,Manufacturing
31491,Textile Bag and Canvas Mills,Manufacturing
314910,Textile Bag and Canvas Mills,Manufacturing
31499,All Other Textile Product Mills,Manufacturing
314994,"Rope, Cordage, Twine, Tire Cord, and Tire Fabric Mills",Manufacturing
314999,All Other Miscellaneous Textile Product Mills,Manufacturing
315,Apparel Manufacturing,Manufacturing
3151,Apparel Knitting Mills,Manufacturing
31512,Apparel Knitting Mills,Manufacturing
315120,Apparel Knitting Mills,Manufacturing
3152,Cut and Sew Apparel Manufacturing,Manufacturing
31521,Cut and Sew Apparel Contractors,Manufacturing
315210,Cut and Sew Apparel Contractors,Manufacturing
31525,Cut and Sew Apparel Manufacturing (except Contractors),Manufacturing
315250,Cut and Sew Apparel Manufacturing (except Contractors),Manufacturing
3159,Apparel Accessories and Other Apparel Manufacturing,Manufacturing
31599,Apparel Accessories and Other Apparel Manufacturing,Manufacturing
315990,Apparel Accessories and Other Apparel Manufacturing,Manufacturing
316,Leather and Allied Product Manufacturing,Manufacturing
3161,Leather and Hide Tanning and Finishing,Manufacturing
31611,Leather and Hide Tanning and Finishing,Manufacturing
316110,Leather and Hide Tanning and Finishing,Manufacturing
3162,Footwear Manufacturing,Manufacturing
31621,Footwear Manufacturing,Manufacturing
316210,Footwear Manufacturing,Manufacturing
3169,Other Leather and Allied Product Manufacturing,Manufacturing
31699,Other Leather and Allied Product Manufacturing,Manufacturing
316990,Other Leather and Allied Product Manufacturing,Manufacturing
321,Wood Product Manufacturing,Manufacturing
3211,Sawmills and Wood Preservation,Manufacturing
32111,Sawmills and Wood Preservation,Manufacturing
321113,Sawmills,Manufacturing
321114,Wood Preservation,Manufacturing
3212,"Veneer, Plywood, and Engineered Wood Product Manufacturing",Manufacturing
32121,"Veneer, Plywood, and Engineered Wood Product Manufacturing",Manufacturing
321211,Hardwood Veneer and Plywood Manufacturing,Manufacturing
321212,Softwood Veneer and Plywood Manufacturing,Manufacturing
321215,Engineered Wood Member Manufacturing,Manufacturing
321219,Reconstituted Wood Product Manufacturing,Manufacturing
3219,Other Wood Product Manufacturing,Manufacturing
32191,Millwork,Manufacturing
321911,Wood Window and Door Manufacturing,Manufacturing
321912,"Cut Stock, Resawing Lumber, and Planing",Manufacturing
321918,Other Millwork (including Flooring),Manufacturing
32192,Wood Container and Pallet Manufacturing,Manufacturing
321920,Wood Container and Pallet Manufacturing,Manufacturing
32199,All Other Wood Product Manufacturing,Manufacturing
321991,Manufactured Home (Mobile Home) Manufacturing,Manufacturing
321992,Prefabricated Wood Building Manufacturing,Manufacturing
321999,All Other Miscellaneous Wood Product Manufacturing,Manufacturing
322,Paper Manufacturing,Manufacturing
3221,"Pulp, Paper, and Paperboard Mills",Manufacturing
32211,Pulp Mills,Manufacturing
322110,Pulp Mills,Manufacturing
32212,Paper Mills,Manufacturing
322120,Paper Mills,Manufacturing
32213,Paperboard Mills,Manufacturing
322130,Paperboard Mills,Manufacturing
3222,Converted Paper Product Manufacturing,Manufacturing
32221,Paperboard Container Manufacturing,Manufacturing
322211,Corrugated and Solid Fiber Box Manufacturing,Manufacturing
322212,Folding Paperboard Box Manufacturing,Manufacturing
322219,Other Paperboard Container Manufacturing,Manufacturing
32222,Paper Bag and Coated and Treated Paper Manufacturing,Manufacturing
322220,Paper Bag and Coated and Treated Paper Manufacturing,Manufacturing
32223,Stationery Product Manufacturing,Manufacturing
322230,Stationery Product Manufacturing,Manufacturing
32229,Other Converted Paper Product Manufacturing,Manufacturing
322291,Sanitary Paper Product Manufacturing,Manufacturing
322299,All Other Converted Paper Product Manufacturing,Manufacturing
323,Printing and Related Support Activities,Manufacturing
3231,Printing and Related Support Activities,Manufacturing
32311,Printing,Manufacturing
323111,Commercial Printing (except Screen and Books),Manufacturing
323113,Commercial Screen Printing,Manufacturing
323117,Books Printing,Manufacturing
32312,Support Activities for Printing,Manufacturing
323120,Support Activities for Printing,Manufacturing
324,Petroleum and Coal Products Manufacturing,Manufacturing
3241,Petroleum and Coal Products Manufacturing,Manufacturing
32411,Petroleum Refineries,Manufacturing
324110,Petroleum Refineries,Manufacturing
32412,"Asphalt Paving, Roofing, and Saturated Materials Manufacturing",Manufacturing
324121,Asphalt Paving Mixture and Block Manufacturing,Manufacturing
324122,Asphalt Shingle and Coating Materials Manufacturing,Manufacturing
32419,Other Petroleum and Coal Products Manufacturing,Manufacturing
324191,Petroleum Lubricating Oil and Grease Manufacturing,Manufacturing
324199,All Other Petroleum and Coal Products Manufacturing,Manufacturing
325,Chemical Manufacturing,Manufacturing
3251,Basic Chemical Manufacturing,Manufacturing
32511,Petrochemical Manufacturing,Manufacturing
325110,Petrochemical Manufacturing,Manufacturing
32512,Industrial Gas Manufacturing,Manufacturing
325120,Industrial Gas Manufacturing,Manufacturing
32513,Synthetic Dye and Pigment Manufacturing,Manufacturing
325130,Synthetic Dye and Pigment Manufacturing,Manufacturing
32518,Other Basic Inorganic Chemical Manufacturing,Manufacturing
325180,Other Basic Inorganic Chemical Manufacturing,Manufacturing
32519,Other Basic Organic Chemical Manufacturing,Manufacturing
325193,Ethyl Alcohol Manufacturing,Manufacturing
325194,"Cyclic Crude, Intermediate, and Gum and Wood Chemical Manufacturing",Manufacturing
325199,All Other Basic Organic Chemical Manufacturing,Manufacturing
3252,"Resin, Synthetic Rubber, and Artificial and Synthetic Fibers and Filaments Manufacturing",Manufacturing
32521,Resin and Synthetic Rubber Manufacturing,Manufacturing
325211,Plastics Material and Resin Manufacturing,Manufacturing
325212,Synthetic Rubber Manufacturing,Manufacturing
32522,Artificial and Synthetic Fibers and Filaments Manufacturing,Manufacturing
325220,Artificial and Synthetic Fibers and Filaments Manufacturing,Manufacturing
3253,"Pesticide, Fertilizer, and Other Agricultural Chemical Manufacturing",Manufacturing
32531,Fertilizer and Compost Manufacturing,Manufacturing
325311,Nitrogenous Fertilizer Manufacturing,Manufacturing
325312,Phosphatic Fertilizer Manufacturing,Manufacturing
325314,Fertilizer (Mixing Only) Manufacturing,Manufacturing
325315,Compost Manufacturing,Manufacturing
32532,Pesticide and Other Agricultural Chemical Manufacturing,Manufacturing
325320,Pesticide and Other Agricultural Chemical Manufacturing,Manufacturing
3254,Pharmaceutical and Medicine Manufacturing,Manufacturing
32541,Pharmaceutical and Medicine Manufacturing,Manufacturing
325411,Medicinal and Botanical Manufacturing,Manufacturing
325412,Pharmaceutical Preparation Manufacturing,Manufacturing
325413,In-Vitro Diagnostic Substance Manufacturing,Manufacturing
325414,Biological Product (except Diagnostic) Manufacturing,Manufacturing
3255,"Paint, Coating, and Adhesive Manufacturing",Manufacturing
32551,Paint and Coating Manufacturing,Manufacturing
325510,Paint and Coating Manufacturing,Manufacturing
32552,Adhesive Manufacturing,Manufacturing
325520,Adhesive Manufacturing,Manufacturing
3256,"Soap, Cleaning Compound, and Toilet Preparation Manufacturing",Manufacturing
32561,Soap and Cleaning Compound Manufacturing,Manufacturing
325611,Soap and Other Detergent Manufacturing,Manufacturing
325612,Polish and Other Sanitation Good Manufacturing,Manufacturing
325613,Surface Active Agent Manufacturing,Manufacturing
32562,Toilet Preparation Manufacturing,Manufacturing
325620,Toilet Preparation Manufacturing,Manufacturing
3259,Other Chemical Product and Preparation Manufacturing,Manufacturing
32591,Printing Ink Manufacturing,Manufacturing
325910,Printing Ink Manufacturing,Manufacturing
32592,Explosives Manufacturing,Manufacturing
325920,Explosives Manufacturing,Manufacturing
32599,All Other Chemical Product and Preparation Manufacturing,Manufacturing
325991,Custom Compounding of Purchased Resins,Manufacturing
325992,"Photographic Film, Paper, Plate, Chemical, and Copy Toner Manufacturing",Manufacturing
325998,All Other Miscellaneous Chemical Product and Preparation Manufacturing,Manufacturing
326,Plastics and Rubber Products Manufacturing,Plastics/Rubber
3261,Plastics Product Manufacturing,Plastics/Rubber
32611,Plastics Packaging Materials and Unlaminated Film and Sheet Manufacturing,Plastics/Rubber
326111,Plastics Bag and Pouch Manufacturing,Plastics/Rubber
326112,Plastics Packaging Film and Sheet (including Laminated) Manufacturing,Plastics/Rubber
326113,Unlaminated Plastics Film and Sheet (except Packaging) Manufacturing,Plastics/Rubber
32612,"Plastics Pipe, Pipe Fitting, and Unlaminated Profile Shape Manufacturing",Plastics/Rubber
326121,Unlaminated Plastics Profile Shape Manufacturing,Plastics/Rubber
326122,Plastics Pipe and Pipe Fitting Manufacturing,Plastics/Rubber
32613,"Laminated Plastics Plate, Sheet (except Packaging), and Shape Manufacturing",Plastics/Rubber
326130,"Laminated Plastics Plate, Sheet (except Packaging), and Shape Manufacturing",Plastics/Rubber
32614,Polystyrene Foam Product Manufacturing,Plastics/Rubber
326140,Polystyrene Foam Product Manufacturing,Plastics/Rubber
32615,Urethane and Other Foam Product (except Polystyrene) Manufacturing,Plastics/Rubber
326150,Urethane and Other Foam Product (except Polystyrene) Manufacturing,Plastics/Rubber
32616,Plastics Bottle Manufacturing,Plastics/Rubber
326160,Plastics Bottle Manufacturing,Plastics/Rubber
32619,Other Plastics Product Manufacturing,Plastics/Rubber
326191,Plastics Plumbing Fixture Manufacturing,Plastics/Rubber
326199,All Other Plastics Product Manufacturing,Plastics/Rubber
3262,Rubber Product Manufacturing,Plastics/Rubber
32621,Tire Manufacturing,Plastics/Rubber
326211,Tire Manufacturing (except Retreading),Plastics/Rubber
326212,Tire Retreading,Plastics/Rubber
32622,Rubber and Plastics Hoses and Belting Manufacturing,Plastics/Rubber
326220,Rubber and Plastics Hoses and Belting Manufacturing,Plastics/Rubber
32629,Other Rubber Product Manufacturing,Plastics/Rubber
326291,Rubber Product Manufacturing for Mechanical Use,Plastics/Rubber
326299,All Other Rubber Product Manufacturing,Plastics/Rubber
327,Nonmetallic Mineral Product Manufacturing,Manufacturing
3271,Clay Product and Refractory Manufacturing,Manufacturing
32711,"Pottery, Ceramics, and Plumbing Fixture Manufacturing",Manufacturing
327110,"Pottery, Ceramics, and Plumbing Fixture Manufacturing",Manufacturing
32712,Clay Building Material and Refractories Manufacturing,Manufacturing
327120,Clay Building Material and Refractories Manufacturing,Manufacturing
3272,Glass and Glass Product Manufacturing,Manufacturing
32721,Glass and Glass Product Manufacturing,Manufacturing
327211,Flat Glass Manufacturing,Manufacturing
327212,Other Pressed and Blown Glass and Glassware Manufacturing,Manufacturing
327213,Glass Container Manufacturing,Manufacturing
327215,Glass Product Manufacturing Made of Purchased Glass,Manufacturing
3273,Cement and Concrete Product Manufacturing,Manufacturing
32731,Cement Manufacturing,Manufacturing
327310,Cement Manufacturing,Manufacturing
32732,Ready-Mix Concrete Manufacturing,Manufacturing
327320,Ready-Mix Concrete Manufacturing,Manufacturing
32733,"Concrete Pipe, Brick, and Block Manufacturing",Manufacturing
327331,Concrete Block and Brick Manufacturing,Manufacturing
327332,Concrete Pipe Manufacturing,Manufacturing
32739,Other Concrete Product Manufacturing,Manufacturing
327390,Other Concrete Product Manufacturing,Manufacturing
3274,Lime and Gypsum Product Manufacturing,Manufacturing
32741,Lime Manufacturing,Manufacturing
327410,Lime Manufacturing,Manufacturing
32742,Gypsum Product Manufacturing,Manufacturing
327420,Gypsum Product Manufacturing,Manufacturing
3279,Other Nonmetallic Mineral Product Manufacturing,Manufacturing
32791,Abrasive Product Manufacturing,Manufacturing
327910,Abrasive Product Manufacturing,Manufacturing
32799,All Other Nonmetallic Mineral Product Manufacturing,Manufacturing
327991,Cut Stone and Stone Product Manufacturing,Manufacturing
327992,Ground or Treated Mineral and Earth Manufacturing,Manufacturing
327993,Mineral Wool Manufacturing,Manufacturing
327999,All Other Miscellaneous Nonmetallic Mineral Product Manufacturing,Manufacturing
331,Primary Metal Manufacturing,Manufacturing
3311,Iron and Steel Mills and Ferroalloy Manufacturing,Manufacturing
33111,Iron and Steel Mills and Ferroalloy Manufacturing,Manufacturing
331110,Iron and Steel Mills and Ferroalloy Manufacturing,Manufacturing
3312,Steel Product Manufacturing from Purchased Steel,Manufacturing
33121,Iron and Steel Pipe and Tube Manufacturing from Purchased Steel,Manufacturing
331210,Iron and Steel Pipe and Tube Manufacturing from Purchased Steel,Manufacturing
33122,Rolling and Drawing of Purchased Steel,Manufacturing
331221,Rolled Steel Shape Manufacturing,Manufacturing
331222,Steel Wire Drawing,Manufacturing
3313,Alumina and Aluminum Production and Processing,Manufacturing
33131,Alumina and Aluminum Production and Processing,Manufacturing
331313,Alumina Refining and Primary Aluminum Production,Manufacturing
331314,Secondary Smelting and Alloying of Aluminum,Manufacturing
331315,"Aluminum Sheet, Plate, and Foil Manufacturing",Manufacturing
331318,"Other Aluminum Rolling, Drawing, and Extruding",Manufacturing
3314,Nonferrous Metal (except Aluminum) Production and Processing,Manufacturing
33141,Nonferrous Metal (except Aluminum) Smelting and Refining,Manufacturing
331410,Nonferrous Metal (except Aluminum) Smelting and Refining,Manufacturing
33142,"Copper Rolling, Drawing, Extruding, and Alloying",Manufacturing
331420,"Copper Rolling, Drawing, Extruding, and Alloying",Manufacturing
33149,"Nonferrous Metal (except Copper and Aluminum) Rolling, Drawing, Extruding, and Alloying",Manufacturing
331491,"Nonferrous Metal (except Copper and Aluminum) Rolling, Drawing, and Extruding",Manufacturing
331492,"Secondary Smelting, Refining, and Alloying of Nonferrous Metal (except Copper and Aluminum)",Manufacturing
3315,Foundries,Manufacturing
33151,Ferrous Metal Foundries,Manufacturing
331511,Iron Foundries,Manufacturing
331512,Steel Investment Foundries,Manufacturing
331513,Steel Foundries (except Investment),Manufacturing
33152,Nonferrous Metal Foundries,Manufacturing
331523,Nonferrous Metal Die-Casting Foundries,Manufacturing
331524,Aluminum Foundries (except Die-Casting),Manufacturing
331529,Other Nonferrous Metal Foundries (except Die-Casting),Manufacturing
332,Fabricated Metal Product Manufacturing,Industrial Equipment/Machinery
3321,Forging and Stamping,Industrial Equipment/Machinery
33211,Forging and Stamping,Industrial Equipment/Machinery
332111,Iron and Steel Forging,Industrial Equipment/Machinery
332112,Nonferrous Forging,Industrial Equipment/Machinery
332114,Custom Roll Forming,Industrial Equipment/Machinery
332117,Powder Metallurgy Part Manufacturing,Industrial Equipment/Machinery
332119,"Metal Crown, Closure, and Other Metal Stamping (except Automotive)",Industrial Equipment/Machinery
3322,Cutlery and Handtool Manufacturing,Industrial Equipment/Machinery
33221,Cutlery and Handtool Manufacturing,Industrial Equipment/Machinery
332215,"Metal Kitchen Cookware, Utensil, Cutlery, and Flatware (except Precious) Manufacturing",Industrial Equipment/Machinery
332216,Saw Blade and Handtool Manufacturing,Industrial Equipment/Machinery
3323,Architectural and Structural Metals Manufacturing,Industrial Equipment/Machinery
33231,Plate Work and Fabricated Structural Product Manufacturing,Industrial Equipment/Machinery
332311,Prefabricated Metal Building and Component Manufacturing,Industrial Equipment/Machinery
332312,Fabricated Structural Metal Manufacturing,Industrial Equipment/Machinery
332313,Plate Work Manufacturing,Industrial Equipment/Machinery
33232,Ornamental and Architectural Metal Products Manufacturing,Industrial Equipment/Machinery
332321,Metal Window and Door Manufacturing,Industrial Equipment/Machinery
332322,Sheet Metal Work Manufacturing,Industrial Equipment/Machinery
332323,Ornamental and Architectural Metal Work Manufacturing,Industrial Equipment/Machinery
3324,"Boiler, Tank, and Shipping Container Manufacturing",Industrial Equipment/Machinery
33241,Power Boiler and Heat Exchanger Manufacturing,Industrial Equipment/Machinery
332410,Power Boiler and Heat Exchanger Manufacturing,Industrial Equipment/Machinery
33242,Metal Tank (Heavy Gauge) Manufacturing,Industrial Equipment/Machinery
332420,Metal Tank (Heavy Gauge) Manufacturing,Industrial Equipment/Machinery
33243,"Metal Can, Box, and Other Metal Container (Light Gauge) Manufacturing",Industrial Equipment/Machinery
332431,Metal Can Manufacturing,Industrial Equipment/Machinery
332439,Other Metal Container Manufacturing,Industrial Equipment/Machinery
3325,Hardware Manufacturing,Industrial Equipment/Machinery
33251,Hardware Manufacturing,Industrial Equipment/Machinery
332510,Hardware Manufacturing,Industrial Equipment/Machinery
3326,Spring and Wire Product Manufacturing,Industrial Equipment/Machinery
33261,Spring and Wire Product Manufacturing,Industrial Equipment/Machinery
332613,Spring Manufacturing,Industrial Equipment/Machinery
332618,Other Fabricated Wire Product Manufacturing,Industrial Equipment/Machinery
3327,"Machine Shops; Turned Product; and Screw, Nut, and Bolt Manufacturing",Industrial Equipment/Machinery
33271,Machine Shops,Industrial Equipment/Machinery
332710,Machine Shops,Industrial Equipment/Machinery
33272,"Turned Product and Screw, Nut, and Bolt Manufacturing",Industrial Equipment/Machinery
332721,Precision Turned Product Manufacturing,Industrial Equipment/Machinery
332722,"Bolt, Nut, Screw, Rivet, and Washer Manufacturing",Industrial Equipment/Machinery
3328,"Coating, Engraving, Heat Treating, and Allied Activities",Industrial Equipment/Machinery
33281,"Coating, Engraving, Heat Treating, and Allied Activities",Industrial Equipment/Machinery
332811,Metal Heat Treating,Industrial Equipment/Machinery
332812,"Metal Coating, Engraving (except Jewelry and Silverware), and Allied Services to Manufacturers",Industrial Equipment/Machinery
332813,"Electroplating, Plating, Polishing, Anodizing, and Coloring",Industrial Equipment/Machinery
3329,Other Fabricated Metal Product Manufacturing,Industrial Equipment/Machinery
33291,Metal Valve Manufacturing,Industrial Equipment/Machinery
332911,Industrial Valve Manufacturing,Industrial Equipment/Machinery
332912,Fluid Power Valve and Hose Fitting Manufacturing,Industrial Equipment/Machinery
332913,Plumbing Fixture Fitting and Trim Manufacturing,Industrial Equipment/Machinery
332919,Other Metal Valve and Pipe Fitting Manufacturing,Industrial Equipment/Machinery
33299,All Other Fabricated Metal Product Manufacturing,Industrial Equipment/Machinery
332991,Ball and Roller Bearing Manufacturing,Industrial Equipment/Machinery
332992,Small Arms Ammunition Manufacturing,Industrial Equipment/Machinery
332993,Ammunition (except Small Arms) Manufacturing,Industrial Equipment/Machinery
332994,"Small Arms, Ordnance, and Ordnance Accessories Manufacturing",Industrial Equipment/Machinery
332996,Fabricated Pipe and Pipe Fitting Manufacturing,Industrial Equipment/Machinery
332999,All Other Miscellaneous Fabricated Metal Product Manufacturing,Industrial Equipment/Machinery
333,Machinery Manufacturing,Industrial Equipment/Machinery
3331,"Agriculture, Construction, and Mining Machinery Manufacturing",Industrial Equipment/Machinery
33311,Agricultural Implement Manufacturing,Industrial Equipment/Machinery
333111,Farm Machinery and Equipment Manufacturing,Industrial Equipment/Machinery
333112,Lawn and Garden Tractor and Home Lawn and Garden Equipment Manufacturing,Industrial Equipment/Machinery
33312,Construction Machinery Manufacturing,Industrial Equipment/Machinery
333120,Construction Machinery Manufacturing,Industrial Equipment/Machinery
33313,Mining and Oil and Gas Field Machinery Manufacturing,Industrial Equipment/Machinery
333131,Mining Machinery and Equipment Manufacturing,Industrial Equipment/Machinery
333132,Oil and Gas Field Machinery and Equipment Manufacturing,Industrial Equipment/Machinery
3332,Industrial Machinery Manufacturing,Industrial Equipment/Machinery
33324,Industrial Machinery Manufacturing,Industrial Equipment/Machinery
333241,Food Product Machinery Manufacturing,Industrial Equipment/Machinery
333242,Semiconductor Machinery Manufacturing,Industrial Equipment/Machinery
333243,"Sawmill, Woodworking, and Paper Machinery Manufacturing",Industrial Equipment/Machinery
333248,All Other Industrial Machinery Manufacturing,Industrial Equipment/Machinery
3333,Commercial and Service Industry Machinery Manufacturing,Industrial Equipment/Machinery
33331,Commercial and Service Industry Machinery Manufacturing,Industrial Equipment/Machinery
333310,Commercial and Service Industry Machinery Manufacturing,Industrial Equipment/Machinery
3334,"Ventilation, Heating, Air-Conditioning, and Commercial Refrigeration Equipment Manufacturing",Industrial Equipment/Machinery
33341,"Ventilation, Heating, Air-Conditioning, and Commercial Refrigeration Equipment Manufacturing",Industrial Equipment/Machinery
333413,Industrial and Commercial Fan and Blower and Air Purification Equipment Manufacturing,Industrial Equipment/Machinery
333414,Heating Equipment (except Warm Air Furnaces) Manufacturing,Industrial Equipment/Machinery
333415,Air-Conditioning and Warm Air Heating Equipment and Commercial and Industrial Refrigeration Equipment Manufacturing,Industrial Equipment/Machinery
3335,Metalworking Machinery Manufacturing,Industrial Equipment/Machinery
33351,Metalworking Machinery Manufacturing,Industrial Equipment/Machinery
333511,Industrial Mold Manufacturing,Industrial Equipment/Machinery
333514,"Special Die and Tool, Die Set, Jig, and Fixture Manufacturing",Industrial Equipment/Machinery
333515,Cutting Tool and Machine Tool Accessory Manufacturing,Industrial Equipment/Machinery
333517,Machine Tool Manufacturing,Industrial Equipment/Machinery
333519,Rolling Mill and Other Metalworking Machinery Manufacturing,Industrial Equipment/Machinery
3336,"Engine, Turbine, and Power Transmission Equipment Manufacturing",Industrial Equipment/Machinery
33361,"Engine, Turbine, and Power Transmission Equipment Manufacturing",Industrial Equipment/Machinery
333611,Turbine and Turbine Generator Set Units Manufacturing,Industrial Equipment/Machinery
333612,"Speed Changer, Industrial High-Speed Drive, and Gear Manufacturing",Industrial Equipment/Machinery
333613,Mechanical Power Transmission Equipment Manufacturing,Industrial Equipment/Machinery
333618,Other Engine Equipment Manufacturing,Industrial Equipment/Machinery
3339,Other General Purpose Machinery Manufacturing,Industrial Equipment/Machinery
33391,Pump and Compressor Manufacturing,Industrial Equipment/Machinery
333912,Air and Gas Compressor Manufacturing,Industrial Equipment/Machinery
333914,"Measuring, Dispensing, and Other Pumping Equipment Manufacturing",Industrial Equipment/Machinery
33392,Material Handling Equipment Manufacturing,Industrial Equipment/Machinery
333921,Elevator and Moving Stairway Manufacturing,Industrial Equipment/Machinery
333922,Conveyor and Conveying Equipment Manufacturing,Industrial Equipment/Machinery
333923,"Overhead Traveling Crane, Hoist, and Monorail System Manufacturing",Industrial Equipment/Machinery
333924,"Industrial Truck, Tractor, Trailer, and Stacker Machinery Manufacturing",Industrial Equipment/Machinery
33399,All Other General Purpose Machinery Manufacturing,Industrial Equipment/Machinery
333991,Power-Driven Handtool Manufacturing,Industrial Equipment/Machinery
333992,Welding and Soldering Equipment Manufacturing,Industrial Equipment/Machinery
333993,Packaging Machinery Manufacturing,Industrial Equipment/Machinery
333994,Industrial Process Furnace and Oven Manufacturing,Industrial Equipment/Machinery
333995,Fluid Power Cylinder and Actuator Manufacturing,Industrial Equipment/Machinery
333996,Fluid Power Pump and Motor Manufacturing,Industrial Equipment/Machinery
333998,All Other Miscellaneous General Purpose Machinery Manufacturing,Industrial Equipment/Machinery
334,Computer and Electronic Product Manufacturing,Manufacturing
3341,Computer and Peripheral Equipment Manufacturing,Manufacturing
33411,Computer and Peripheral Equipment Manufacturing,Manufacturing
334111,Electronic Computer Manufacturing,Manufacturing
334112,Computer Storage Device Manufacturing,Manufacturing
334118,Computer Terminal and Other Computer Peripheral Equipment Manufacturing,Manufacturing
3342,Communications Equipment Manufacturing,Manufacturing
33421,Telephone Apparatus Manufacturing,Manufacturing
334210,Telephone Apparatus Manufacturing,Manufacturing
33422,Radio and Television Broadcasting and Wireless Communications Equipment Manufacturing,Manufacturing
334220,Radio and Television Broadcasting and Wireless Communications Equipment Manufacturing,Manufacturing
33429,Other Communications Equipment Manufacturing,Manufacturing
334290,Other Communications Equipment Manufacturing,Manufacturing
3343,Audio and Video Equipment Manufacturing,Manufacturing
33431,Audio and Video Equipment Manufacturing,Manufacturing
334310,Audio and Video Equipment Manufacturing,Manufacturing
3344,Semiconductor and Other Electronic Component Manufacturing,Manufacturing
33441,Semiconductor and Other Electronic Component Manufacturing,Manufacturing
334412,Bare Printed Circuit Board Manufacturing,Manufacturing
334413,Semiconductor and Related Device Manufacturing,Manufacturing
334416,"Capacitor, Resistor, Coil, Transformer, and Other Inductor Manufacturing",Manufacturing
334417,Electronic Connector Manufacturing,Manufacturing
334418,Printed Circuit Assembly (Electronic Assembly) Manufacturing,Manufacturing
334419,Other Electronic Component Manufacturing,Manufacturing
3345,"Navigational, Measuring, Electromedical, and Control Instruments Manufacturing",Manufacturing
33451,"Navigational, Measuring, Electromedical, and Control Instruments Manufacturing",Manufacturing
334510,Electromedical and Electrotherapeutic Apparatus Manufacturing,Manufacturing
334511,"Search, Detection, Navigation, Guidance, Aeronautical, and Nautical System and Instrument Manufacturing",Manufacturing
334512,"Automatic Environmental Control Manufacturing for Residential, Commercial, and Appliance Use",Manufacturing
334513,"Instruments and Related Products Manufacturing for Measuring, Displaying, and Controlling Industrial Process Variables",Manufacturing
334514,Totalizing Fluid Meter and Counting Device Manufacturing,Manufacturing
334515,Instrument Manufacturing for Measuring and Testing Electricity and Electrical Signals,Manufacturing
334516,Analytical Laboratory Instrument Manufacturing,Manufacturing
334517,Irradiation Apparatus Manufacturing,Manufacturing
334519,Other Measuring and Controlling Device Manufacturing,Manufacturing
3346,Manufacturing and Reproducing Magnetic and Optical Media,Manufacturing
33461,Manufacturing and Reproducing Magnetic and Optical Media,Manufacturing
334610,Manufacturing and Reproducing Magnetic and Optical Media,Manufacturing
335,"Electrical Equipment, Appliance, and Component Manufacturing",Manufacturing
3351,Electric Lighting Equipment Manufacturing,Manufacturing
33513,Electric Lighting Equipment Manufacturing,Manufacturing
335131,Residential Electric Lighting Fixture Manufacturing,Manufacturing
335132,"Commercial, Industrial, and Institutional Electric Lighting Fixture Manufacturing",Manufacturing
335139,Electric Lamp Bulb and Other Lighting Equipment Manufacturing,Manufacturing
3352,Household Appliance Manufacturing,Manufacturing
33521,Small Electrical Appliance Manufacturing,Manufacturing
335210,Small Electrical Appliance Manufacturing,Manufacturing
33522,Major Household Appliance Manufacturing,Manufacturing
335220,Major Household Appliance Manufacturing,Manufacturing
3353,Electrical Equipment Manufacturing,Manufacturing
33531,Electrical Equipment Manufacturing,Manufacturing
335311,"Power, Distribution, and Specialty Transformer Manufacturing",Manufacturing
335312,Motor and Generator Manufacturing,Manufacturing
335313,Switchgear and Switchboard Apparatus Manufacturing,Manufacturing
335314,Relay and Industrial Control Manufacturing,Manufacturing
3359,Other Electrical Equipment and Component Manufacturing,Manufacturing
33591,Battery Manufacturing,Manufacturing
335910,Battery Manufacturing,Manufacturing
33592,Communication and Energy Wire and Cable Manufacturing,Manufacturing
335921,Fiber Optic Cable Manufacturing,Manufacturing
335929,Other Communication and Energy Wire Manufacturing,Manufacturing
33593,Wiring Device Manufacturing,Manufacturing
335931,Current-Carrying Wiring Device Manufacturing,Manufacturing
335932,Noncurrent-Carrying Wiring Device Manufacturing,Manufacturing
33599,All Other Electrical Equipment and Component Manufacturing,Manufacturing
335991,Carbon and Graphite Product Manufacturing,Manufacturing
335999,All Other Miscellaneous Electrical Equipment and Component Manufacturing,Manufacturing
336,Transportation Equipment Manufacturing,Manufacturing
3361,Motor Vehicle Manufacturing,Manufacturing
33611,Automobile and Light Duty Motor Vehicle Manufacturing,Manufacturing
336110,Automobile and Light Duty Motor Vehicle Manufacturing,Manufacturing
33612,Heavy Duty Truck Manufacturing,Manufacturing
336120,Heavy Duty Truck Manufacturing,Manufacturing
3362,Motor Vehicle Body and Trailer Manufacturing,Manufacturing
33621,Motor Vehicle Body and Trailer Manufacturing,Manufacturing
336211,Motor Vehicle Body Manufacturing,Manufacturing
336212,Truck Trailer Manufacturing,Manufacturing
336213,Motor Home Manufacturing,Manufacturing
336214,Travel Trailer and Camper Manufacturing,Manufacturing
3363,Motor Vehicle Parts Manufacturing,Manufacturing
33631,Motor Vehicle Gasoline Engine and Engine Parts Manufacturing,Manufacturing
336310,Motor Vehicle Gasoline Engine and Engine Parts Manufacturing,Manufacturing
33632,Motor Vehicle Electrical and Electronic Equipment Manufacturing,Manufacturing
336320,Motor Vehicle Electrical and Electronic Equipment Manufacturing,Manufacturing
33633,Motor Vehicle Steering and Suspension Components (except Spring) Manufacturing,Manufacturing
336330,Motor Vehicle Steering and Suspension Components (except Spring) Manufacturing,Manufacturing
33634,Motor Vehicle Brake System Manufacturing,Manufacturing
336340,Motor Vehicle Brake System Manufacturing,Manufacturing
33635,Motor Vehicle Transmission and Power Train Parts Manufacturing,Manufacturing
336350,Motor Vehicle Transmission and Power Train Parts Manufacturing,Manufacturing
33636,Motor Vehicle Seating and Interior Trim Manufacturing,Manufacturing
336360,Motor Vehicle Seating and Interior Trim Manufacturing,Manufacturing
33637,Motor Vehicle Metal Stamping,Manufacturing
336370,Motor Vehicle Metal Stamping,Manufacturing
33639,Other Motor Vehicle Parts Manufacturing,Manufacturing
336390,Other Motor Vehicle Parts Manufacturing,Manufacturing
3364,Aerospace Product and Parts Manufacturing,Manufacturing
33641,Aerospace Product and Parts Manufacturing,Manufacturing
336411,Aircraft Manufacturing,Manufacturing
336412,Aircraft Engine and Engine Parts Manufacturing,Manufacturing
336413,Other Aircraft Parts and Auxiliary Equipment Manufacturing,Manufacturing
336414,Guided Missile and Space Vehicle Manufacturing,Manufacturing
336415,Guided Missile and Space Vehicle Propulsion Unit and Propulsion Unit Parts Manufacturing,Manufacturing
336419,Other Guided Missile and Space Vehicle Parts and Auxiliary Equipment Manufacturing,Manufacturing
3365,Railroad Rolling Stock Manufacturing,Manufacturing
33651,Railroad Rolling Stock Manufacturing,Manufacturing
336510,Railroad Rolling Stock Manufacturing,Manufacturing
3366,Ship and Boat Building,Manufacturing
33661,Ship and Boat Building,Manufacturing
336611,Ship Building and Repairing,Manufacturing
336612,Boat Building,Manufacturing
3369,Other Transportation Equipment Manufacturing,Manufacturing
33699,Other Transportation Equipment Manufacturing,Manufacturing
336991,"Motorcycle, Bicycle, and Parts Manufacturing",Manufacturing
336992,"Military Armored Vehicle, Tank, and Tank Component Manufacturing",Manufacturing
336999,All Other Transportation Equipment Manufacturing,Manufacturing
337,Furniture and Related Product Manufacturing,Manufacturing
3371,Household and Institutional Furniture and Kitchen Cabinet Manufacturing,Manufacturing
33711,Wood Kitchen Cabinet and Countertop Manufacturing,Manufacturing
337110,Wood Kitchen Cabinet and Countertop Manufacturing,Manufacturing
33712,Household and Institutional Furniture Manufacturing,Manufacturing
337121,Upholstered Household Furniture Manufacturing,Manufacturing
337122,Nonupholstered Wood Household Furniture Manufacturing,Manufacturing
337126,Household Furniture (except Wood and Upholstered) Manufacturing,Manufacturing
337127,Institutional Furniture Manufacturing,Manufacturing
3372,Office Furniture (including Fixtures) Manufacturing,Manufacturing
33721,Office Furniture (including Fixtures) Manufacturing,Manufacturing
337211,Wood Office Furniture Manufacturing,Manufacturing
337212,Custom Architectural Woodwork and Millwork Manufacturing,Manufacturing
337214,Office Furniture (except Wood) Manufacturing,Manufacturing
337215,"Showcase, Partition, Shelving, and Locker Manufacturing",Manufacturing
3379,Other Furniture Related Product Manufacturing,Manufacturing
33791,Mattress Manufacturing,Manufacturing
337910,Mattress Manufacturing,Manufacturing
33792,Blind and Shade Manufacturing,Manufacturing
337920,Blind and Shade Manufacturing,Manufacturing
339,Miscellaneous Manufacturing,Manufacturing
3391,Medical Equipment and Supplies Manufacturing,Manufacturing
33911,Medical Equipment and Supplies Manufacturing,Manufacturing
339112,Surgical and Medical Instrument Manufacturing,Manufacturing
339113,Surgical Appliance and Supplies Manufacturing,Manufacturing
339114,Dental Equipment and Supplies Manufacturing,Manufacturing
339115,Ophthalmic Goods Manufacturing,Manufacturing
339116,Dental Laboratories,Manufacturing
3399,Other Miscellaneous Manufacturing,Manufacturing
33991,Jewelry and Silverware Manufacturing,Manufacturing
339910,Jewelry and Silverware Manufacturing,Manufacturing
33992,Sporting and Athletic Goods Manufacturing,Manufacturing
339920,Sporting and Athletic Goods Manufacturing,Manufacturing
33993,"Doll, Toy, and Game Manufacturing",Manufacturing
339930,"Doll, Toy, and Game Manufacturing",Manufacturing
33994,Office Supplies (except Paper) Manufacturing,Manufacturing
339940,Office Supplies (except Paper) Manufacturing,Manufacturing
33995,Sign Manufacturing,Manufacturing
339950,Sign Manufacturing,Manufacturing
33999,All Other Miscellaneous Manufacturing,Manufacturing
339991,"Gasket, Packing, and Sealing Device Manufacturing",Manufacturing
339992,Musical Instrument Manufacturing,Manufacturing
339993,"Fastener, Button, Needle, and Pin Manufacturing",Manufacturing
339994,"Broom, Brush, and Mop Manufacturing",Manufacturing
339995,Burial Casket Manufacturing,Manufacturing
339999,All Other Miscellaneous Manufacturing,Manufacturing
42,Wholesale Trade,
423,"Merchant Wholesalers, Durable Goods",
4231,Motor Vehicle and Motor Vehicle Parts and Supplies Merchant Wholesalers,
42311,Automobile and Other Motor Vehicle Merchant Wholesalers,
423110,Automobile and Other Motor Vehicle Merchant Wholesalers,
42312,Motor Vehicle Supplies and New Parts Merchant Wholesalers,
423120,Motor Vehicle Supplies and New Parts Merchant Wholesalers,
42313,Tire and Tube Merchant Wholesalers,
423130,Tire and Tube Merchant Wholesalers,
42314,Motor Vehicle Parts (Used) Merchant Wholesalers,
423140,Motor Vehicle Parts (Used) Merchant Wholesalers,
4232,Furniture and Home Furnishing Merchant Wholesalers,
42321,Furniture Merchant Wholesalers,
423210,Furniture Merchant Wholesalers,
42322,Home Furnishing Merchant Wholesalers,
423220,Home Furnishing Merchant Wholesalers,
4233,Lumber and Other Construction Materials Merchant Wholesalers,
42331,"Lumber, Plywood, Millwork, and Wood Panel Merchant Wholesalers",
423310,"Lumber, Plywood, Millwork, and Wood Panel Merchant Wholesalers",
42332,"Brick, Stone, and Related Construction Material Merchant Wholesalers",
423320,"Brick, Stone, and Related Construction Material Merchant Wholesalers",
42333,"Roofing, Siding, and Insulation Material Merchant Wholesalers",
423330,"Roofing, Siding, and Insulation Material Merchant Wholesalers",
42339,Other Construction Material Merchant Wholesalers,
423390,Other Construction Material Merchant Wholesalers,
4234,Professional and Commercial Equipment and Supplies Merchant Wholesalers,
42341,Photographic Equipment and Supplies Merchant Wholesalers,
423410,Photographic Equipment and Supplies Merchant Wholesalers,
42342,Office Equipment Merchant Wholesalers,
423420,Office Equipment Merchant Wholesalers,
42343,Computer and Computer Peripheral Equipment and Software Merchant Wholesalers,
423430,Computer and Computer Peripheral Equipment and Software Merchant Wholesalers,
42344,Other Commercial Equipment Merchant Wholesalers,
423440,Other Commercial Equipment Merchant Wholesalers,
42345,"Medical, Dental, and Hospital Equipment and Supplies Merchant Wholesalers",
423450,"Medical, Dental, and Hospital Equipment and Supplies Merchant Wholesalers",
42346,Ophthalmic Goods Merchant Wholesalers,
423460,Ophthalmic Goods Merchant Wholesalers,
42349,Other Professional Equipment and Supplies Merchant Wholesalers,
423490,Other Professional Equipment and Supplies Merchant Wholesalers,
4235,Metal and Mineral (except Petroleum) Merchant Wholesalers,
42351,Metal Service Centers and Other Metal Merchant Wholesalers,
423510,Metal Service Centers and Other Metal Merchant Wholesalers,
42352,Coal and Other Mineral and Ore Merchant Wholesalers,
423520,Coal and Other Mineral and Ore Merchant Wholesalers,
4236,Household Appliances and Electrical and Electronic Goods Merchant Wholesalers,
42361,"Electrical Apparatus and Equipment, Wiring Supplies, and Related Equipment Merchant Wholesalers",
423610,"Electrical Apparatus and Equipment, Wiring Supplies, and Related Equipment Merchant Wholesalers",
42362,"Household Appliances, Electric Housewares, and Consumer Electronics Merchant Wholesalers",
423620,"Household Appliances, Electric Housewares, and Consumer Electronics Merchant Wholesalers",
42369,Other Electronic Parts and Equipment Merchant Wholesalers,
423690,Other Electronic Parts and Equipment Merchant Wholesalers,
4237,"Hardware, and Plumbing and Heating Equipment and Supplies Merchant Wholesalers",
42371,Hardware Merchant Wholesalers,
423710,Hardware Merchant Wholesalers,
42372,Plumbing and Heating Equipment and Supplies (Hydronics) Merchant Wholesalers,
423720,Plumbing and Heating Equipment and Supplies (Hydronics) Merchant Wholesalers,
42373,Warm Air Heating and Air-Conditioning Equipment and Supplies Merchant Wholesalers,
423730,Warm Air Heating and Air-Conditioning Equipment and Supplies Merchant Wholesalers,
42374,Refrigeration Equipment and Supplies Merchant Wholesalers,
423740,Refrigeration Equipment and Supplies Merchant Wholesalers,
4238,"Machinery, Equipment, and Supplies Merchant Wholesalers",
42381,Construction and Mining (except Oil Well) Machinery and Equipment Merchant Wholesalers,
423810,Construction and Mining (except Oil Well) Machinery and Equipment Merchant Wholesalers,
42382,Farm and Garden Machinery and Equipment Merchant Wholesalers,
423820,Farm and Garden Machinery and Equipment Merchant Wholesalers,
42383,Industrial Machinery and Equipment Merchant Wholesalers,
423830,Industrial Machinery and Equipment Merchant Wholesalers,
42384,Industrial Supplies Merchant Wholesalers,
423840,Industrial Supplies Merchant Wholesalers,
42385,Service Establishment Equipment and Supplies Merchant Wholesalers,
423850,Service Establishment Equipment and Supplies Merchant Wholesalers,
42386,Transportation Equipment and Supplies (except Motor Vehicle) Merchant Wholesalers,
423860,Transportation Equipment and Supplies (except Motor Vehicle) Merchant Wholesalers,
4239,Miscellaneous Durable Goods Merchant Wholesalers,
42391,Sporting and Recreational Goods and Supplies Merchant Wholesalers,
423910,Sporting and Recreational Goods and Supplies Merchant Wholesalers,
42392,Toy and Hobby Goods and Supplies Merchant Wholesalers,
423920,Toy and Hobby Goods and Supplies Merchant Wholesalers,
42393,Recyclable Material Merchant Wholesalers,
423930,Recyclable Material Merchant Wholesalers,
42394,"Jewelry, Watch, Precious Stone, and Precious Metal Merchant Wholesalers",
423940,"Jewelry, Watch, Precious Stone, and Precious Metal Merchant Wholesalers",
42399,Other Miscellaneous Durable Goods Merchant Wholesalers,
423990,Other Miscellaneous Durable Goods Merchant Wholesalers,
424,"Merchant Wholesalers, Nondurable Goods",
4241,Paper and Paper Product Merchant Wholesalers,
42411,Printing and Writing Paper Merchant Wholesalers,
424110,Printing and Writing Paper Merchant Wholesalers,
42412,Stationery and Office Supplies Merchant Wholesalers,
424120,Stationery and Office Supplies Merchant Wholesalers,
42413,Industrial and Personal Service Paper Merchant Wholesalers,
424130,Industrial and Personal Service Paper Merchant Wholesalers,
4242,Drugs and Druggists' Sundries Merchant Wholesalers,
42421,Drugs and Druggists' Sundries Merchant Wholesalers,
424210,Drugs and Druggists' Sundries Merchant Wholesalers,
4243,"Apparel, Piece Goods, and Notions Merchant Wholesalers",
42431,"Piece Goods, Notions, and Other Dry Goods Merchant Wholesalers",
424310,"Piece Goods, Notions, and Other Dry Goods Merchant Wholesalers",
42434,Footwear Merchant Wholesalers,
424340,Footwear Merchant Wholesalers,
42435,Clothing and Clothing Accessories Merchant Wholesalers,
424350,Clothing and Clothing Accessories Merchant Wholesalers,
4244,Grocery and Related Product Merchant Wholesalers,
42441,General Line Grocery Merchant Wholesalers,
424410,General Line Grocery Merchant Wholesalers,
42442,Packaged Frozen Food Merchant Wholesalers,
424420,Packaged Frozen Food Merchant Wholesalers,
42443,Dairy Product (except Dried or Canned) Merchant Wholesalers,
424430,Dairy Product (except Dried or Canned) Merchant Wholesalers,
42444,Poultry and Poultry Product Merchant Wholesalers,
424440,Poultry and Poultry Product Merchant Wholesalers,
42445,Confectionery Merchant Wholesalers,
424450,Confectionery Merchant Wholesalers,
42446,Fish and Seafood Merchant Wholesalers,
424460,Fish and Seafood Merchant Wholesalers,
42447,Meat and Meat Product Merchant Wholesalers,
424470,Meat and Meat Product Merchant Wholesalers,
42448,Fresh Fruit and Vegetable Merchant Wholesalers,
424480,Fresh Fruit and Vegetable Merchant Wholesalers,
42449,Other Grocery and Related Products Merchant Wholesalers,
424490,Other Grocery and Related Products Merchant Wholesalers,
4245,Farm Product Raw Material Merchant Wholesalers,
42451,Grain and Field Bean Merchant Wholesalers,
424510,Grain and Field Bean Merchant Wholesalers,
42452,Livestock Merchant Wholesalers,
424520,Livestock Merchant Wholesalers,
42459,Other Farm Product Raw Material Merchant Wholesalers,
424590,Other Farm Product Raw Material Merchant Wholesalers,
4246,Chemical and Allied Products Merchant Wholesalers,
42461,Plastics Materials and Basic Forms and Shapes Merchant Wholesalers,
424610,Plastics Materials and Basic Forms and Shapes Merchant Wholesalers,
42469,Other Chemical and Allied Products Merchant Wholesalers,
424690,Other Chemical and Allied Products Merchant Wholesalers,
4247,Petroleum and Petroleum Products Merchant Wholesalers,
42471,Petroleum Bulk Stations and Terminals,
424710,Petroleum Bulk Stations and Terminals,
42472,Petroleum and Petroleum Products Merchant Wholesalers (except Bulk Stations and Terminals),
424720,Petroleum and Petroleum Products Merchant Wholesalers (except Bulk Stations and Terminals),
4248,"Beer, Wine, and Distilled Alcoholic Beverage Merchant Wholesalers",
42481,Beer and Ale Merchant Wholesalers,
424810,Beer and Ale Merchant Wholesalers,
42482,Wine and Distilled Alcoholic Beverage Merchant Wholesalers,
424820,Wine and Distilled Alcoholic Beverage Merchant Wholesalers,
4249,Miscellaneous Nondurable Goods Merchant Wholesalers,
42491,Farm Supplies Merchant Wholesalers,
424910,Farm Supplies Merchant Wholesalers,
42492,"Book, Periodical, and Newspaper Merchant Wholesalers",
424920,"Book, Periodical, and Newspaper Merchant Wholesalers",
42493,"Flower, Nursery Stock, and Florists' Supplies Merchant Wholesalers",
424930,"Flower, Nursery Stock, and Florists' Supplies Merchant Wholesalers",
42494,Tobacco Product and Electronic Cigarette Merchant Wholesalers,
424940,Tobacco Product and Electronic Cigarette Merchant Wholesalers,
42495,"Paint, Varnish, and Supplies Merchant Wholesalers",
424950,"Paint, Varnish, and Supplies Merchant Wholesalers",
42499,Other Miscellaneous Nondurable Goods Merchant Wholesalers,
424990,Other Miscellaneous Nondurable Goods Merchant Wholesalers,
425,Wholesale Trade Agents and Brokers,
4251,Wholesale Trade Agents and Brokers,
42512,Wholesale Trade Agents and Brokers,
425120,Wholesale Trade Agents and Brokers,
44-45,Retail Trade,Retail
441,Motor Vehicle and Parts Dealers,Retail
4411,Automobile Dealers,Retail
44111,New Car Dealers,Retail
441110,New Car Dealers,Retail
44112,Used Car Dealers,Retail
441120,Used Car Dealers,Retail
4412,Other Motor Vehicle Dealers,Retail
44121,Recreational Vehicle Dealers,Retail
441210,Recreational Vehicle Dealers,Retail
44122,"Motorcycle, Boat, and Other Motor Vehicle Dealers",Retail
441222,Boat Dealers,Retail
441227,"Motorcycle, ATV, and All Other Motor Vehicle Dealers",Retail
4413,"Automotive Parts, Accessories, and Tire Retailers",Retail
44133,Automotive Parts and Accessories Retailers,Retail
441330,Automotive Parts and Accessories Retailers,Retail
44134,Tire Dealers,Retail
441340,Tire Dealers,Retail
444,Building Material and Garden Equipment and Supplies Dealers,Retail
4441,Building Material and Supplies Dealers,Retail
44411,Home Centers,Retail
444110,Home Centers,Retail
44412,Paint and Wallpaper Retailers,Retail
444120,Paint and Wallpaper Retailers,Retail
44414,Hardware Retailers,Retail
444140,Hardware Retailers,Retail
44418,Other Building Material Dealers,Retail
444180,Other Building Material Dealers,Retail
4442,Lawn and Garden Equipment and Supplies Retailers,Retail
44423,Outdoor Power Equipment Retailers,Retail
444230,Outdoor Power Equipment Retailers,Retail
44424,"Nursery, Garden Center, and Farm Supply Retailers",Retail
444240,"Nursery, Garden Center, and Farm Supply Retailers",Retail
445,Food and Beverage Retailers,Retail
4451,Grocery and Convenience Retailers,Retail
44511,Supermarkets and Other Grocery Retailers (except Convenience Retailers),Retail
445110,Supermarkets and Other Grocery Retailers (except Convenience Retailers),Retail
44513,Convenience Retailers and Vending Machine Operators,Retail
445131,Convenience Retailers,Retail
445132,Vending Machine Operators,Retail
4452,Specialty Food Retailers,Retail
44523,Fruit and Vegetable Retailers,Retail
445230,Fruit and Vegetable Retailers,Retail
44524,Meat Retailers,Retail
445240,Meat Retailers,Retail
44525,Fish and Seafood Retailers,Retail
445250,Fish and Seafood Retailers,Retail
44529,Other Specialty Food Retailers,Retail
445291,Baked Goods Retailers,Retail
445292,Confectionery and Nut Retailers,Retail
445298,All Other Specialty Food Retailers,Retail
4453,"Beer, Wine, and Liquor Retailers",Retail
44532,"Beer, Wine, and Liquor Retailers",Retail
445320,"Beer, Wine, and Liquor Retailers",Retail
449,"Furniture, Home Furnishings, Electronics, and Appliance Retailers",Retail
4491,Furniture and Home Furnishings Retailers,Retail
44911,Furniture Retailers,Retail
449110,Furniture Retailers,Retail
44912,Home Furnishings Retailers,Retail
449121,Floor Covering Retailers,Retail
449122,Window Treatment Retailers,Retail
449129,All Other Home Furnishings Retailers,Retail
4492,Electronics and Appliance Retailers,Retail
44921,Electronics and Appliance Retailers,Retail
449210,Electronics and Appliance Retailers,Retail
455,General Merchandise Retailers,Retail
4551,Department Stores,Retail
45511,Department Stores,Retail
455110,Department Stores,Retail
4552,"Warehouse Clubs, Supercenters, and Other General Merchandise Retailers",Retail
45521,"Warehouse Clubs, Supercenters, and Other General Merchandise Retailers",Retail
455211,Warehouse Clubs and Supercenters,Retail
455219,All Other General Merchandise Retailers,Retail
456,Health and Personal Care Retailers,Retail
4561,Health and Personal Care Retailers,Retail
45611,Pharmacies and Drug Retailers,Retail
456110,Pharmacies and Drug Retailers,Retail
45612,"Cosmetics, Beauty Supplies, and Perfume Retailers",Retail
456120,"Cosmetics, Beauty Supplies, and Perfume Retailers",Retail
45613,Optical Goods Retailers,Retail
456130,Optical Goods Retailers,Retail
45619,Other Health and Personal Care Retailers,Retail
456191,Food (Health) Supplement Retailers,Retail
456199,All Other Health and Personal Care Retailers,Retail
457,Gasoline Stations and Fuel Dealers,Retail
4571,Gasoline Stations,Retail
45711,Gasoline Stations with Convenience Stores,Retail
457110,Gasoline Stations with Convenience Stores,Retail
45712,Other Gasoline Stations,Retail
457120,Other Gasoline Stations,Retail
4572,Fuel Dealers,Retail
45721,Fuel Dealers,Retail
457210,Fuel Dealers,Retail
458,"Clothing, Clothing Accessories, Shoe, and Jewelry Retailers",Retail
4581,Clothing and Clothing Accessories Retailers,Retail
45811,Clothing and Clothing Accessories Retailers,Retail
458110,Clothing and Clothing Accessories Retailers,Retail
4582,Shoe Retailers,Retail
45821,Shoe Retailers,Retail
458210,Shoe Retailers,Retail
4583,"Jewelry, Luggage, and Leather Goods Retailers",Retail
45831,Jewelry Retailers,Retail
458310,Jewelry Retailers,Retail
45832,Luggage and Leather Goods Retailers,Retail
458320,Luggage and Leather Goods Retailers,Retail
459,"Sporting Goods, Hobby, Musical Instrument, Book, and Miscellaneous Retailers",Retail
4591,"Sporting Goods, Hobby, and Musical Instrument Retailers",Retail
45911,Sporting Goods Retailers,Retail
459110,Sporting Goods Retailers,Retail
45912,"Hobby, Toy, and Game Retailers",Retail
459120,"Hobby, Toy, and Game Retailers",Retail
45913,"Sewing, Needlework, and Piece Goods Retailers",Retail
459130,"Sewing, Needlework, and Piece Goods Retailers",Retail
45914,Musical Instrument and Supplies Retailers,Retail
459140,Musical Instrument and Supplies Retailers,Retail
4592,Book Retailers and News Dealers,Retail
45921,Book Retailers and News Dealers,Retail
459210,Book Retailers and News Dealers,Retail
4593,Florists,Retail
45931,Florists,Retail
459310,Florists,Retail
4594,"Office Supplies, Stationery, and Gift Retailers",Retail
45941,Office Supplies and Stationery Retailers,Retail
459410,Office Supplies and Stationery Retailers,Retail
45942,"Gift, Novelty, and Souvenir Retailers",Retail
459420,"Gift, Novelty, and Souvenir Retailers",Retail
4595,Used Merchandise Retailers,Retail
45951,Used Merchandise Retailers,Retail
459510,Used Merchandise Retailers,Retail
4599,Other Miscellaneous Retailers,Retail
45991,Pet and Pet Supplies Retailers,Retail
459910,Pet and Pet Supplies Retailers,Retail
45992,Art Dealers,Retail
459920,Art Dealers,Retail
45993,Manufactured (Mobile) Home Dealers,Retail
459930,Manufactured (Mobile) Home Dealers,Retail
45999,All Other Miscellaneous Retailers,Retail
459991,"Tobacco, Electronic Cigarette, and Other Smoking Supplies Retailers",Retail
459999,All Other Miscellaneous Retailers,Retail
48-49,Transportation and Warehousing,
481,Air Transportation,Logistics & Transportation
4811,Scheduled Air Transportation,Logistics & Transportation
48111,Scheduled Air Transportation,Logistics & Transportation
481111,Scheduled Passenger Air Transportation,Logistics & Transportation
481112,Scheduled Freight Air Transportation,Logistics & Transportation
4812,Nonscheduled Air Transportation,Logistics & Transportation
48121,Nonscheduled Air Transportation,Logistics & Transportation
481211,Nonscheduled Chartered Passenger Air Transportation,Logistics & Transportation
481212,Nonscheduled Chartered Freight Air Transportation,Logistics & Transportation
481219,Other Nonscheduled Air Transportation,Logistics & Transportation
482,Rail Transportation,Logistics & Transportation
4821,Rail Transportation,Logistics & Transportation
48211,Rail Transportation,Logistics & Transportation
482111,Line-Haul Railroads,Logistics & Transportation
482112,Short Line Railroads,Logistics & Transportation
483,Water Transportation,Logistics & Transportation
4831,"Deep Sea, Coastal, and Great Lakes Water Transportation",Logistics & Transportation
48311,"Deep Sea, Coastal, and Great Lakes Water Transportation",Logistics & Transportation
483111,Deep Sea Freight Transportation,Logistics & Transportation
483112,Deep Sea Passenger Transportation,Logistics & Transportation
483113,Coastal and Great Lakes Freight Transportation,Logistics & Transportation
483114,Coastal and Great Lakes Passenger Transportation,Logistics & Transportation
4832,Inland Water Transportation,Logistics & Transportation
48321,Inland Water Transportation,Logistics & Transportation
483211,Inland Water Freight Transportation,Logistics & Transportation
483212,Inland Water Passenger Transportation,Logistics & Transportation
484,Truck Transportation,Logistics & Transportation
4841,General Freight Trucking,Logistics & Transportation
48411,"General Freight Trucking, Local",Logistics & Transportation
484110,"General Freight Trucking, Local",Logistics & Transportation
48412,"General Freight Trucking, Long-Distance",Logistics & Transportation
484121,"General Freight Trucking, Long-Distance, Truckload",Logistics & Transportation
484122,"General Freight Trucking, Long-Distance, Less Than Truckload",Logistics & Transportation
4842,Specialized Freight Trucking,Logistics & Transportation
48421,Used Household and Office Goods Moving,Logistics & Transportation
484210,Used Household and Office Goods Moving,Logistics & Transportation
48422,"Specialized Freight (except Used Goods) Trucking, Local",Logistics & Transportation
484220,"Specialized Freight (except Used Goods) Trucking, Local",Logistics & Transportation
48423,"Specialized Freight (except Used Goods) Trucking, Long-Distance",Logistics & Transportation
484230,"Specialized Freight (except Used Goods) Trucking, Long-Distance",Logistics & Transportation
485,Transit and Ground Passenger Transportation,Logistics & Transportation
4851,Urban Transit Systems,Logistics & Transportation
48511,Urban Transit Systems,Logistics & Transportation
485111,Mixed Mode Transit Systems,Logistics & Transportation
485112,Commuter Rail Systems,Logistics & Transportation
485113,Bus and Other Motor Vehicle Transit Systems,Logistics & Transportation
485119,Other Urban Transit Systems,Logistics & Transportation
4852,Interurban and Rural Bus Transportation,Logistics & Transportation
48521,Interurban and Rural Bus Transportation,Logistics & Transportation
485210,Interurban and Rural Bus Transportation,Logistics & Transportation
4853,Taxi and Limousine Service,Logistics & Transportation
48531,Taxi and Ridesharing Services,Logistics & Transportation
485310,Taxi and Ridesharing Services,Logistics & Transportation
48532,Limousine Service,Logistics & Transportation
485320,Limousine Service,Logistics & Transportation
4854,School and Employee Bus Transportation,Logistics & Transportation
48541,School and Employee Bus Transportation,Logistics & Transportation
485410,School and Employee Bus Transportation,Logistics & Transportation
4855,Charter Bus Industry,Logistics & Transportation
48551,Charter Bus Industry,Logistics & Transportation
485510,Charter Bus Industry,Logistics & Transportation
4859,Other Transit and Ground Passenger Transportation,Logistics & Transportation
48599,Other Transit and Ground Passenger Transportation,Logistics & Transportation
485991,Special Needs Transportation,Logistics & Transportation
485999,All Other Transit and Ground Passenger Transportation,Logistics & Transportation
486,Pipeline Transportation,Logistics & Transportation
4861,Pipeline Transportation of Crude Oil,Logistics & Transportation
48611,Pipeline Transportation of Crude Oil,Logistics & Transportation
486110,Pipeline Transportation of Crude Oil,Logistics & Transportation
4862,Pipeline Transportation of Natural Gas,Logistics & Transportation
48621,Pipeline Transportation of Natural Gas,Logistics & Transportation
486210,Pipeline Transportation of Natural Gas,Logistics & Transportation
4869,Other Pipeline Transportation,Logistics & Transportation
48691,Pipeline Transportation of Refined Petroleum Products,Logistics & Transportation
486910,Pipeline Transportation of Refined Petroleum Products,Logistics & Transportation
48699,All Other Pipeline Transportation,Logistics & Transportation
486990,All Other Pipeline Transportation,Logistics & Transportation
487,Scenic and Sightseeing Transportation,Logistics & Transportation
4871,"Scenic and Sightseeing Transportation, Land",Logistics & Transportation
48711,"Scenic and Sightseeing Transportation, Land",Logistics & Transportation
487110,"Scenic and Sightseeing Transportation, Land",Logistics & Transportation
4872,"Scenic and Sightseeing Transportation, Water",Logistics & Transportation
48721,"Scenic and Sightseeing Transportation, Water",Logistics & Transportation
487210,"Scenic and Sightseeing Transportation, Water",Logistics & Transportation
4879,"Scenic and Sightseeing Transportation, Other",Logistics & Transportation
48799,"Scenic and Sightseeing Transportation, Other",Logistics & Transportation
487990,"Scenic and Sightseeing Transportation, Other",Logistics & Transportation
488,Support Activities for Transportation,Logistics & Transportation
4881,Support Activities for Air Transportation,Logistics & Transportation
48811,Airport Operations,Logistics & Transportation
488111,Air Traffic Control,Logistics & Transportation
488119,Other Airport Operations,Logistics & Transportation
48819,Other Support Activities for Air Transportation,Logistics & Transportation
488190,Other Support Activities for Air Transportation,Logistics & Transportation
4882,Support Activities for Rail Transportation,Logistics & Transportation
48821,Support Activities for Rail Transportation,Logistics & Transportation
488210,Support Activities for Rail Transportation,Logistics & Transportation
4883,Support Activities for Water Transportation,Logistics & Transportation
48831,Port and Harbor Operations,Logistics & Transportation
488310,Port and Harbor Operations,Logistics & Transportation
48832,Marine Cargo Handling,Logistics & Transportation
488320,Marine Cargo Handling,Logistics & Transportation
48833,Navigational Services to Shipping,Logistics & Transportation
488330,Navigational Services to Shipping,Logistics & Transportation
48839,Other Support Activities for Water Transportation,Logistics & Transportation
488390,Other Support Activities for Water Transportation,Logistics & Transportation
4884,Support Activities for Road Transportation,Logistics & Transportation
48841,Motor Vehicle Towing,Logistics & Transportation
488410,Motor Vehicle Towing,Logistics & Transportation
48849,Other Support Activities for Road Transportation,Logistics & Transportation
488490,Other Support Activities for Road Transportation,Logistics & Transportation
4885,Freight Transportation Arrangement,Logistics & Transportation
48851,Freight Transportation Arrangement,Logistics & Transportation
488510,Freight Transportation Arrangement,Logistics & Transportation
4889,Other Support Activities for Transportation,Logistics & Transportation
48899,Other Support Activities for Transportation,Logistics & Transportation
488991,Packing and Crating,Logistics & Transportation
488999,All Other Support Activities for Transportation,Logistics & Transportation
491,Postal Service,
4911,Postal Service,
49111,Postal Service,
491110,Postal Service,
492,Couriers and Messengers,
4921,Couriers and Express Delivery Services,
49211,Couriers and Express Delivery Services,
492110,Couriers and Express Delivery Services,
4922,Local Messengers and Local Delivery,
49221,Local Messengers and Local Delivery,
492210,Local Messengers and Local Delivery,
493,Warehousing and Storage,Warehousing & Distribution
4931,Warehousing and Storage,Warehousing & Distribution
49311,General Warehousing and Storage,Warehousing & Distribution
493110,General Warehousing and Storage,Warehousing & Distribution
49312,Refrigerated Warehousing and Storage,Warehousing & Distribution
493120,Refrigerated Warehousing and Storage,Warehousing & Distribution
49313,Farm Product Warehousing and Storage,Warehousing & Distribution
493130,Farm Product Warehousing and Storage,Warehousing & Distribution
49319,Other Warehousing and Storage,Warehousing & Distribution
493190,Other Warehousing and Storage,Warehousing & Distribution
51,Information,
512,Motion Picture and Sound Recording Industries,
5121,Motion Picture and Video Industries,
51211,Motion Picture and Video Production,
512110,Motion Picture and Video Production,
51212,Motion Picture and Video Distribution,
512120,Motion Picture and Video Distribution,
51213,Motion Picture and Video Exhibition,
512131,Motion Picture Theaters (except Drive-Ins),
512132,Drive-In Motion Picture Theaters,
51219,Postproduction Services and Other Motion Picture and Video Industries,
512191,Teleproduction and Other Postproduction Services,
512199,Other Motion Picture and Video Industries,
5122,Sound Recording Industries,
51223,Music Publishers,
512230,Music Publishers,
51224,Sound Recording Studios,
512240,Sound Recording Studios,
51225,Record Production and Distribution,
512250,Record Production and Distribution,
51229,Other Sound Recording Industries,
512290,Other Sound Recording Industries,
513,Publishing Industries,
5131,"Newspaper, Periodical, Book, and Directory Publishers",
51311,Newspaper Publishers,
513110,Newspaper Publishers,
51312,Periodical Publishers,
513120,Periodical Publishers,
51313,Book Publishers,
513130,Book Publishers,
51314,Directory and Mailing List Publishers,
513140,Directory and Mailing List Publishers,
51319,Other Publishers,
513191,Greeting Card Publishers,
513199,All Other Publishers,
5132,Software Publishers,
51321,Software Publishers,
513210,Software Publishers,
516,Broadcasting and Content Providers,
5161,Radio and Television Broadcasting Stations,
51611,Radio Broadcasting Stations,
516110,Radio Broadcasting Stations,
51612,Television Broadcasting Stations,
516120,Television Broadcasting Stations,
5162,"Media Streaming Distribution Services, Social Networks, and Other Media Networks and Content Providers",
51621,"Media Streaming Distribution Services, Social Networks, and Other Media Networks and Content Providers",
516210,"Media Streaming Distribution Services, Social Networks, and Other Media Networks and Content Providers",
517,Telecommunications,
5171,Wired and Wireless Telecommunications (except Satellite),
51711,Wired and Wireless Telecommunications Carriers (except Satellite),
517111,Wired Telecommunications Carriers,
517112,Wireless Telecommunications Carriers (except Satellite),
51712,Telecommunications Resellers and Agents for Wireless Telecommunication Services,
517121,Telecommunications Resellers,
517122,Agents for Wireless Telecommunications Services,
5174,Satellite Telecommunications,
51741,Satellite Telecommunications,
517410,Satellite Telecommunications,
5178,All Other Telecommunications,
51781,All Other Telecommunications,
517810,All Other Telecommunications,
518,"Computing Infrastructure Providers, Data Processing, Web Hosting, and Related Services",
5182,"Computing Infrastructure Providers, Data Processing, Web Hosting, and Related Services",
51821,"Computing Infrastructure Providers, Data Processing, Web Hosting, and Related Services",
518210,"Computing Infrastructure Providers, Data Processing, Web Hosting, and Related Services",
519,"Web Search Portals, Libraries, Archives, and Other Information Services",
5192,"Web Search Portals, Libraries, Archives, and Other Information Services",
51921,Libraries and Archives,
519210,Libraries and Archives,
51929,Web Search Portals and All Other Information Services,
519290,Web Search Portals and All Other Information Services,
52,Finance and Insurance,
521,Monetary Authorities-Central Bank,
5211,Monetary Authorities-Central Bank,
52111,Monetary Authorities-Central Bank,
521110,Monetary Authorities-Central Bank,
522,Credit Intermediation and Related Activities,
5221,Depository Credit Intermediation,
52211,Commercial Banking,
522110,Commercial Banking,
52213,Credit Unions,
522130,Credit Unions,
52218,Savings Institutions and Other Depository Credit Intermediation,
522180,Savings Institutions and Other Depository Credit Intermediation,
5222,Nondepository Credit Intermediation,
52221,Credit Card Issuing,
522210,Credit Card Issuing,
52222,Sales Financing,
522220,Sales Financing,
52229,Other Nondepository Credit Intermediation,
522291,Consumer Lending,
522292,Real Estate Credit,
522299,"International, Secondary Market, and All Other Nondepository Credit Intermediation",
5223,Activities Related to Credit Intermediation,
52231,Mortgage and Nonmortgage Loan Brokers,
522310,Mortgage and Nonmortgage Loan Brokers,
52232,"Financial Transactions Processing, Reserve, and Clearinghouse Activities",
522320,"Financial Transactions Processing, Reserve, and Clearinghouse Activities",
52239,Other Activities Related to Credit Intermediation,
522390,Other Activities Related to Credit Intermediation,
523,"Securities, Commodity Contracts, and Other Financial Investments and Related Activities",
5231,Securities and Commodity Contracts Intermediation and Brokerage,
52315,Investment Banking and Securities Intermediation,
523150,Investment Banking and Securities Intermediation,
52316,Commodity Contracts Intermediation,
523160,Commodity Contracts Intermediation,
5232,Securities and Commodity Exchanges,
52321,Securities and Commodity Exchanges,
523210,Securities and Commodity Exchanges,
5239,Other Financial Investment Activities,
52391,Miscellaneous Intermediation,
523910,Miscellaneous Intermediation,
52394,Portfolio Management and Investment Advice,
523940,Portfolio Management and Investment Advice,
52399,All Other Financial Investment Activities,
523991,"Trust, Fiduciary, and Custody Activities",
523999,Miscellaneous Financial Investment Activities,
524,Insurance Carriers and Related Activities,
5241,Insurance Carriers,
52411,"Direct Life, Health, and Medical Insurance Carriers",
524113,Direct Life Insurance Carriers,
524114,Direct Health and Medical Insurance Carriers,
52412,"Direct Insurance (except Life, Health, and Medical) Carriers",
524126,Direct Property and Casualty Insurance Carriers,
524127,Direct Title Insurance Carriers,
524128,"Other Direct Insurance (except Life, Health, and Medical) Carriers",
52413,Reinsurance Carriers,
524130,Reinsurance Carriers,
5242,"Agencies, Brokerages, and Other Insurance Related Activities",
52421,Insurance Agencies and Brokerages,
524210,Insurance Agencies and Brokerages,
52429,Other Insurance Related Activities,
524291,Claims Adjusting,
524292,Pharmacy Benefit Management and Other Third Party Administration of Insurance and Pension Funds,
524298,All Other Insurance Related Activities,
525,"Funds, Trusts, and Other Financial Vehicles",
5251,Insurance and Employee Benefit Funds,
52511,Pension Funds,
525110,Pension Funds,
52512,Health and Welfare Funds,
525120,Health and Welfare Funds,
52519,Other Insurance Funds,
525190,Other Insurance Funds,
5259,Other Investment Pools and Funds,
52591,Open-End Investment Funds,
525910,Open-End Investment Funds,
52592,"Trusts, Estates, and Agency Accounts",
525920,"Trusts, Estates, and Agency Accounts",
52599,Other Financial Vehicles,
525990,Other Financial Vehicles,
53,Real Estate and Rental and Leasing,
531,Real Estate,Property Management/Real Estate
5311,Lessors of Real Estate,Property Management/Real Estate
53111,Lessors of Residential Buildings and Dwellings,Property Management/Real Estate
531110,Lessors of Residential Buildings and Dwellings,Property Management/Real Estate
53112,Lessors of Nonresidential Buildings (except Miniwarehouses),Property Management/Real Estate
531120,Lessors of Nonresidential Buildings (except Miniwarehouses),Property Management/Real Estate
53113,Lessors of Miniwarehouses and Self-Storage Units,Property Management/Real Estate
531130,Lessors of Miniwarehouses and Self-Storage Units,Property Management/Real Estate
53119,Lessors of Other Real Estate Property,Property Management/Real Estate
531190,Lessors of Other Real Estate Property,Property Management/Real Estate
5312,Offices of Real Estate Agents and Brokers,Property Management/Real Estate
53121,Offices of Real Estate Agents and Brokers,Property Management/Real Estate
531210,Offices of Real Estate Agents and Brokers,Property Management/Real Estate
5313,Activities Related to Real Estate,Property Management/Real Estate
53131,Real Estate Property Managers,Property Management/Real Estate
531311,Residential Property Managers,Property Management/Real Estate
531312,Nonresidential Property Managers,Property Management/Real Estate
53132,Offices of Real Estate Appraisers,Property Management/Real Estate
531320,Offices of Real Estate Appraisers,Property Management/Real Estate
53139,Other Activities Related to Real Estate,Property Management/Real Estate
531390,Other Activities Related to Real Estate,Property Management/Real Estate
532,Rental and Leasing Services,
5321,Automotive Equipment Rental and Leasing,
53211,Passenger Car Rental and Leasing,
532111,Passenger Car Rental,
532112,Passenger Car Leasing,
53212,"Truck, Utility Trailer, and RV (Recreational Vehicle) Rental and Leasing",
532120,"Truck, Utility Trailer, and RV (Recreational Vehicle) Rental and Leasing",
5322,Consumer Goods Rental,
53221,Consumer Electronics and Appliances Rental,
532210,Consumer Electronics and Appliances Rental,
53228,Other Consumer Goods Rental,
532281,Formal Wear and Costume Rental,
532282,Video Tape and Disc Rental,
532283,Home Health Equipment Rental,
532284,Recreational Goods Rental,
532289,All Other Consumer Goods Rental,
5323,General Rental Centers,
53231,General Rental Centers,
532310,General Rental Centers,
5324,Commercial and Industrial Machinery and Equipment Rental and Leasing,
53241,"Construction, Transportation, Mining, and Forestry Machinery and Equipment Rental and Leasing",
532411,"Commercial Air, Rail, and Water Transportation Equipment Rental and Leasing",
532412,"Construction, Mining, and Forestry Machinery and Equipment Rental and Leasing",
53242,Office Machinery and Equipment Rental and Leasing,
532420,Office Machinery and Equipment Rental and Leasing,
53249,Other Commercial and Industrial Machinery and Equipment Rental and Leasing,
532490,Other Commercial and Industrial Machinery and Equipment Rental and Leasing,
533,Lessors of Nonfinancial Intangible Assets (except Copyrighted Works),
5331,Lessors of Nonfinancial Intangible Assets (except Copyrighted Works),
53311,Lessors of Nonfinancial Intangible Assets (except Copyrighted Works),
533110,Lessors of Nonfinancial Intangible Assets (except Copyrighted Works),
54,"Professional, Scientific, and Technical Services",
541,"Professional, Scientific, and Technical Services",
5411,Legal Services,
54111,Offices of Lawyers,
541110,Offices of Lawyers,
54112,Offices of Notaries,
541120,Offices of Notaries,
54119,Other Legal Services,
541191,Title Abstract and Settlement Offices,
541199,All Other Legal Services,
5412,"Accounting, Tax Preparation, Bookkeeping, and Payroll Services",
54121,"Accounting, Tax Preparation, Bookkeeping, and Payroll Services",
541211,Offices of Certified Public Accountants,
541213,Tax Preparation Services,
541214,Payroll Services,
541219,Other Accounting Services,
5413,"Architectural, Engineering, and Related Services",
54131,Architectural Services,
541310,Architectural Services,
54132,Landscape Architectural Services,
541320,Landscape Architectural Services,
54133,Engineering Services,
541330,Engineering Services,
54134,Drafting Services,
541340,Drafting Services,
54135,Building Inspection Services,
541350,Building Inspection Services,
54136,Geophysical Surveying and Mapping Services,
541360,Geophysical Surveying and Mapping Services,
54137,Surveying and Mapping (except Geophysical) Services,
541370,Surveying and Mapping (except Geophysical) Services,
54138,Testing Laboratories and Services,
541380,Testing Laboratories and Services,
5414,Specialized Design Services,
54141,Interior Design Services,
541410,Interior Design Services,
54142,Industrial Design Services,
541420,Industrial Design Services,
54143,Graphic Design Services,
541430,Graphic Design Services,
54149,Other Specialized Design Services,
541490,Other Specialized Design Services,
5415,Computer Systems Design and Related Services,
54151,Computer Systems Design and Related Services,
541511,Custom Computer Programming Services,
541512,Computer Systems Design Services,
541513,Computer Facilities Management Services,
541519,Other Computer Related Services,
5416,"Management, Scientific, and Technical Consulting Services",
54161,Management Consulting Services,
541611,Administrative Management and General Management Consulting Services,
541612,Human Resources Consulting Services,
541613,Marketing Consulting Services,
541614,"Process, Physical Distribution, and Logistics Consulting Services",
541618,Other Management Consulting Services,
54162,Environmental Consulting Services,
541620,Environmental Consulting Services,
54169,Other Scientific and Technical Consulting Services,
541690,Other Scientific and Technical Consulting Services,
5417,Scientific Research and Development Services,
54171,"Research and Development in the Physical, Engineering, and Life Sciences",
541713,Research and Development in Nanotechnology,
541714,Research and Development in Biotechnology (except Nanobiotechnology),
541715,"Research and Development in the Physical, Engineering, and Life Sciences (except Nanotechnology and Biotechnology)",
54172,Research and Development in the Social Sciences and Humanities,
541720,Research and Development in the Social Sciences and Humanities,
5418,"Advertising, Public Relations, and Related Services",
54181,Advertising Agencies,
541810,Advertising Agencies,
54182,Public Relations Agencies,
541820,Public Relations Agencies,
54183,Media Buying Agencies,
541830,Media Buying Agencies,
54184,Media Representatives,
541840,Media Representatives,
54185,Indoor and Outdoor Display Advertising,
541850,Indoor and Outdoor Display Advertising,
54186,Direct Mail Advertising,
541860,Direct Mail Advertising,
54187,Advertising Material Distribution Services,
541870,Advertising Material Distribution Services,
54189,Other Services Related to Advertising,
541890,Other Services Related to Advertising,
5419,"Other Professional, Scientific, and Technical Services",
54191,Marketing Research and Public Opinion Polling,
541910,Marketing Research and Public Opinion Polling,
54192,Photographic Services,
541921,"Photography Studios, Portrait",
541922,Commercial Photography,
54193,Translation and Interpretation Services,
541930,Translation and Interpretation Services,
54194,Veterinary Services,
541940,Veterinary Services,
54199,"All Other Professional, Scientific, and Technical Services",
541990,"All Other Professional, Scientific, and Technical Services",
55,Management of Companies and Enterprises,
551,Management of Companies and Enterprises,
5511,Management of Companies and Enterprises,
55111,Management of Companies and Enterprises,
551111,Offices of Bank Holding Companies,
551112,Offices of Other Holding Companies,
551114,"Corporate, Subsidiary, and Regional Managing Offices",
56,Administrative and Support and Waste Management and Remediation Services,
561,Administrative and Support Services,
5611,Office Administrative Services,
56111,Office Administrative Services,
561110,Office Administrative Services,
5612,Facilities Support Services,
56121,Facilities Support Services,
561210,Facilities Support Services,
5613,Employment Services,
56131,Employment Placement Agencies and Executive Search Services,
561311,Employment Placement Agencies,
561312,Executive Search Services,
56132,Temporary Help Services,
561320,Temporary Help Services,
56133,Professional Employer Organizations,
561330,Professional Employer Organizations,
5614,Business Support Services,
56141,Document Preparation Services,
561410,Document Preparation Services,
56142,Telephone Call Centers,
561421,Telephone Answering Services,
561422,Telemarketing Bureaus and Other Contact Centers,
56143,Business Service Centers,
561431,Private Mail Centers,
561439,Other Business Service Centers (including Copy Shops),
56144,Collection Agencies,
561440,Collection Agencies,
56145,Credit Bureaus,
561450,Credit Bureaus,
56149,Other Business Support Services,
561491,Repossession Services,
561492,Court Reporting and Stenotype Services,
561499,All Other Business Support Services,
5615,Travel Arrangement and Reservation Services,
56151,Travel Agencies,
561510,Travel Agencies,
56152,Tour Operators,
561520,Tour Operators,
56159,Other Travel Arrangement and Reservation Services,
561591,Convention and Visitors Bureaus,
561599,All Other Travel Arrangement and Reservation Services,
5616,Investigation and Security Services,
56161,"Investigation, Guard, and Armored Car Services",
561611,Investigation and Personal Background Check Services,
561612,Security Guards and Patrol Services,
561613,Armored Car Services,
56162,Security Systems Services,
561621,Security Systems Services (except Locksmiths),
561622,Locksmiths,
5617,Services to Buildings and Dwellings,
56171,Exterminating and Pest Control Services,
561710,Exterminating and Pest Control Services,
56172,Janitorial Services,
561720,Janitorial Services,
56173,Landscaping Services,
561730,Landscaping Services,
56174,Carpet and Upholstery Cleaning Services,
561740,Carpet and Upholstery Cleaning Services,
56179,Other Services to Buildings and Dwellings,
561790,Other Services to Buildings and Dwellings,
5619,Other Support Services,
56191,Packaging and Labeling Services,
561910,Packaging and Labeling Services,
56192,Convention and Trade Show Organizers,
561920,Convention and Trade Show Organizers,
56199,All Other Support Services,
561990,All Other Support Services,
562,Waste Management and Remediation Services,
5621,Waste Collection,
56211,Waste Collection,
562111,Solid Waste Collection,
562112,Hazardous Waste Collection,
562119,Other Waste Collection,
5622,Waste Treatment and Disposal,
56221,Waste Treatment and Disposal,
562211,Hazardous Waste Treatment and Disposal,
562212,Solid Waste Landfill,
562213,Solid Waste Combustors and Incinerators,
562219,Other Nonhazardous Waste Treatment and Disposal,
5629,Remediation and Other Waste Management Services,
56291,Remediation Services,
562910,Remediation Services,
56292,Materials Recovery Facilities,
562920,Materials Recovery Facilities,
56299,All Other Waste Management Services,
562991,Septic Tank and Related Services,
562998,All Other Miscellaneous Waste Management Services,
61,Educational Services,
611,Educational Services,
6111,Elementary and Secondary Schools,
61111,Elementary and Secondary Schools,
611110,Elementary and Secondary Schools,
6112,Junior Colleges,
61121,Junior Colleges,
611210,Junior Colleges,
6113,"Colleges, Universities, and Professional Schools",
61131,"Colleges, Universities, and Professional Schools",
611310,"Colleges, Universities, and Professional Schools",
6114,Business Schools and Computer and Management Training,
61141,Business and Secretarial Schools,
611410,Business and Secretarial Schools,
61142,Computer Training,
611420,Computer Training,
61143,Professional and Management Development Training,
611430,Professional and Management Development Training,
6115,Technical and Trade Schools,
61151,Technical and Trade Schools,
611511,Cosmetology and Barber Schools,
611512,Flight Training,
611513,Apprenticeship Training,
611519,Other Technical and Trade Schools,
6116,Other Schools and Instruction,
61161,Fine Arts Schools,
611610,Fine Arts Schools,
61162,Sports and Recreation Instruction,
611620,Sports and Recreation Instruction,
61163,Language Schools,
611630,Language Schools,
61169,All Other Schools and Instruction,
611691,Exam Preparation and Tutoring,
611692,Automobile Driving Schools,
611699,All Other Miscellaneous Schools and Instruction,
6117,Educational Support Services,
61171,Educational Support Services,
611710,Educational Support Services,
62,Health Care and Social Assistance,
621,Ambulatory Health Care Services,
6211,Offices of Physicians,
62111,Offices of Physicians,
621111,Offices of Physicians (except Mental Health Specialists),
621112,"Offices of Physicians, Mental Health Specialists",
6212,Offices of Dentists,
62121,Offices of Dentists,
621210,Offices of Dentists,
6213,Offices of Other Health Practitioners,
62131,Offices of Chiropractors,
621310,Offices of Chiropractors,
62132,Offices of Optometrists,
621320,Offices of Optometrists,
62133,Offices of Mental Health Practitioners (except Physicians),
621330,Offices of Mental Health Practitioners (except Physicians),
62134,"Offices of Physical, Occupational and Speech Therapists, and Audiologists",
621340,"Offices of Physical, Occupational and Speech Therapists, and Audiologists",
62139,Offices of All Other Health Practitioners,
621391,Offices of Podiatrists,
621399,Offices of All Other Miscellaneous Health Practitioners,
6214,Outpatient Care Centers,
62141,Family Planning Centers,
621410,Family Planning Centers,
62142,Outpatient Mental Health and Substance Abuse Centers,
621420,Outpatient Mental Health and Substance Abuse Centers,
62149,Other Outpatient Care Centers,
621491,HMO Medical Centers,
621492,Kidney Dialysis Centers,
621493,Freestanding Ambulatory Surgical and Emergency Centers,
621498,All Other Outpatient Care Centers,
6215,Medical and Diagnostic Laboratories,
62151,Medical and Diagnostic Laboratories,
621511,Medical Laboratories,
621512,Diagnostic Imaging Centers,
6216,Home Health Care Services,
62161,Home Health Care Services,
621610,Home Health Care Services,
6219,Other Ambulatory Health Care Services,
62191,Ambulance Services,
621910,Ambulance Services,
62199,All Other Ambulatory Health Care Services,
621991,Blood and Organ Banks,
621999,All Other Miscellaneous Ambulatory Health Care Services,
622,Hospitals,
6221,General Medical and Surgical Hospitals,
62211,General Medical and Surgical Hospitals,
622110,General Medical and Surgical Hospitals,
6222,Psychiatric and Substance Abuse Hospitals,
62221,Psychiatric and Substance Abuse Hospitals,
622210,Psychiatric and Substance Abuse Hospitals,
6223,Specialty (except Psychiatric and Substance Abuse) Hospitals,
62231,Specialty (except Psychiatric and Substance Abuse) Hospitals,
622310,Specialty (except Psychiatric and Substance Abuse) Hospitals,
623,Nursing and Residential Care Facilities,
6231,Nursing Care Facilities (Skilled Nursing Facilities),
62311,Nursing Care Facilities (Skilled Nursing Facilities),
623110,Nursing Care Facilities (Skilled Nursing Facilities),
6232,"Residential Intellectual and Developmental Disability, Mental Health, and Substance Abuse Facilities",
62321,Residential Intellectual and Developmental Disability Facilities,
623210,Residential Intellectual and Developmental Disability Facilities,
62322,Residential Mental Health and Substance Abuse Facilities,
623220,Residential Mental Health and Substance Abuse Facilities,
6233,Continuing Care Retirement Communities and Assisted Living Facilities for the Elderly,
62331,Continuing Care Retirement Communities and Assisted Living Facilities for the Elderly,
623311,Continuing Care Retirement Communities,
623312,Assisted Living Facilities for the Elderly,
6239,Other Residential Care Facilities,
62399,Other Residential Care Facilities,
623990,Other Residential Care Facilities,
624,Social Assistance,
6241,Individual and Family Services,
62411,Child and Youth Services,
624110,Child and Youth Services,
62412,Services for the Elderly and Persons with Disabilities,
624120,Services for the Elderly and Persons with Disabilities,
62419,Other Individual and Family Services,
624190,Other Individual and Family Services,
6242,"Community Food and Housing, and Emergency and Other Relief Services",
62421,Community Food Services,
624210,Community Food Services,
62422,Community Housing Services,
624221,Temporary Shelters,
624229,Other Community Housing Services,
62423,Emergency and Other Relief Services,
624230,Emergency and Other Relief Services,
6243,Vocational Rehabilitation Services,
62431,Vocational Rehabilitation Services,
624310,Vocational Rehabilitation Services,
6244,Child Care Services,
62441,Child Care Services,
624410,Child Care Services,
71,"Arts, Entertainment, and Recreation",
711,"Performing Arts, Spectator Sports, and Related Industries",
7111,Performing Arts Companies,
71111,Theater Companies and Dinner Theaters,
711110,Theater Companies and Dinner Theaters,
71112,Dance Companies,
711120,Dance Companies,
71113,Musical Groups and Artists,
711130,Musical Groups and Artists,
71119,Other Performing Arts Companies,
711190,Other Performing Arts Companies,
7112,Spectator Sports,
71121,Spectator Sports,
711211,Sports Teams and Clubs,
711212,Racetracks,
711219,Other Spectator Sports,
7113,"Promoters of Performing Arts, Sports, and Similar Events",
71131,"Promoters of Performing Arts, Sports, and Similar Events with Facilities",
711310,"Promoters of Performing Arts, Sports, and Similar Events with Facilities",
71132,"Promoters of Performing Arts, Sports, and Similar Events without Facilities",
711320,"Promoters of Performing Arts, Sports, and Similar Events without Facilities",
7114,"Agents and Managers for Artists, Athletes, Entertainers, and Other Public Figures",
71141,"Agents and Managers for Artists, Athletes, Entertainers, and Other Public Figures",
711410,"Agents and Managers for Artists, Athletes, Entertainers, and Other Public Figures",
7115,"Independent Artists, Writers, and Performers",
71151,"Independent Artists, Writers, and Performers",
711510,"Independent Artists, Writers, and Performers",
712,"Museums, Historical Sites, and Similar Institutions",
7121,"Museums, Historical Sites, and Similar Institutions",
71211,Museums,
712110,Museums,
71212,Historical Sites,
712120,Historical Sites,
71213,Zoos and Botanical Gardens,
712130,Zoos and Botanical Gardens,
71219,Nature Parks and Other Similar Institutions,
712190,Nature Parks and Other Similar Institutions,
713,"Amusement, Gambling, and Recreation Industries",
7131,Amusement Parks and Arcades,
71311,Amusement and Theme Parks,
713110,Amusement and Theme Parks,
71312,Amusement Arcades,
713120,Amusement Arcades,
7132,Gambling Industries,
71321,Casinos (except Casino Hotels),
713210,Casinos (except Casino Hotels),
71329,Other Gambling Industries,
713290,Other Gambling Industries,
7139,Other Amusement and Recreation Industries,
71391,Golf Courses and Country Clubs,
713910,Golf Courses and Country Clubs,
71392,Skiing Facilities,
713920,Skiing Facilities,
71393,Marinas,
713930,Marinas,
71394,Fitness and Recreational Sports Centers,
713940,Fitness and Recreational Sports Centers,
71395,Bowling Centers,
713950,Bowling Centers,
71399,All Other Amusement and Recreation Industries,
713990,All Other Amusement and Recreation Industries,
72,Accommodation and Food Services,Hospitality/Hotels
721,Accommodation,Hospitality/Hotels
7211,Traveler Accommodation,Hospitality/Hotels
72111,Hotels (except Casino Hotels) and Motels,Hospitality/Hotels
721110,Hotels (except Casino Hotels) and Motels,Hospitality/Hotels
72112,Casino Hotels,Hospitality/Hotels
721120,Casino Hotels,Hospitality/Hotels
72119,Other Traveler Accommodation,Hospitality/Hotels
721191,Bed-and-Breakfast Inns,Hospitality/Hotels
721199,All Other Traveler Accommodation,Hospitality/Hotels
7212,RV (Recreational Vehicle) Parks and Recreational Camps,Hospitality/Hotels
72121,RV (Recreational Vehicle) Parks and Recreational Camps,Hospitality/Hotels
721211,RV (Recreational Vehicle) Parks and Campgrounds,Hospitality/Hotels
721214,Recreational and Vacation Camps (except Campgrounds),Hospitality/Hotels
7213,"Rooming and Boarding Houses, Dormitories, and Workers' Camps",Hospitality/Hotels
72131,"Rooming and Boarding Houses, Dormitories, and Workers' Camps",Hospitality/Hotels
721310,"Rooming and Boarding Houses, Dormitories, and Workers' Camps",Hospitality/Hotels
722,Food Services and Drinking Places,Hospitality/Hotels
7223,Special Food Services,Hospitality/Hotels
72231,Food Service Contractors,Hospitality/Hotels
722310,Food Service Contractors,Hospitality/Hotels
72232,Caterers,Hospitality/Hotels
722320,Caterers,Hospitality/Hotels
72233,Mobile Food Services,Hospitality/Hotels
722330,Mobile Food Services,Hospitality/Hotels
7224,Drinking Places (Alcoholic Beverages),Hospitality/Hotels
72241,Drinking Places (Alcoholic Beverages),Hospitality/Hotels
722410,Drinking Places (Alcoholic Beverages),Hospitality/Hotels
7225,Restaurants and Other Eating Places,Hospitality/Hotels
72251,Restaurants and Other Eating Places,Hospitality/Hotels
722511,Full-Service Restaurants,Hospitality/Hotels
722513,Limited-Service Restaurants,Hospitality/Hotels
722514,"Cafeterias, Grill Buffets, and Buffets",Hospitality/Hotels
722515,Snack and Nonalcoholic Beverage Bars,Hospitality/Hotels
81,Other Services (except Public Administration),
811,Repair and Maintenance,
8111,Automotive Repair and Maintenance,
81111,Automotive Mechanical and Electrical Repair and Maintenance,
811111,General Automotive Repair,
811114,Specialized Automotive Repair,
81112,"Automotive Body, Paint, Interior, and Glass Repair",
811121,"Automotive Body, Paint, and Interior Repair and Maintenance",
811122,Automotive Glass Replacement Shops,
81119,Other Automotive Repair and Maintenance,
811191,Automotive Oil Change and Lubrication Shops,
811192,Car Washes,
811198,All Other Automotive Repair and Maintenance,
8112,Electronic and Precision Equipment Repair and Maintenance,
81121,Electronic and Precision Equipment Repair and Maintenance,
811210,Electronic and Precision Equipment Repair and Maintenance,
8113,Commercial and Industrial Machinery and Equipment (except Automotive and Electronic) Repair and Maintenance,
81131,Commercial and Industrial Machinery and Equipment (except Automotive and Electronic) Repair and Maintenance,
811310,Commercial and Industrial Machinery and Equipment (except Automotive and Electronic) Repair and Maintenance,
8114,Personal and Household Goods Repair and Maintenance,
81141,Home and Garden Equipment and Appliance Repair and Maintenance,
811411,Home and Garden Equipment Repair and Maintenance,
811412,Appliance Repair and Maintenance,
81142,Reupholstery and Furniture Repair,
811420,Reupholstery and Furniture Repair,
81143,Footwear and Leather Goods Repair,
811430,Footwear and Leather Goods Repair,
81149,Other Personal and Household Goods Repair and Maintenance,
811490,Other Personal and Household Goods Repair and Maintenance,
812,Personal and Laundry Services,
8121,Personal Care Services,
81211,"Hair, Nail, and Skin Care Services",
812111,Barber Shops,
812112,Beauty Salons,
812113,Nail Salons,
81219,Other Personal Care Services,
812191,Diet and Weight Reducing Centers,
812199,Other Personal Care Services,
8122,Death Care Services,
81221,Funeral Homes and Funeral Services,
812210,Funeral Homes and Funeral Services,
81222,Cemeteries and Crematories,
812220,Cemeteries and Crematories,
8123,Drycleaning and Laundry Services,
81231,Coin-Operated Laundries and Drycleaners,
812310,Coin-Operated Laundries and Drycleaners,
81232,Drycleaning and Laundry Services (except Coin-Operated),
812320,Drycleaning and Laundry Services (except Coin-Operated),
81233,Linen and Uniform Supply,
812331,Linen Supply,
812332,Industrial Launderers,
8129,Other Personal Services,
81291,Pet Care (except Veterinary) Services,
812910,Pet Care (except Veterinary) Services,
81292,Photofinishing,
812921,Photofinishing Laboratories (except One-Hour),
812922,One-Hour Photofinishing,
81293,Parking Lots and Garages,
812930,Parking Lots and Garages,
81299,All Other Personal Services,
812990,All Other Personal Services,
813,"Religious, Grantmaking, Civic, Professional, and Similar Organizations",
8131,Religious Organizations,
81311,Religious Organizations,
813110,Religious Organizations,
8132,Grantmaking and Giving Services,
81321,Grantmaking and Giving Services,
813211,Grantmaking Foundations,
813212,Voluntary Health Organizations,
813219,Other Grantmaking and Giving Services,
8133,Social Advocacy Organizations,
81331,Social Advocacy Organizations,
813311,Human Rights Organizations,
813312,"Environment, Conservation and Wildlife Organizations",
813319,Other Social Advocacy Organizations,
8134,Civic and Social Organizations,
81341,Civic and Social Organizations,
813410,Civic and Social Organizations,
8139,"Business, Professional, Labor, Political, and Similar Organizations",
81391,Business Associations,
813910,Business Associations,
81392,Professional Organizations,
813920,Professional Organizations,
81393,Labor Unions and Similar Labor Organizations,
813930,Labor Unions and Similar Labor Organizations,
81394,Political Organizations,
813940,Political Organizations,
81399,"Other Similar Organizations (except Business, Professional, Labor, and Political Organizations)",
813990,"Other Similar Organizations (except Business, Professional, Labor, and Political Organizations)",
814,Private Households,
8141,Private Households,
81411,Private Households,
814110,Private Households,
92,Public Administration,
921,"Executive, Legislative, and Other General Government Support",
9211,"Executive, Legislative, and Other General Government Support",
92111,Executive Offices,
921110,Executive Offices,
92112,Legislative Bodies,
921120,Legislative Bodies,
92113,Public Finance Activities,
921130,Public Finance Activities,
92114,"Executive and Legislative Offices, Combined",
921140,"Executive and Legislative Offices, Combined",
92115,American Indian and Alaska Native Tribal Governments,
921150,American Indian and Alaska Native Tribal Governments,
92119,Other General Government Support,
921190,Other General Government Support,
922,"Justice, Public Order, and Safety Activities",
9221,"Justice, Public Order, and Safety Activities",
92211,Courts,
922110,Courts,
92212,Police Protection,
922120,Police Protection,
92213,Legal Counsel and Prosecution,
922130,Legal Counsel and Prosecution,
92214,Correctional Institutions,
922140,Correctional Institutions,
92215,Parole Offices and Probation Offices,
922150,Parole Offices and Probation Offices,
92216,Fire Protection,
922160,Fire Protection,
92219,"Other Justice, Public Order, and Safety Activities",
922190,"Other Justice, Public Order, and Safety Activities",
923,Administration of Human Resource Programs,
9231,Administration of Human Resource Programs,
92311,Administration of Education Programs,
923110,Administration of Education Programs,
92312,Administration of Public Health Programs,
923120,Administration of Public Health Programs,
92313,"Administration of Human Resource Programs (except Education, Public Health, and Veterans' Affairs Programs)",
923130,"Administration of Human Resource Programs (except Education, Public Health, and Veterans' Affairs Programs)",
92314,Administration of Veterans' Affairs,
923140,Administration of Veterans' Affairs,
924,Administration of Environmental Quality Programs,
9241,Administration of Environmental Quality Programs,
92411,Administration of Air and Water Resource and Solid Waste Management Programs,
924110,Administration of Air and Water Resource and Solid Waste Management Programs,
92412,Administration of Conservation Programs,
924120,Administration of Conservation Programs,
925,"Administration of Housing Programs, Urban Planning, and Community Development",
9251,"Administration of Housing Programs, Urban Planning, and Community Development",
92511,Administration of Housing Programs,
925110,Administration of Housing Programs,
92512,Administration of Urban Planning and Community and Rural Development,
925120,Administration of Urban Planning and Community and Rural Development,
926,Administration of Economic Programs,
9261,Administration of Economic Programs,
92611,Administration of General Economic Programs,
926110,Administration of General Economic Programs,
92612,Regulation and Administration of Transportation Programs,
926120,Regulation and Administration of Transportation Programs,
92613,"Regulation and Administration of Communications, Electric, Gas, and Other Utilities",
926130,"Regulation and Administration of Communications, Electric, Gas, and Other Utilities",
92614,Regulation of Agricultural Marketing and Commodities,
926140,Regulation of Agricultural Marketing and Commodities,
92615,"Regulation, Licensing, and Inspection of Miscellaneous Commercial Sectors",
926150,"Regulation, Licensing, and Inspection of Miscellaneous Commercial Sectors",
927,Space Research and Technology,
9271,Space Research and Technology,
92711,Space Research and Technology,
927110,Space Research and Technology,
928,National Security and International Affairs,
9281,National Security and International Affairs,
92811,National Security,
928110,National Security,
92812,International Affairs,
928120,International Affairs,
