O*NET-SOC Code,Title,Reported Job Title,Shown in My Next Move
11-1011.00,Chief Executives,CEO (Chief Executive Officer),Y
11-1011.00,Chief Executives,Chief Diversity Officer (CDO),N
11-1011.00,Chief Executives,Chief Financial Officer (CFO),Y
11-1011.00,Chief Executives,Chief Information Officer (CIO),N
11-1011.00,Chief Executives,Chief Operating Officer (COO),Y
11-1011.00,Chief Executives,Chief Technical Officer (CTO),N
11-1011.00,Chief Executives,Executive Director,N
11-1011.00,Chief Executives,Executive Vice President (EVP),N
11-1011.00,Chief Executives,Operations Vice President (Operations VP),N
11-1011.00,Chief Executives,President,Y
11-1011.03,Chief Sustainability Officers,Chief Sustainability Officer (CSO),Y
11-1011.03,Chief Sustainability Officers,Corporate Sustainability Process Manager,N
11-1011.03,Chief Sustainability Officers,CSR and Sustainability VP (Corporate Social Responsibility and Sustainability Vice President),N
11-1011.03,Chief Sustainability Officers,Sustainability Chancellor,N
11-1011.03,Chief Sustainability Officers,Sustainability Chief,N
11-1011.03,Chief Sustainability Officers,Sustainability Director,Y
11-1011.03,Chief Sustainability Officers,Sustainability Initiatives Vice President (Sustainability Initiatives VP),N
11-1011.03,Chief Sustainability Officers,Sustainability Manager,Y
11-1011.03,Chief Sustainability Officers,Sustainability Programs Director,N
11-1011.03,Chief Sustainability Officers,Sustainable Design Director,Y
11-1021.00,General and Operations Managers,Business Manager,N
11-1021.00,General and Operations Managers,Center Manager,N
11-1021.00,General and Operations Managers,Department Manager,N
11-1021.00,General and Operations Managers,District Manager,N
11-1021.00,General and Operations Managers,General Manager (GM),Y
11-1021.00,General and Operations Managers,Operations Director,Y
11-1021.00,General and Operations Managers,Operations General Manager (Operations GM),N
11-1021.00,General and Operations Managers,Operations Manager,Y
11-1021.00,General and Operations Managers,Plant Superintendent,N
11-1021.00,General and Operations Managers,Store Manager,Y
11-2011.00,Advertising and Promotions Managers,Account Executive,N
11-2011.00,Advertising and Promotions Managers,Ad Accounts Executive (Advertising Accounts Executive),N
11-2011.00,Advertising and Promotions Managers,Ad Director (Advertising Director),N
11-2011.00,Advertising and Promotions Managers,Ad Manager (Advertising Manager),Y
11-2011.00,Advertising and Promotions Managers,Ad Sales Director (Advertising Sales Director),N
11-2011.00,Advertising and Promotions Managers,Ad Sales Manager (Advertising Sales Manager),Y
11-2011.00,Advertising and Promotions Managers,Classified Ad Manager (Classified Advertising Manager),N
11-2011.00,Advertising and Promotions Managers,Creative Services Director,N
11-2011.00,Advertising and Promotions Managers,Promotions Director,Y
11-2011.00,Advertising and Promotions Managers,Promotions Manager,Y
11-2021.00,Marketing Managers,BD Director (Business Development Director),Y
11-2021.00,Marketing Managers,BD Manager (Business Development Manager),N
11-2021.00,Marketing Managers,Brand Manager,Y
11-2021.00,Marketing Managers,Market Development Executive,N
11-2021.00,Marketing Managers,Market Development Manager,N
11-2021.00,Marketing Managers,Marketing Communications Manager,N
11-2021.00,Marketing Managers,Marketing Coordinator,N
11-2021.00,Marketing Managers,Marketing Director,Y
11-2021.00,Marketing Managers,Product Manager,Y
11-2021.00,Marketing Managers,Product Marketing Manager,N
11-2022.00,Sales Managers,District Sales Manager,Y
11-2022.00,Sales Managers,Fractional Sales Executive,N
11-2022.00,Sales Managers,National Sales Manager,N
11-2022.00,Sales Managers,Regional Sales Manager,N
11-2022.00,Sales Managers,Sales and Marketing VP (Sales and Marketing Vice President),N
11-2022.00,Sales Managers,Sales Director,Y
11-2022.00,Sales Managers,Sales Manager,Y
11-2022.00,Sales Managers,Sales Operations Manager (Sales Ops Manager),N
11-2022.00,Sales Managers,Sales Supervisor,N
11-2022.00,Sales Managers,Sales VP (Sales Vice President),Y
11-2032.00,Public Relations Managers,Communications Director,Y
11-2032.00,Public Relations Managers,Communications Manager,Y
11-2032.00,Public Relations Managers,Community Relations Director,N
11-2032.00,Public Relations Managers,PR Director (Public Relations Director),Y
11-2032.00,Public Relations Managers,Public Affairs Director,Y
11-2033.00,Fundraising Managers,Advancement Director,Y
11-2033.00,Fundraising Managers,Annual Giving Director,Y
11-2033.00,Fundraising Managers,Development Director,Y
11-2033.00,Fundraising Managers,Donor Engagement Director,N
11-2033.00,Fundraising Managers,Foundation Director,N
11-2033.00,Fundraising Managers,Fundraising Manager,Y
11-2033.00,Fundraising Managers,Individual Giving Director,N
11-2033.00,Fundraising Managers,Individual Giving Manager,N
11-2033.00,Fundraising Managers,Institutional Advancement VP (Institutional Advancement Vice President),N
11-2033.00,Fundraising Managers,Major Gifts Director,N
11-3012.00,Administrative Services Managers,Administrative Coordinator,Y
11-3012.00,Administrative Services Managers,Administrative Director,N
11-3012.00,Administrative Services Managers,Administrative Manager,Y
11-3012.00,Administrative Services Managers,Administrative Officer,Y
11-3012.00,Administrative Services Managers,Administrator,N
11-3012.00,Administrative Services Managers,Business Administrator,Y
11-3012.00,Administrative Services Managers,Business Manager,N
11-3013.00,Facilities Managers,Building Maintenance Superintendent,N
11-3013.00,Facilities Managers,Building Services Supervisor,N
11-3013.00,Facilities Managers,Facilities Coordinator,N
11-3013.00,Facilities Managers,Facilities Director,Y
11-3013.00,Facilities Managers,Facilities Engineer,N
11-3013.00,Facilities Managers,Facilities Maintenance Manager,Y
11-3013.00,Facilities Managers,Facilities Manager,Y
11-3013.00,Facilities Managers,Facilities Operations Manager (Facilities Ops Manager),Y
11-3013.00,Facilities Managers,Facilities Operations Specialist (Facilities Ops Specialist),N
11-3013.00,Facilities Managers,Maintenance Superintendent,N
11-3013.01,Security Managers,Corporate Physical Security Supervisor,N
11-3013.01,Security Managers,Corporate Security Manager,Y
11-3013.01,Security Managers,Judicial Office Security Director,N
11-3013.01,Security Managers,Physical Security Manager,N
11-3013.01,Security Managers,Physical Security Systems Manager,N
11-3013.01,Security Managers,Regional Security Manager,Y
11-3013.01,Security Managers,Security and Surveillance Manager,N
11-3013.01,Security Managers,Security Director,Y
11-3013.01,Security Managers,Security Manager,Y
11-3013.01,Security Managers,Special Security Operations Program Manager,N
11-3021.00,Computer and Information Systems Managers,Application Development Director,N
11-3021.00,Computer and Information Systems Managers,Computing Services Director,N
11-3021.00,Computer and Information Systems Managers,Data Processing Manager,N
11-3021.00,Computer and Information Systems Managers,Information Systems Director (IS Director),Y
11-3021.00,Computer and Information Systems Managers,Information Systems Manager (IS Manager),Y
11-3021.00,Computer and Information Systems Managers,Information Systems Supervisor (IS Supervisor),N
11-3021.00,Computer and Information Systems Managers,Information Technology Director (IT Director),Y
11-3021.00,Computer and Information Systems Managers,Information Technology Manager (IT Manager),Y
11-3021.00,Computer and Information Systems Managers,MIS Director (Management Information Systems Director),N
11-3021.00,Computer and Information Systems Managers,Technical Services Manager,N
11-3031.00,Financial Managers,Accounting Supervisor,N
11-3031.00,Financial Managers,Banking Center Manager (BCM),Y
11-3031.00,Financial Managers,Branch Manager,Y
11-3031.00,Financial Managers,Business Banking Manager,N
11-3031.00,Financial Managers,Credit Administration Manager,Y
11-3031.00,Financial Managers,Credit Manager,N
11-3031.00,Financial Managers,Financial Center Manager,Y
11-3031.00,Financial Managers,Financial Planning Manager,N
11-3031.00,Financial Managers,Financial Reporting Manager,N
11-3031.00,Financial Managers,Financial Systems Manager,N
11-3031.01,Treasurers and Controllers,Comptroller,Y
11-3031.01,Treasurers and Controllers,Controller,Y
11-3031.01,Treasurers and Controllers,Corporate Controller,N
11-3031.01,Treasurers and Controllers,Corporate Treasurer,Y
11-3031.01,Treasurers and Controllers,Finance Treasurer,N
11-3031.01,Treasurers and Controllers,Global Treasurer,N
11-3031.01,Treasurers and Controllers,Regional Controller,N
11-3031.01,Treasurers and Controllers,School Treasurer,N
11-3031.01,Treasurers and Controllers,Treasurer,Y
11-3031.01,Treasurers and Controllers,Treasurer Consultant,N
11-3031.03,Investment Fund Managers,Fixed Income Portfolio Manager,Y
11-3031.03,Investment Fund Managers,Fixed Income Vice President (Fixed Income VP),Y
11-3031.03,Investment Fund Managers,Investment Analysis Vice President (Investment Analysis VP),Y
11-3031.03,Investment Fund Managers,Portfolio Manager,Y
11-3051.00,Industrial Production Managers,Area Plant Manager,N
11-3051.00,Industrial Production Managers,Assembly Manager,Y
11-3051.00,Industrial Production Managers,General Production Manager,N
11-3051.00,Industrial Production Managers,Manufacturing Coordinator,N
11-3051.00,Industrial Production Managers,Manufacturing Manager,Y
11-3051.00,Industrial Production Managers,Plant Manager,Y
11-3051.00,Industrial Production Managers,Product Line Manager,N
11-3051.00,Industrial Production Managers,Production Control Manager,N
11-3051.00,Industrial Production Managers,Production Manager,Y
11-3051.00,Industrial Production Managers,Sub Plant Manager,N
11-3051.01,Quality Control Systems Managers,Product Quality Director,N
11-3051.01,Quality Control Systems Managers,Quality and Food Safety Manager,N
11-3051.01,Quality Control Systems Managers,Quality and Process Improvement Manager,N
11-3051.01,Quality Control Systems Managers,Quality Assurance Director (QA Director),Y
11-3051.01,Quality Control Systems Managers,Quality Assurance Manager (QA Manager),Y
11-3051.01,Quality Control Systems Managers,Quality Control Manager (QC Manager),Y
11-3051.01,Quality Control Systems Managers,Quality Control Supervisor (QC Supervisor),N
11-3051.01,Quality Control Systems Managers,Quality Director,N
11-3051.01,Quality Control Systems Managers,Quality Manager,Y
11-3051.01,Quality Control Systems Managers,Quality Systems Director,N
11-3051.02,Geothermal Production Managers,Plant Manager,Y
11-3051.02,Geothermal Production Managers,Plant Supervisor,Y
11-3051.02,Geothermal Production Managers,Power Plant Operations Manager,Y
11-3051.03,Biofuels Production Managers,Biofuels Production Manager,Y
11-3051.03,Biofuels Production Managers,Ethanol Operations Manager,N
11-3051.03,Biofuels Production Managers,Plant Manager,Y
11-3051.03,Biofuels Production Managers,Production Coordinator,Y
11-3051.03,Biofuels Production Managers,Production Manager,Y
11-3051.03,Biofuels Production Managers,Production Plant Manager,N
11-3051.04,Biomass Power Plant Managers,Fuel Manager,N
11-3051.04,Biomass Power Plant Managers,Maintenance Manager,Y
11-3051.04,Biomass Power Plant Managers,Maintenance Superintendent,N
11-3051.04,Biomass Power Plant Managers,Maintenance Supervisor,Y
11-3051.04,Biomass Power Plant Managers,Operations and Maintenance Manager (O&M Manager),N
11-3051.04,Biomass Power Plant Managers,Operations Superintendent,N
11-3051.04,Biomass Power Plant Managers,Operations Supervisor,Y
11-3051.04,Biomass Power Plant Managers,Plant Manager,Y
11-3051.04,Biomass Power Plant Managers,Utilities Superintendent,N
11-3051.06,Hydroelectric Production Managers,Hydroelectric Station Supervisor (Hydro Station Supervisor),N
11-3051.06,Hydroelectric Production Managers,Plant Manager,Y
11-3051.06,Hydroelectric Production Managers,Power Plant Superintendent,Y
11-3051.06,Hydroelectric Production Managers,Power Plant Supervisor,Y
11-3051.06,Hydroelectric Production Managers,Power Project Manager,Y
11-3061.00,Purchasing Managers,Category Purchasing Manager,N
11-3061.00,Purchasing Managers,Commodity Manager,N
11-3061.00,Purchasing Managers,Materials Director,N
11-3061.00,Purchasing Managers,Materials Manager,Y
11-3061.00,Purchasing Managers,Procurement Director,N
11-3061.00,Purchasing Managers,Procurement Manager,Y
11-3061.00,Purchasing Managers,Purchasing Director,Y
11-3061.00,Purchasing Managers,Purchasing Manager,Y
11-3061.00,Purchasing Managers,Purchasing Supervisor,N
11-3061.00,Purchasing Managers,Strategic Sourcing Director,N
11-3071.00,"Transportation, Storage, and Distribution Managers",Distribution Center Manager,Y
11-3071.00,"Transportation, Storage, and Distribution Managers",Distribution Manager,N
11-3071.00,"Transportation, Storage, and Distribution Managers",Fleet Manager,Y
11-3071.00,"Transportation, Storage, and Distribution Managers",Global Transportation Manager,N
11-3071.00,"Transportation, Storage, and Distribution Managers",Logistics Director,N
11-3071.00,"Transportation, Storage, and Distribution Managers",Logistics Operations Manager,Y
11-3071.00,"Transportation, Storage, and Distribution Managers",Shipping Manager,N
11-3071.00,"Transportation, Storage, and Distribution Managers",Supply Chain Logistics Manager,Y
11-3071.00,"Transportation, Storage, and Distribution Managers",Transportation Manager,N
11-3071.00,"Transportation, Storage, and Distribution Managers",Warehouse Supervisor,N
11-3071.04,Supply Chain Managers,Global Supply Chain Director,Y
11-3071.04,Supply Chain Managers,Material Requirements Planning Manager,Y
11-3071.04,Supply Chain Managers,Solution Design and Analysis Manager,N
11-3071.04,Supply Chain Managers,Supply Chain Director,Y
11-3071.04,Supply Chain Managers,Supply Chain Manager,Y
11-3111.00,Compensation and Benefits Managers,Benefits Coordinator,N
11-3111.00,Compensation and Benefits Managers,Benefits Director,N
11-3111.00,Compensation and Benefits Managers,Benefits Manager,Y
11-3111.00,Compensation and Benefits Managers,Compensation and Benefits Director,N
11-3111.00,Compensation and Benefits Managers,Compensation and Benefits Manager,Y
11-3111.00,Compensation and Benefits Managers,Compensation Director,Y
11-3111.00,Compensation and Benefits Managers,Compensation Manager,Y
11-3111.00,Compensation and Benefits Managers,Employee Benefits Coordinator,N
11-3111.00,Compensation and Benefits Managers,Employee Benefits Manager,N
11-3111.00,Compensation and Benefits Managers,Payroll Manager,N
11-3121.00,Human Resources Managers,Employee Relations Manager,Y
11-3121.00,Human Resources Managers,HR Admin Director (Human Resources Administration Director),N
11-3121.00,Human Resources Managers,HR Director (Human Resources Director),Y
11-3121.00,Human Resources Managers,HR Manager (Human Resources Manager),Y
11-3121.00,Human Resources Managers,HR Ops Manager (Human Resources Operations Manager),N
11-3121.00,Human Resources Managers,HR VP (Human Resources Vice President),Y
11-3121.00,Human Resources Managers,Recruitment Director,N
11-3131.00,Training and Development Managers,Education and Development Manager,N
11-3131.00,Training and Development Managers,L and D Director (Learning and Development Director),Y
11-3131.00,Training and Development Managers,Learning Manager,Y
11-3131.00,Training and Development Managers,Organizational Development Manager (OD Manager),N
11-3131.00,Training and Development Managers,Staff Development Director,N
11-3131.00,Training and Development Managers,Staff Training and Development Manager,N
11-3131.00,Training and Development Managers,Training and Development Coordinator (T and D Coordinator),N
11-3131.00,Training and Development Managers,Training and Development Director (T and D Director),N
11-3131.00,Training and Development Managers,Training Director,Y
11-3131.00,Training and Development Managers,Training Manager,Y
11-9013.00,"Farmers, Ranchers, and Other Agricultural Managers",Aquaculture Director,Y
11-9013.00,"Farmers, Ranchers, and Other Agricultural Managers",Farm Manager,Y
11-9013.00,"Farmers, Ranchers, and Other Agricultural Managers",Farm Operations Technical Director,N
11-9013.00,"Farmers, Ranchers, and Other Agricultural Managers",Fish Hatchery Manager,N
11-9013.00,"Farmers, Ranchers, and Other Agricultural Managers",Greenhouse Manager,Y
11-9013.00,"Farmers, Ranchers, and Other Agricultural Managers",Harvesting Manager,N
11-9013.00,"Farmers, Ranchers, and Other Agricultural Managers",Hatchery Manager,N
11-9013.00,"Farmers, Ranchers, and Other Agricultural Managers",Hatchery Supervisor,N
11-9013.00,"Farmers, Ranchers, and Other Agricultural Managers",Nursery Manager,N
11-9013.00,"Farmers, Ranchers, and Other Agricultural Managers",Ranch Manager,Y
11-9021.00,Construction Managers,Concrete Foreman,N
11-9021.00,Construction Managers,Construction Area Manager,N
11-9021.00,Construction Managers,Construction Foreman,Y
11-9021.00,Construction Managers,Construction Management Supervisor,N
11-9021.00,Construction Managers,Construction Manager,Y
11-9021.00,Construction Managers,Construction Services Manager,N
11-9021.00,Construction Managers,Construction Superintendent,Y
11-9021.00,Construction Managers,General Superintendent,Y
11-9021.00,Construction Managers,Job Superintendent,N
11-9021.00,Construction Managers,Site Manager,N
11-9031.00,"Education and Childcare Administrators, Preschool and Daycare",Child Care Center Director,N
11-9031.00,"Education and Childcare Administrators, Preschool and Daycare",Child Care Director,Y
11-9031.00,"Education and Childcare Administrators, Preschool and Daycare",Childcare Director,Y
11-9031.00,"Education and Childcare Administrators, Preschool and Daycare",Day Care Director,N
11-9031.00,"Education and Childcare Administrators, Preschool and Daycare",Early Childhood Program Supervisor (ECP Supervisor),N
11-9031.00,"Education and Childcare Administrators, Preschool and Daycare",Early Childhood Services Director,N
11-9031.00,"Education and Childcare Administrators, Preschool and Daycare",Education Coordinator,Y
11-9031.00,"Education and Childcare Administrators, Preschool and Daycare",Education Director,Y
11-9031.00,"Education and Childcare Administrators, Preschool and Daycare",Education Site Manager,N
11-9031.00,"Education and Childcare Administrators, Preschool and Daycare",Preschool Program Director,N
11-9032.00,"Education Administrators, Kindergarten through Secondary",Athletic Director,N
11-9032.00,"Education Administrators, Kindergarten through Secondary",Curriculum and Instruction Superintendent,N
11-9032.00,"Education Administrators, Kindergarten through Secondary",Curriculum Director,N
11-9032.00,"Education Administrators, Kindergarten through Secondary",Elementary Principal,Y
11-9032.00,"Education Administrators, Kindergarten through Secondary",K-12 Principal (Kindergarten Through Twelfth Grade Principal),N
11-9032.00,"Education Administrators, Kindergarten through Secondary",MS Principal (Middle School Principal),Y
11-9032.00,"Education Administrators, Kindergarten through Secondary",School Administrator (School Admin),Y
11-9032.00,"Education Administrators, Kindergarten through Secondary",School Superintendent,N
11-9032.00,"Education Administrators, Kindergarten through Secondary",SPED Director (Special Education Director),N
11-9032.00,"Education Administrators, Kindergarten through Secondary",Superintendent,Y
11-9033.00,"Education Administrators, Postsecondary",Academic Affairs Vice President (Academic Affairs VP),Y
11-9033.00,"Education Administrators, Postsecondary",Academic Dean,Y
11-9033.00,"Education Administrators, Postsecondary",Admissions Director,N
11-9033.00,"Education Administrators, Postsecondary",College President,N
11-9033.00,"Education Administrators, Postsecondary",Dean,Y
11-9033.00,"Education Administrators, Postsecondary",Financial Aid Director,N
11-9033.00,"Education Administrators, Postsecondary",Institutional Research Director,N
11-9033.00,"Education Administrators, Postsecondary",Provost,N
11-9033.00,"Education Administrators, Postsecondary",Registrar,Y
11-9033.00,"Education Administrators, Postsecondary",Students Dean,N
11-9041.00,Architectural and Engineering Managers,Civil Engineering Manager,N
11-9041.00,Architectural and Engineering Managers,Electrical Engineering Manager,N
11-9041.00,Architectural and Engineering Managers,Engineering Director,Y
11-9041.00,Architectural and Engineering Managers,Engineering Group Manager,N
11-9041.00,Architectural and Engineering Managers,Engineering Program Manager,Y
11-9041.00,Architectural and Engineering Managers,Mechanical Engineering Manager,N
11-9041.00,Architectural and Engineering Managers,Process Engineering Manager,N
11-9041.00,Architectural and Engineering Managers,Project Engineering Manager,Y
11-9041.00,Architectural and Engineering Managers,Project Manager,Y
11-9041.01,Biofuels/Biodiesel Technology and Product Development Managers,Analytical Research Program Manager,Y
11-9041.01,Biofuels/Biodiesel Technology and Product Development Managers,Biodiesel Division Manager,Y
11-9041.01,Biofuels/Biodiesel Technology and Product Development Managers,Biofuels Manager,N
11-9041.01,Biofuels/Biodiesel Technology and Product Development Managers,Business Development and New Technology Manager,N
11-9041.01,Biofuels/Biodiesel Technology and Product Development Managers,Laboratory Manager (Lab Manager),Y
11-9041.01,Biofuels/Biodiesel Technology and Product Development Managers,Project Development Director,Y
11-9051.00,Food Service Managers,Banquet Manager,N
11-9051.00,Food Service Managers,Catering Manager,N
11-9051.00,Food Service Managers,CDM (Certified Dietary Manager),N
11-9051.00,Food Service Managers,Dining Service Director,N
11-9051.00,Food Service Managers,F and B Manager (Food and Beverage Manager),Y
11-9051.00,Food Service Managers,Food Service Director,Y
11-9051.00,Food Service Managers,Food Service Manager,Y
11-9051.00,Food Service Managers,Food Service Supervisor,N
11-9051.00,Food Service Managers,Kitchen Manager,N
11-9051.00,Food Service Managers,Restaurant Manager,Y
11-9071.00,Gambling Managers,Casino Manager,Y
11-9071.00,Gambling Managers,Casino Operations Manager,N
11-9071.00,Gambling Managers,Casino Shift Manager,Y
11-9071.00,Gambling Managers,Gaming Manager,N
11-9071.00,Gambling Managers,Pit Manager,N
11-9071.00,Gambling Managers,Shift Manager,N
11-9071.00,Gambling Managers,Slot Manager,Y
11-9071.00,Gambling Managers,Slot Operations Manager,N
11-9071.00,Gambling Managers,Table Games Manager,Y
11-9071.00,Gambling Managers,Table Games Shift Manager,N
11-9072.00,"Entertainment and Recreation Managers, Except Gambling",Aquatic Program Manager,N
11-9072.00,"Entertainment and Recreation Managers, Except Gambling",Camp Director,Y
11-9072.00,"Entertainment and Recreation Managers, Except Gambling",Events Manager,Y
11-9072.00,"Entertainment and Recreation Managers, Except Gambling",Golf Course Manager,N
11-9072.00,"Entertainment and Recreation Managers, Except Gambling",Ice Arena Director,N
11-9072.00,"Entertainment and Recreation Managers, Except Gambling",Park Manager,N
11-9072.00,"Entertainment and Recreation Managers, Except Gambling",Recreation Director,Y
11-9072.00,"Entertainment and Recreation Managers, Except Gambling",Recreation Manager,Y
11-9072.00,"Entertainment and Recreation Managers, Except Gambling",Recreation Superintendent,N
11-9072.00,"Entertainment and Recreation Managers, Except Gambling",Social Activities Director,N
11-9081.00,Lodging Managers,Bed and Breakfast Innkeeper,N
11-9081.00,Lodging Managers,Front Desk Manager,Y
11-9081.00,Lodging Managers,Front Office Director,N
11-9081.00,Lodging Managers,Front Office Manager,Y
11-9081.00,Lodging Managers,Guest Relations Manager,N
11-9081.00,Lodging Managers,Guest Services Manager,N
11-9081.00,Lodging Managers,Hotel Manager,Y
11-9081.00,Lodging Managers,Night Manager,N
11-9081.00,Lodging Managers,Resort Manager,Y
11-9081.00,Lodging Managers,Rooms Director,N
11-9111.00,Medical and Health Services Managers,Cancer Center Director,N
11-9111.00,Medical and Health Services Managers,Clinical Director,Y
11-9111.00,Medical and Health Services Managers,Health Information Management Director (HIM Director),Y
11-9111.00,Medical and Health Services Managers,Health Information Manager (HIM Manager),Y
11-9111.00,Medical and Health Services Managers,Healthcare System Director,N
11-9111.00,Medical and Health Services Managers,Medical Records Director,N
11-9111.00,Medical and Health Services Managers,Medical Records Manager,N
11-9111.00,Medical and Health Services Managers,Mental Health Program Manager,N
11-9111.00,Medical and Health Services Managers,Nurse Manager,N
11-9111.00,Medical and Health Services Managers,Nursing Director,Y
11-9121.00,Natural Sciences Managers,Analytical Services Manager,N
11-9121.00,Natural Sciences Managers,Chemical Engineer Supervisor,N
11-9121.00,Natural Sciences Managers,Chemical Process Exploration Manager,Y
11-9121.00,Natural Sciences Managers,Environmental Program Manager,Y
11-9121.00,Natural Sciences Managers,Lab Manager (Laboratory Manager),N
11-9121.00,Natural Sciences Managers,Natural Sciences Manager,Y
11-9121.00,Natural Sciences Managers,Research Administrator,N
11-9121.00,Natural Sciences Managers,Research and Development Director (R and D Director),Y
11-9121.00,Natural Sciences Managers,Research Manager,N
11-9121.00,Natural Sciences Managers,Water Team Leader,N
11-9121.01,Clinical Research Coordinators,Clinical Coordinator,N
11-9121.01,Clinical Research Coordinators,Clinical Program Coordinator,N
11-9121.01,Clinical Research Coordinators,Clinical Program Manager,Y
11-9121.01,Clinical Research Coordinators,Clinical Research Administrator,N
11-9121.01,Clinical Research Coordinators,Clinical Research Coordinator,Y
11-9121.01,Clinical Research Coordinators,Clinical Research Manager,N
11-9121.01,Clinical Research Coordinators,Clinical Research Nurse Coordinator,N
11-9121.01,Clinical Research Coordinators,Clinical Trial Coordinator,N
11-9121.01,Clinical Research Coordinators,Clinical Trial Manager,Y
11-9121.01,Clinical Research Coordinators,Research Coordinator,Y
11-9121.02,Water Resource Specialists,Water Resources Planner,Y
11-9131.00,Postmasters and Mail Superintendents,Delivery Supervisor,N
11-9131.00,Postmasters and Mail Superintendents,Distribution Operation Supervisor (SDO),Y
11-9131.00,Postmasters and Mail Superintendents,Distribution Operations Manager,Y
11-9131.00,Postmasters and Mail Superintendents,Distribution Operations Supervisor,N
11-9131.00,Postmasters and Mail Superintendents,Mail Delivery Supervisor,N
11-9131.00,Postmasters and Mail Superintendents,Postal Supervisor,N
11-9131.00,Postmasters and Mail Superintendents,Postmaster,Y
11-9131.00,Postmasters and Mail Superintendents,Postmaster Relief (PMR),N
11-9131.00,Postmasters and Mail Superintendents,Remote Encoding Center Manager,Y
11-9131.00,Postmasters and Mail Superintendents,Remote Encoding Operations Supervisor,N
11-9141.00,"Property, Real Estate, and Community Association Managers",Apartment Manager,N
11-9141.00,"Property, Real Estate, and Community Association Managers",Commercial Property Manager,N
11-9141.00,"Property, Real Estate, and Community Association Managers",Community Association Manager,N
11-9141.00,"Property, Real Estate, and Community Association Managers",Community Manager,Y
11-9141.00,"Property, Real Estate, and Community Association Managers",Lease Administration Supervisor,N
11-9141.00,"Property, Real Estate, and Community Association Managers",Leasing Manager,N
11-9141.00,"Property, Real Estate, and Community Association Managers",Onsite Manager,N
11-9141.00,"Property, Real Estate, and Community Association Managers",Property Manager,Y
11-9141.00,"Property, Real Estate, and Community Association Managers",Real Estate Manager,Y
11-9141.00,"Property, Real Estate, and Community Association Managers",Resident Manager,Y
11-9151.00,Social and Community Service Managers,Adoption Services Manager,N
11-9151.00,Social and Community Service Managers,Child Welfare Services Director,Y
11-9151.00,Social and Community Service Managers,Children's Service Supervisor,N
11-9151.00,Social and Community Service Managers,Clinical Services Director,N
11-9151.00,Social and Community Service Managers,Community Services Director,N
11-9151.00,Social and Community Service Managers,Psychiatric Social Worker Supervisor,N
11-9151.00,Social and Community Service Managers,Social Services Director,Y
11-9151.00,Social and Community Service Managers,Transitional Care Director,Y
11-9151.00,Social and Community Service Managers,Vocational Rehabilitation Administrator,Y
11-9161.00,Emergency Management Directors,911 Communications Manager,N
11-9161.00,Emergency Management Directors,Emergency Management Coordinator,N
11-9161.00,Emergency Management Directors,Emergency Management Director,Y
11-9161.00,Emergency Management Directors,Emergency Management System Director (EMS Director),Y
11-9161.00,Emergency Management Directors,Emergency Manager,N
11-9161.00,Emergency Management Directors,Emergency Planner,Y
11-9161.00,Emergency Management Directors,Emergency Preparedness Manager,N
11-9161.00,Emergency Management Directors,Emergency Services Director,N
11-9161.00,Emergency Management Directors,Emergency Services Program Coordinator,N
11-9161.00,Emergency Management Directors,Public Safety Director,Y
11-9171.00,Funeral Home Managers,Arranging Funeral Director,N
11-9171.00,Funeral Home Managers,Funeral Director,Y
11-9171.00,Funeral Home Managers,Funeral Home Location Manager,N
11-9171.00,Funeral Home Managers,Funeral Home Manager,Y
11-9171.00,Funeral Home Managers,Funeral Home Owner,N
11-9171.00,Funeral Home Managers,Funeral Service Manager,Y
11-9171.00,Funeral Home Managers,Licensed Funeral Director,N
11-9171.00,Funeral Home Managers,Location Manager,Y
11-9171.00,Funeral Home Managers,Mortuary Operations Manager (Mortuary Ops Manager),N
11-9171.00,Funeral Home Managers,Prearranged Funeral Sales Manager,N
11-9179.01,Fitness and Wellness Coordinators,Clinical and Wellness Programs Manager,N
11-9179.01,Fitness and Wellness Coordinators,Fitness and Wellness Coordinator,Y
11-9179.01,Fitness and Wellness Coordinators,Fitness and Wellness Director,Y
11-9179.01,Fitness and Wellness Coordinators,Fitness Center Manager,N
11-9179.01,Fitness and Wellness Coordinators,Fitness Coordinator,Y
11-9179.01,Fitness and Wellness Coordinators,Fitness Director,Y
11-9179.01,Fitness and Wellness Coordinators,Group Fitness Manager (GFM),N
11-9179.01,Fitness and Wellness Coordinators,Wellness and Coaching Manager,N
11-9179.01,Fitness and Wellness Coordinators,Wellness Director,N
11-9179.01,Fitness and Wellness Coordinators,Wellness Programs Director,N
11-9179.02,Spa Managers,Guest Experience Director,N
11-9179.02,Spa Managers,Massage Department Manager,Y
11-9179.02,Spa Managers,Spa Director,Y
11-9179.02,Spa Managers,Spa Operation Manager,N
11-9179.02,Spa Managers,Spa Operations Manager (Spa Ops Manager),Y
11-9179.02,Spa Managers,Spa Supervisor,Y
11-9199.01,Regulatory Affairs Managers,"CMC Director (Chemistry, Manufacturing, and Controls Director)",N
11-9199.01,Regulatory Affairs Managers,Compliance Director,Y
11-9199.01,Regulatory Affairs Managers,Global RA Director (Global Regulatory Affairs Director),N
11-9199.01,Regulatory Affairs Managers,Global RA Manager (Global Regulatory Affairs Manager),Y
11-9199.01,Regulatory Affairs Managers,RA Director (Regulatory Affairs Director),Y
11-9199.01,Regulatory Affairs Managers,RA Manager (Regulatory Affairs Manager),Y
11-9199.01,Regulatory Affairs Managers,RA QA Director (Regulatory Affairs Quality Assurance Director),N
11-9199.01,Regulatory Affairs Managers,RA VP (Regulatory Affairs Vice President),N
11-9199.01,Regulatory Affairs Managers,Regulatory Director,N
11-9199.01,Regulatory Affairs Managers,Vaccine RA Director (Vaccine Regulatory Affairs Director),N
11-9199.02,Compliance Managers,Accreditation Lieutenant,N
11-9199.02,Compliance Managers,Accreditation Manager,N
11-9199.02,Compliance Managers,Compliance Director,Y
11-9199.02,Compliance Managers,Compliance Manager,Y
11-9199.02,Compliance Managers,Compliance Operations Manager,N
11-9199.02,Compliance Managers,Environmental Health and Safety Director,N
11-9199.02,Compliance Managers,Environmental Manager,Y
11-9199.02,Compliance Managers,Environmental Program Manager,Y
11-9199.02,Compliance Managers,"Health, Safety, and Environmental Manager (HSE Manager)",N
11-9199.02,Compliance Managers,Risk Manager,N
11-9199.08,Loss Prevention Managers,Asset Protection Manager,Y
11-9199.08,Loss Prevention Managers,Logistics Loss Prevention Manager,N
11-9199.08,Loss Prevention Managers,Loss Control Manager,N
11-9199.08,Loss Prevention Managers,Loss Prevention Director,Y
11-9199.08,Loss Prevention Managers,Loss Prevention Manager,Y
11-9199.08,Loss Prevention Managers,Loss Prevention Operations Director,N
11-9199.08,Loss Prevention Managers,Loss Prevention Operations Manager,Y
11-9199.08,Loss Prevention Managers,Loss Prevention Supervisor,N
11-9199.08,Loss Prevention Managers,Market Asset Protection Manager,N
11-9199.09,Wind Energy Operations Managers,Service Site Manager,N
11-9199.09,Wind Energy Operations Managers,Site Manager,Y
11-9199.09,Wind Energy Operations Managers,Turbine Site Manager,N
11-9199.09,Wind Energy Operations Managers,Wind Facilities Manager,N
11-9199.09,Wind Energy Operations Managers,Wind Operations Supervisor,Y
11-9199.09,Wind Energy Operations Managers,Wind Plant Manager,Y
11-9199.09,Wind Energy Operations Managers,Wind Plant Operations Manager,N
11-9199.09,Wind Energy Operations Managers,Wind Site Manager,Y
11-9199.09,Wind Energy Operations Managers,Wind Site Supervisor,N
11-9199.09,Wind Energy Operations Managers,Wind Technician Leader,N
11-9199.10,Wind Energy Development Managers,Business Development Director,Y
11-9199.10,Wind Energy Development Managers,Business Development Manager,Y
11-9199.10,Wind Energy Development Managers,Development Director,Y
11-9199.10,Wind Energy Development Managers,Development Manager,Y
11-9199.10,Wind Energy Development Managers,Project Development Leader,N
11-9199.10,Wind Energy Development Managers,Renewable Project Management and Construction Director,N
11-9199.11,Brownfield Redevelopment Specialists and Site Managers,Brownfield Program Director,Y
11-9199.11,Brownfield Redevelopment Specialists and Site Managers,Brownfield Program Manager,N
11-9199.11,Brownfield Redevelopment Specialists and Site Managers,Brownfield Redevelopment Coordinator,Y
11-9199.11,Brownfield Redevelopment Specialists and Site Managers,Brownfields Practice Leader,Y
11-9199.11,Brownfield Redevelopment Specialists and Site Managers,Brownfields Program Coordinator,N
11-9199.11,Brownfield Redevelopment Specialists and Site Managers,Brownfields Program Manager,N
11-9199.11,Brownfield Redevelopment Specialists and Site Managers,Environmental Practice Leader,N
11-9199.11,Brownfield Redevelopment Specialists and Site Managers,Environmental Program Manager,Y
11-9199.11,Brownfield Redevelopment Specialists and Site Managers,Environmental Quality Division Manager,N
11-9199.11,Brownfield Redevelopment Specialists and Site Managers,Environmental Quality Specialist,N
13-1011.00,"Agents and Business Managers of Artists, Performers, and Athletes",Agent,Y
13-1011.00,"Agents and Business Managers of Artists, Performers, and Athletes",Athlete Marketing Agent,N
13-1011.00,"Agents and Business Managers of Artists, Performers, and Athletes",Booker,N
13-1011.00,"Agents and Business Managers of Artists, Performers, and Athletes",Booking Agent,Y
13-1011.00,"Agents and Business Managers of Artists, Performers, and Athletes",Entertainment Specialist,N
13-1011.00,"Agents and Business Managers of Artists, Performers, and Athletes",Literary Agent,N
13-1011.00,"Agents and Business Managers of Artists, Performers, and Athletes",Print Agent,N
13-1011.00,"Agents and Business Managers of Artists, Performers, and Athletes",Talent Agent,Y
13-1011.00,"Agents and Business Managers of Artists, Performers, and Athletes",Talent Representative,N
13-1011.00,"Agents and Business Managers of Artists, Performers, and Athletes",Theatrical Agent,Y
13-1021.00,"Buyers and Purchasing Agents, Farm Products",Buyer,Y
13-1021.00,"Buyers and Purchasing Agents, Farm Products",Cattle Buyer,N
13-1021.00,"Buyers and Purchasing Agents, Farm Products",Grain Buyer,Y
13-1021.00,"Buyers and Purchasing Agents, Farm Products",Grain Market Advisor,N
13-1021.00,"Buyers and Purchasing Agents, Farm Products",Grain Marketing Advisor,N
13-1021.00,"Buyers and Purchasing Agents, Farm Products",Grain Merchandiser,Y
13-1021.00,"Buyers and Purchasing Agents, Farm Products",Grain Origination Specialist,N
13-1021.00,"Buyers and Purchasing Agents, Farm Products",Produce Broker,N
13-1021.00,"Buyers and Purchasing Agents, Farm Products",Purchasing Agent,Y
13-1021.00,"Buyers and Purchasing Agents, Farm Products",Tobacco Buyer,N
13-1022.00,"Wholesale and Retail Buyers, Except Farm Products",Bakery Buyer,Y
13-1022.00,"Wholesale and Retail Buyers, Except Farm Products",Buyer,Y
13-1022.00,"Wholesale and Retail Buyers, Except Farm Products",Deli Buyer,N
13-1022.00,"Wholesale and Retail Buyers, Except Farm Products",Frozen Food Buyer,Y
13-1022.00,"Wholesale and Retail Buyers, Except Farm Products",Gourmet Food Buyer,N
13-1022.00,"Wholesale and Retail Buyers, Except Farm Products",Grocery Buyer,Y
13-1022.00,"Wholesale and Retail Buyers, Except Farm Products",Purchaser,N
13-1022.00,"Wholesale and Retail Buyers, Except Farm Products",Retail Buyer,N
13-1022.00,"Wholesale and Retail Buyers, Except Farm Products",Wine Buyer,N
13-1023.00,"Purchasing Agents, Except Wholesale, Retail, and Farm Products",Buyer,Y
13-1023.00,"Purchasing Agents, Except Wholesale, Retail, and Farm Products",Contract Administrator (Contract Admin),N
13-1023.00,"Purchasing Agents, Except Wholesale, Retail, and Farm Products",Procurement and Contracting Administrator (Procurement and Contracting Admin),N
13-1023.00,"Purchasing Agents, Except Wholesale, Retail, and Farm Products",Procurement and Contracting Buyer,N
13-1023.00,"Purchasing Agents, Except Wholesale, Retail, and Farm Products",Procurement Official,Y
13-1023.00,"Purchasing Agents, Except Wholesale, Retail, and Farm Products",Procurement Specialist,Y
13-1023.00,"Purchasing Agents, Except Wholesale, Retail, and Farm Products",Purchasing Administrator (Purchasing Admin),N
13-1023.00,"Purchasing Agents, Except Wholesale, Retail, and Farm Products",Purchasing Agent,Y
13-1023.00,"Purchasing Agents, Except Wholesale, Retail, and Farm Products",Purchasing and Contracts Coordinator,N
13-1031.00,"Claims Adjusters, Examiners, and Investigators",Claims Adjuster,Y
13-1031.00,"Claims Adjusters, Examiners, and Investigators",Claims Analyst,Y
13-1031.00,"Claims Adjusters, Examiners, and Investigators",Claims Examiner,Y
13-1031.00,"Claims Adjusters, Examiners, and Investigators",Claims Representative,Y
13-1031.00,"Claims Adjusters, Examiners, and Investigators",Claims Specialist,N
13-1031.00,"Claims Adjusters, Examiners, and Investigators",Corporate Claims Examiner,N
13-1031.00,"Claims Adjusters, Examiners, and Investigators",Field Claims Adjuster,N
13-1031.00,"Claims Adjusters, Examiners, and Investigators",General Adjuster,N
13-1031.00,"Claims Adjusters, Examiners, and Investigators",Home Office Claims Specialist,N
13-1031.00,"Claims Adjusters, Examiners, and Investigators",Litigation Claims Representative,N
13-1032.00,"Insurance Appraisers, Auto Damage",Appraiser,Y
13-1032.00,"Insurance Appraisers, Auto Damage",Automobile Appraiser (Auto Appraiser),Y
13-1032.00,"Insurance Appraisers, Auto Damage",Automobile Damage Appraiser (Auto Damage Appraiser),Y
13-1032.00,"Insurance Appraisers, Auto Damage",Damage Appraiser,N
13-1032.00,"Insurance Appraisers, Auto Damage",Field Appraiser,N
13-1032.00,"Insurance Appraisers, Auto Damage",Field Inspector,N
13-1032.00,"Insurance Appraisers, Auto Damage",Insurance Appraiser,N
13-1032.00,"Insurance Appraisers, Auto Damage",Material Damage Appraiser,Y
13-1032.00,"Insurance Appraisers, Auto Damage",Outside Physical Damage Appraiser,N
13-1032.00,"Insurance Appraisers, Auto Damage",Physical Damage Appraiser,N
13-1041.00,Compliance Officers,Driver Examiner,N
13-1041.00,Compliance Officers,Driver License Agent,N
13-1041.00,Compliance Officers,Driver License Examiner,Y
13-1041.00,Compliance Officers,Examiner,N
13-1041.00,Compliance Officers,License Examiner,Y
13-1041.00,Compliance Officers,License Registration Examiner,N
13-1041.00,Compliance Officers,Licensing Analyst,N
13-1041.00,Compliance Officers,Motor Vehicle Clerk,Y
13-1041.00,Compliance Officers,Public Service Representative (PSR),Y
13-1041.00,Compliance Officers,Transportation Services Representative (TSR),N
13-1041.01,Environmental Compliance Inspectors,Air Permitting and Enforcement Inspector,N
13-1041.01,Environmental Compliance Inspectors,Compliance Investigator,N
13-1041.01,Environmental Compliance Inspectors,Enforcement Officer,Y
13-1041.01,Environmental Compliance Inspectors,Environmental Compliance Inspector,N
13-1041.01,Environmental Compliance Inspectors,Environmental Inspector,Y
13-1041.01,Environmental Compliance Inspectors,Environmental Protection Specialist,Y
13-1041.01,Environmental Compliance Inspectors,Environmental Quality Analyst,Y
13-1041.01,Environmental Compliance Inspectors,Resource Conservation and Recovery Act Enforcement Officer (RCRA Enforcement Officer),N
13-1041.01,Environmental Compliance Inspectors,Toxics Program Officer,N
13-1041.01,Environmental Compliance Inspectors,Waste Management Specialist,N
13-1041.03,Equal Opportunity Representatives and Officers,Affirmative Action Officer (AA Officer),Y
13-1041.03,Equal Opportunity Representatives and Officers,Civil Rights Investigator,Y
13-1041.03,Equal Opportunity Representatives and Officers,Civil Rights Representative,N
13-1041.03,Equal Opportunity Representatives and Officers,Complaint Investigations Officer,N
13-1041.03,Equal Opportunity Representatives and Officers,Equal Employment Opportunity Officer (EEO Officer),Y
13-1041.03,Equal Opportunity Representatives and Officers,Equal Employment Opportunity Representative (EEO Representative),N
13-1041.03,Equal Opportunity Representatives and Officers,Equal Opportunity Specialist,Y
13-1041.04,Government Property Inspectors and Investigators,Airport Operations Officer,N
13-1041.04,Government Property Inspectors and Investigators,Housing Inspector,Y
13-1041.04,Government Property Inspectors and Investigators,Housing Management Representative,N
13-1041.04,Government Property Inspectors and Investigators,Housing Quality Standard Inspector (HQS Inspector),Y
13-1041.04,Government Property Inspectors and Investigators,Neighborhood Conservation Officer,N
13-1041.04,Government Property Inspectors and Investigators,Quality Assurance Specialist,Y
13-1041.04,Government Property Inspectors and Investigators,Rehabilitation Construction Specialist,Y
13-1041.06,Coroners,Autopsy Facilities Manager,Y
13-1041.06,Coroners,Coroner,Y
13-1041.06,Coroners,County Coroner,N
13-1041.06,Coroners,Death Investigator,N
13-1041.06,Coroners,Forensic Pathologist,N
13-1041.06,Coroners,MDI (Medicolegal Death Investigator),Y
13-1041.06,Coroners,Medical Examiner,Y
13-1041.06,Coroners,Medical Legal Death Investigator,N
13-1041.06,Coroners,Medicolegal Investigator,N
13-1041.06,Coroners,MLI (Medical Legal Investigator),N
13-1041.07,Regulatory Affairs Specialists,Drug Regulatory Affairs Specialist,N
13-1041.07,Regulatory Affairs Specialists,QA Specialist (Quality Assurance Specialist),N
13-1041.07,Regulatory Affairs Specialists,RA Analyst (Regulatory Affairs Analyst),N
13-1041.07,Regulatory Affairs Specialists,RA Associate (Regulatory Affairs Associate),Y
13-1041.07,Regulatory Affairs Specialists,RA Consultant (Regulatory Affairs Consultant),Y
13-1041.07,Regulatory Affairs Specialists,RA Strategist (Regulatory Affairs Strategist),N
13-1041.07,Regulatory Affairs Specialists,Regulatory Consultant,Y
13-1041.07,Regulatory Affairs Specialists,Regulatory Services Consultant,N
13-1041.07,Regulatory Affairs Specialists,Regulatory Specialist,Y
13-1041.07,Regulatory Affairs Specialists,Regulatory Submissions Associate,N
13-1041.08,Customs Brokers,Broker,Y
13-1041.08,Customs Brokers,CCS (Certified Customs Specialist),Y
13-1041.08,Customs Brokers,Corporate Licensed Broker,Y
13-1041.08,Customs Brokers,LCB (Licensed Custom Broker),N
13-1041.08,Customs Brokers,LCB (Licensed Customs Broker),Y
13-1051.00,Cost Estimators,Acquisition Cost Estimator,N
13-1051.00,Cost Estimators,Analyst,N
13-1051.00,Cost Estimators,Construction Estimator,Y
13-1051.00,Cost Estimators,Cost Analyst,Y
13-1051.00,Cost Estimators,Cost Consultant,N
13-1051.00,Cost Estimators,Cost Engineer,N
13-1051.00,Cost Estimators,Cost Estimating Analyst,N
13-1051.00,Cost Estimators,Cost Estimator,Y
13-1051.00,Cost Estimators,Estimating Specialist,N
13-1051.00,Cost Estimators,Estimator,Y
13-1071.00,Human Resources Specialists,Corporate Recruiter,N
13-1071.00,Human Resources Specialists,Employment Representative,N
13-1071.00,Human Resources Specialists,HR Analyst (Human Resources Analyst),N
13-1071.00,Human Resources Specialists,HR Coordinator (Human Resources Coordinator),Y
13-1071.00,Human Resources Specialists,HR Generalist (Human Resources Generalist),Y
13-1071.00,Human Resources Specialists,Human Resources Representative (HR Rep),N
13-1071.00,Human Resources Specialists,Human Resources Specialist (HR Specialist),Y
13-1071.00,Human Resources Specialists,Personnel Analyst,N
13-1071.00,Human Resources Specialists,Personnel Officer,N
13-1071.00,Human Resources Specialists,Recruiter,Y
13-1075.00,Labor Relations Specialists,Business Agent,Y
13-1075.00,Labor Relations Specialists,Business Representative,Y
13-1075.00,Labor Relations Specialists,Grievance Manager,N
13-1075.00,Labor Relations Specialists,Labor Relations Specialist,Y
13-1075.00,Labor Relations Specialists,Labor Specialist,Y
13-1081.00,Logisticians,Client Services Administrator,Y
13-1081.00,Logisticians,Logistician,Y
13-1081.00,Logisticians,Production Planner,Y
13-1081.00,Logisticians,Supply Management Specialist,Y
13-1081.01,Logistics Engineers,Acquisition Logistics Engineer,N
13-1081.01,Logistics Engineers,Logistics Engineer,Y
13-1081.01,Logistics Engineers,Logistics Specialist,N
13-1081.01,Logistics Engineers,Reliability Engineer,Y
13-1081.01,Logistics Engineers,Supportability Engineer,Y
13-1081.01,Logistics Engineers,Systems Engineer,Y
13-1081.02,Logistics Analysts,Global Logistics Analyst,N
13-1081.02,Logistics Analysts,Logistics Analyst,Y
13-1081.02,Logistics Analysts,Logistics Management Analyst,Y
13-1081.02,Logistics Analysts,Material Supply Planner,N
13-1081.02,Logistics Analysts,Supply Chain Analyst,Y
13-1081.02,Logistics Analysts,Transportation Analyst,Y
13-1082.00,Project Management Specialists,Fiber Project Manager,Y
13-1082.00,Project Management Specialists,Implementation Project Manager,Y
13-1082.00,Project Management Specialists,Project Management Consultant,Y
13-1111.00,Management Analysts,Administrative Analyst,N
13-1111.00,Management Analysts,Business Analyst,Y
13-1111.00,Management Analysts,Business Consultant,Y
13-1111.00,Management Analysts,Employment Programs Analyst,N
13-1111.00,Management Analysts,Management Analyst,Y
13-1111.00,Management Analysts,Management Consultant,Y
13-1111.00,Management Analysts,Organizational Development Consultant,N
13-1111.00,Management Analysts,Performance Management Analyst,N
13-1111.00,Management Analysts,Program Management Analyst,N
13-1121.00,"Meeting, Convention, and Event Planners",Catering Director,N
13-1121.00,"Meeting, Convention, and Event Planners",Conference Planner,N
13-1121.00,"Meeting, Convention, and Event Planners",Conference Planning Manager,Y
13-1121.00,"Meeting, Convention, and Event Planners",Conference Services Director,N
13-1121.00,"Meeting, Convention, and Event Planners",Conference Services Manager,Y
13-1121.00,"Meeting, Convention, and Event Planners",Convention Services Director,N
13-1121.00,"Meeting, Convention, and Event Planners",Convention Services Manager (CSM),Y
13-1121.00,"Meeting, Convention, and Event Planners",Event Coordinator,N
13-1121.00,"Meeting, Convention, and Event Planners",Events Manager,Y
13-1121.00,"Meeting, Convention, and Event Planners",Special Events Coordinator,N
13-1131.00,Fundraisers,Contract Grant Writer,Y
13-1131.00,Fundraisers,Development Associate,N
13-1131.00,Fundraisers,Development Officer,Y
13-1131.00,Fundraisers,Direct Response Consultant,N
13-1131.00,Fundraisers,Fundraising Consultant,Y
13-1131.00,Fundraisers,Grant Coordinator,N
13-1131.00,Fundraisers,Philanthropy Officer,Y
13-1131.00,Fundraisers,Principal Gifts Officer,N
13-1141.00,"Compensation, Benefits, and Job Analysis Specialists",Benefits Analyst,Y
13-1141.00,"Compensation, Benefits, and Job Analysis Specialists",Benefits Consultant,N
13-1141.00,"Compensation, Benefits, and Job Analysis Specialists",Benefits Specialist,Y
13-1141.00,"Compensation, Benefits, and Job Analysis Specialists",Compensation Analyst,Y
13-1141.00,"Compensation, Benefits, and Job Analysis Specialists",Compensation and Benefits Analyst,N
13-1141.00,"Compensation, Benefits, and Job Analysis Specialists",Compensation and Benefits Specialist,N
13-1141.00,"Compensation, Benefits, and Job Analysis Specialists",Compensation Consultant,N
13-1141.00,"Compensation, Benefits, and Job Analysis Specialists",Compensation Specialist,Y
13-1141.00,"Compensation, Benefits, and Job Analysis Specialists",Employee Benefits Specialist,N
13-1141.00,"Compensation, Benefits, and Job Analysis Specialists",Position Classification Specialist,N
13-1151.00,Training and Development Specialists,Computer Training Specialist,N
13-1151.00,Training and Development Specialists,Corporate Trainer,Y
13-1151.00,Training and Development Specialists,Job Training Specialist,Y
13-1151.00,Training and Development Specialists,Leadership Development Specialist,N
13-1151.00,Training and Development Specialists,Learning and Development Consultant,N
13-1151.00,Training and Development Specialists,Learning and Development Specialist (L and D Specialist),Y
13-1151.00,Training and Development Specialists,Management Development Specialist,N
13-1151.00,Training and Development Specialists,Trainer,N
13-1151.00,Training and Development Specialists,Training and Development Consultant,N
13-1151.00,Training and Development Specialists,Training Specialist,Y
13-1161.00,Market Research Analysts and Marketing Specialists,Business Development Specialist,N
13-1161.00,Market Research Analysts and Marketing Specialists,Communications Consultant,N
13-1161.00,Market Research Analysts and Marketing Specialists,Communications Specialist,N
13-1161.00,Market Research Analysts and Marketing Specialists,Content Strategist,N
13-1161.00,Market Research Analysts and Marketing Specialists,Market Analyst,Y
13-1161.00,Market Research Analysts and Marketing Specialists,Market Research Analyst,Y
13-1161.00,Market Research Analysts and Marketing Specialists,Market Research Consultant,Y
13-1161.00,Market Research Analysts and Marketing Specialists,Market Research Specialist,N
13-1161.00,Market Research Analysts and Marketing Specialists,Market Researcher,Y
13-1161.00,Market Research Analysts and Marketing Specialists,Marketing Research Coordinator,N
13-1161.01,Search Marketing Strategists,Digital Marketing Strategist,N
13-1161.01,Search Marketing Strategists,Digital Media Planner,Y
13-1161.01,Search Marketing Strategists,Internet Marketing Specialist,N
13-1161.01,Search Marketing Strategists,Marketing Consultant,N
13-1161.01,Search Marketing Strategists,Online Marketing Consultant,Y
13-1161.01,Search Marketing Strategists,Paid Search Consultant,N
13-1161.01,Search Marketing Strategists,Paid Search Strategist,Y
13-1161.01,Search Marketing Strategists,Search Engine Optimization Consultant (SEO Consultant),N
13-1161.01,Search Marketing Strategists,SEO Strategist (Search Engine Optimization Strategist),Y
13-1161.01,Search Marketing Strategists,Social Media Specialist,N
13-1199.04,Business Continuity Planners,Business Continuity Administrator (Business Continuity Admin),Y
13-1199.04,Business Continuity Planners,Business Continuity Analyst,Y
13-1199.04,Business Continuity Planners,Business Continuity and Disaster Recovery Consultant,N
13-1199.04,Business Continuity Planners,Business Continuity Consultant,Y
13-1199.04,Business Continuity Planners,Business Continuity Coordinator,Y
13-1199.04,Business Continuity Planners,Business Continuity Professional,N
13-1199.04,Business Continuity Planners,Business Continuity Specialist,N
13-1199.04,Business Continuity Planners,Business System Consultant,N
13-1199.04,Business Continuity Planners,Disaster Recovery Specialist,N
13-1199.04,Business Continuity Planners,Service Continuity Manager,N
13-1199.05,Sustainability Specialists,Campus Energy Coordinator,N
13-1199.05,Sustainability Specialists,Energy and Sustainability Strategic Advisor,N
13-1199.05,Sustainability Specialists,Sustainability Advisor,N
13-1199.05,Sustainability Specialists,Sustainability Champion,N
13-1199.05,Sustainability Specialists,Sustainability Consultant,Y
13-1199.05,Sustainability Specialists,Sustainability Coordinator,Y
13-1199.05,Sustainability Specialists,Sustainability Specialist,Y
13-1199.05,Sustainability Specialists,Sustainable Design Champion,N
13-1199.05,Sustainability Specialists,Sustainable Design Consultant,N
13-1199.05,Sustainability Specialists,Sustainable Design Coordinator,Y
13-1199.06,Online Merchants,Online Services Manager,Y
13-1199.07,Security Management Specialists,Physical Security Engineer,N
13-1199.07,Security Management Specialists,Physical Security Specialist,N
13-1199.07,Security Management Specialists,Security Advisor,Y
13-1199.07,Security Management Specialists,Security Analyst,Y
13-1199.07,Security Management Specialists,Security and Workplace Violence Consultant,N
13-1199.07,Security Management Specialists,Security Consultant,Y
13-1199.07,Security Management Specialists,Security Management Consultant,N
13-1199.07,Security Management Specialists,Security Specialist,Y
13-2011.00,Accountants and Auditors,Accountant,Y
13-2011.00,Accountants and Auditors,Accounting Officer,N
13-2011.00,Accountants and Auditors,Audit Partner,N
13-2011.00,Accountants and Auditors,Auditor,Y
13-2011.00,Accountants and Auditors,Cost Accountant,N
13-2011.00,Accountants and Auditors,CPA (Certified Public Accountant),Y
13-2011.00,Accountants and Auditors,Financial Auditor,N
13-2011.00,Accountants and Auditors,Financial Reporting Accountant,N
13-2011.00,Accountants and Auditors,General Accountant,N
13-2011.00,Accountants and Auditors,Internal Auditor,Y
13-2022.00,Appraisers of Personal and Business Property,Accredited Appraiser,N
13-2022.00,Appraisers of Personal and Business Property,Aircraft Appraiser,N
13-2022.00,Appraisers of Personal and Business Property,Appraiser,Y
13-2022.00,Appraisers of Personal and Business Property,Art Appraiser,Y
13-2022.00,Appraisers of Personal and Business Property,Certified Appraiser,N
13-2022.00,Appraisers of Personal and Business Property,Gem and Jewelry Appraiser,N
13-2022.00,Appraisers of Personal and Business Property,Jewelry Appraiser,Y
13-2022.00,Appraisers of Personal and Business Property,Personal Property Appraiser,Y
13-2023.00,Appraisers and Assessors of Real Estate,Appraiser,Y
13-2023.00,Appraisers and Assessors of Real Estate,Assessor,Y
13-2023.00,Appraisers and Assessors of Real Estate,Certified Real Estate Appraiser,N
13-2023.00,Appraisers and Assessors of Real Estate,Certified Residential Appraiser,N
13-2023.00,Appraisers and Assessors of Real Estate,Commercial Appraiser,Y
13-2023.00,Appraisers and Assessors of Real Estate,County Assessor,N
13-2023.00,Appraisers and Assessors of Real Estate,Field Appraiser,N
13-2023.00,Appraisers and Assessors of Real Estate,Real Estate Appraiser,Y
13-2023.00,Appraisers and Assessors of Real Estate,Real Property Appraiser,N
13-2023.00,Appraisers and Assessors of Real Estate,Tax Assessor,N
13-2031.00,Budget Analysts,Budget Analyst,Y
13-2031.00,Budget Analysts,Budget and Policy Analyst,Y
13-2031.00,Budget Analysts,Budget Coordinator,N
13-2031.00,Budget Analysts,Budget Officer,Y
13-2031.00,Budget Analysts,Budget Planning Analyst,Y
13-2031.00,Budget Analysts,Cost Analyst,N
13-2031.00,Budget Analysts,Financial Services Officer,N
13-2031.00,Budget Analysts,Fiscal Analyst,N
13-2031.00,Budget Analysts,Fiscal Budget Analyst,N
13-2041.00,Credit Analysts,Credit Administrator,Y
13-2041.00,Credit Analysts,Credit Analyst,Y
13-2041.00,Credit Analysts,Credit and Collections Analyst,N
13-2041.00,Credit Analysts,Credit Officer,Y
13-2041.00,Credit Analysts,Credit Representative,Y
13-2041.00,Credit Analysts,Credit Risk Analyst,N
13-2041.00,Credit Analysts,Municipal Fixed Income Analyst,N
13-2051.00,Financial and Investment Analysts,Analyst,Y
13-2051.00,Financial and Investment Analysts,Credit Products Officer,N
13-2051.00,Financial and Investment Analysts,Equity Research Analyst,N
13-2051.00,Financial and Investment Analysts,Financial Analyst,Y
13-2051.00,Financial and Investment Analysts,Investment Analyst,Y
13-2051.00,Financial and Investment Analysts,Planning Analyst,N
13-2051.00,Financial and Investment Analysts,Portfolio Manager,N
13-2051.00,Financial and Investment Analysts,Real Estate Analyst,N
13-2051.00,Financial and Investment Analysts,Securities Analyst,Y
13-2051.00,Financial and Investment Analysts,Trust Officer,N
13-2052.00,Personal Financial Advisors,Certified Financial Planner (CFP),Y
13-2052.00,Personal Financial Advisors,Financial Advisor,Y
13-2052.00,Personal Financial Advisors,Financial Consultant,N
13-2052.00,Personal Financial Advisors,Financial Counselor,N
13-2052.00,Personal Financial Advisors,Financial Life Planner,N
13-2052.00,Personal Financial Advisors,Financial Planner,Y
13-2052.00,Personal Financial Advisors,Investment Advisor,N
13-2052.00,Personal Financial Advisors,Portfolio Manager,Y
13-2052.00,Personal Financial Advisors,Wealth Advisor,N
13-2052.00,Personal Financial Advisors,Wealth Manager,N
13-2053.00,Insurance Underwriters,Account Underwriter,Y
13-2053.00,Insurance Underwriters,Automobile and Property Underwriter,N
13-2053.00,Insurance Underwriters,Commercial Lines Underwriter,N
13-2053.00,Insurance Underwriters,Health Underwriter,N
13-2053.00,Insurance Underwriters,Life Underwriter,Y
13-2053.00,Insurance Underwriters,Personal Lines Underwriter,Y
13-2053.00,Insurance Underwriters,Underwriter,Y
13-2053.00,Insurance Underwriters,Underwriting Consultant,N
13-2054.00,Financial Risk Specialists,Analyst,Y
13-2054.00,Financial Risk Specialists,Equity Research Analyst,N
13-2054.00,Financial Risk Specialists,Risk Analyst,Y
13-2054.00,Financial Risk Specialists,Risk Manager,N
13-2054.00,Financial Risk Specialists,Risk Specialist,Y
13-2054.00,Financial Risk Specialists,Securities Analyst,Y
13-2061.00,Financial Examiners,Bank Examiner,Y
13-2061.00,Financial Examiners,Bank Secrecy Act Anti-Money Laundering Officer (BSA/AML Officer),Y
13-2061.00,Financial Examiners,Community Reinvestment Act Officer (CRA Officer),N
13-2061.00,Financial Examiners,Compliance Analyst,N
13-2061.00,Financial Examiners,Compliance Specialist,N
13-2061.00,Financial Examiners,Credit Union Examiner,Y
13-2061.00,Financial Examiners,Credit Union Field Examiner,N
13-2061.00,Financial Examiners,Examining Officer,Y
13-2061.00,Financial Examiners,Internal Auditor,N
13-2071.00,Credit Counselors,Accredited Financial Counselor,Y
13-2071.00,Credit Counselors,Budget Credit Counselor,N
13-2071.00,Credit Counselors,Certified Consumer Credit and Housing Counselor,N
13-2071.00,Credit Counselors,Certified Credit Consultant,N
13-2071.00,Credit Counselors,Certified Credit Counselor,Y
13-2071.00,Credit Counselors,Certified Financial Coach,N
13-2071.00,Credit Counselors,Certified Personal Finance Counselor,N
13-2071.00,Credit Counselors,Financial Coach,Y
13-2071.00,Credit Counselors,Financial Health Counselor,N
13-2071.00,Credit Counselors,Housing Counselor,Y
13-2072.00,Loan Officers,Commercial Banker,N
13-2072.00,Loan Officers,Commercial Loan Officer,Y
13-2072.00,Loan Officers,Corporate Banking Officer,N
13-2072.00,Loan Officers,Financial Aid Advisor,N
13-2072.00,Loan Officers,Financial Aid Counselor,Y
13-2072.00,Loan Officers,Financial Aid Officer,N
13-2072.00,Loan Officers,Financial Counselor,N
13-2072.00,Loan Officers,Loan Counselor,Y
13-2072.00,Loan Officers,Loan Officer,Y
13-2072.00,Loan Officers,Mortgage Loan Officer,N
13-2081.00,"Tax Examiners and Collectors, and Revenue Agents",City Tax Auditor,N
13-2081.00,"Tax Examiners and Collectors, and Revenue Agents",Collections Specialist,N
13-2081.00,"Tax Examiners and Collectors, and Revenue Agents",Revenue Agent,Y
13-2081.00,"Tax Examiners and Collectors, and Revenue Agents",Revenue Collector,N
13-2081.00,"Tax Examiners and Collectors, and Revenue Agents",Revenue Officer,N
13-2081.00,"Tax Examiners and Collectors, and Revenue Agents",Revenue Specialist,N
13-2081.00,"Tax Examiners and Collectors, and Revenue Agents",Tax Collector,Y
13-2081.00,"Tax Examiners and Collectors, and Revenue Agents",Tax Compliance Officer,Y
13-2081.00,"Tax Examiners and Collectors, and Revenue Agents",Tax Examiner,Y
13-2081.00,"Tax Examiners and Collectors, and Revenue Agents",Tax Examining Technician,N
13-2082.00,Tax Preparers,CPA (Certified Public Accountant),Y
13-2082.00,Tax Preparers,Enrolled Agent,Y
13-2082.00,Tax Preparers,Income Tax Preparer,N
13-2082.00,Tax Preparers,Tax Accountant,N
13-2082.00,Tax Preparers,Tax Advisor,Y
13-2082.00,Tax Preparers,Tax Associate,N
13-2082.00,Tax Preparers,Tax Consultant,N
13-2082.00,Tax Preparers,Tax Preparer,Y
13-2082.00,Tax Preparers,Tax Professional,N
13-2082.00,Tax Preparers,Tax Specialist,N
13-2099.01,Financial Quantitative Analysts,Investment Portfolio Control Consultant,N
13-2099.01,Financial Quantitative Analysts,Investment Strategist,Y
13-2099.01,Financial Quantitative Analysts,Portfolio Manager,Y
13-2099.01,Financial Quantitative Analysts,Quantitative Analyst,Y
13-2099.01,Financial Quantitative Analysts,Quantitative Equity Analyst,Y
13-2099.01,Financial Quantitative Analysts,Quantitative Research Analyst,N
13-2099.01,Financial Quantitative Analysts,Quantitative Strategy Analyst,N
13-2099.01,Financial Quantitative Analysts,Research Analyst,N
13-2099.04,"Fraud Examiners, Investigators and Analysts",Anti-Fraud Operations Analyst,Y
13-2099.04,"Fraud Examiners, Investigators and Analysts",Casino Gaming Regulator,N
13-2099.04,"Fraud Examiners, Investigators and Analysts",Certified Fraud Examiner (CFE),Y
13-2099.04,"Fraud Examiners, Investigators and Analysts",Confidential Investigator,N
13-2099.04,"Fraud Examiners, Investigators and Analysts",Financial Crimes Investigator,Y
13-2099.04,"Fraud Examiners, Investigators and Analysts",Financial Investigator,N
13-2099.04,"Fraud Examiners, Investigators and Analysts",Fraud Analyst,N
13-2099.04,"Fraud Examiners, Investigators and Analysts",SIU Clinical Investigator (Special Investigations Unit Clinical Investigator),N
13-2099.04,"Fraud Examiners, Investigators and Analysts",SIU Field Investigator (Special Investigations Unit Field Investigator),N
13-2099.04,"Fraud Examiners, Investigators and Analysts",Special Investigations Unit Investigator (SIU Investigator),Y
15-1211.00,Computer Systems Analysts,Applications Analyst,N
15-1211.00,Computer Systems Analysts,Business Systems Analyst,Y
15-1211.00,Computer Systems Analysts,Computer Analyst,N
15-1211.00,Computer Systems Analysts,Computer Systems Analyst,Y
15-1211.00,Computer Systems Analysts,Computer Systems Consultant,N
15-1211.00,Computer Systems Analysts,Information Systems Analyst (ISA),N
15-1211.00,Computer Systems Analysts,IT Analyst (Information Technology Analyst),N
15-1211.00,Computer Systems Analysts,IT Systems Analyst (Information Technology Systems Analyst),N
15-1211.00,Computer Systems Analysts,Programmer Analyst,Y
15-1211.00,Computer Systems Analysts,Systems Analyst,Y
15-1211.01,Health Informatics Specialists,Clinical Electronic Health Record Nurse (Clinical EHR Nurse),N
15-1211.01,Health Informatics Specialists,Clinical Informaticist,Y
15-1211.01,Health Informatics Specialists,Clinical Informatics Analyst,N
15-1211.01,Health Informatics Specialists,Clinical Informatics Nurse,N
15-1211.01,Health Informatics Specialists,Clinical Informatics Specialist,Y
15-1211.01,Health Informatics Specialists,Health Informaticist,Y
15-1211.01,Health Informatics Specialists,Nursing Informatics Officer,N
15-1211.01,Health Informatics Specialists,Nursing Informatics Specialist,Y
15-1211.01,Health Informatics Specialists,RN Clinical Information Systems Coordinator (Registered Nurse Clinical Information Systems Coordinator),N
15-1211.01,Health Informatics Specialists,RN Clinical Information Systems Educator (Registered Nurse Clinical Information Systems Educator),N
15-1212.00,Information Security Analysts,Information Security Officer,Y
15-1212.00,Information Security Analysts,Information Security Specialist,N
15-1212.00,Information Security Analysts,Information Systems Security Analyst,N
15-1212.00,Information Security Analysts,Information Systems Security Officer (ISSO),Y
15-1212.00,Information Security Analysts,Information Technology Security Analyst (IT Security Analyst),Y
15-1212.00,Information Security Analysts,Network Security Analyst,Y
15-1212.00,Information Security Analysts,Security Analyst,N
15-1212.00,Information Security Analysts,Systems Analyst,N
15-1221.00,Computer and Information Research Scientists,Computer Scientist,Y
15-1221.00,Computer and Information Research Scientists,Computer Specialist,Y
15-1221.00,Computer and Information Research Scientists,Control System Computer Scientist,Y
15-1221.00,Computer and Information Research Scientists,Research Scientist,Y
15-1221.00,Computer and Information Research Scientists,Scientific Programmer Analyst,N
15-1231.00,Computer Network Support Specialists,Computer Network Specialist,N
15-1231.00,Computer Network Support Specialists,IT Consultant (Information Technology Consultant),N
15-1231.00,Computer Network Support Specialists,Network Specialist,Y
15-1231.00,Computer Network Support Specialists,Network Support Specialist,N
15-1231.00,Computer Network Support Specialists,Network Technical Analyst,Y
15-1231.00,Computer Network Support Specialists,Network Technician,Y
15-1231.00,Computer Network Support Specialists,Personal Computer Network Analyst,N
15-1231.00,Computer Network Support Specialists,Systems Specialist,Y
15-1232.00,Computer User Support Specialists,Computer Support Specialist,Y
15-1232.00,Computer User Support Specialists,Computer Tech (Computer Technician),Y
15-1232.00,Computer User Support Specialists,Desktop Support Technician (Desktop Support Tech),N
15-1232.00,Computer User Support Specialists,Help Desk Analyst,N
15-1232.00,Computer User Support Specialists,Help Desk Tech (Help Desk Technician),N
15-1232.00,Computer User Support Specialists,IS Tech (Information Systems Technician),Y
15-1232.00,Computer User Support Specialists,IT Specialist (Information Technology Specialist),Y
15-1232.00,Computer User Support Specialists,IT Support Specialist (Information Technology Support Specialist),N
15-1232.00,Computer User Support Specialists,IT Tech (Information Technology Technician),N
15-1232.00,Computer User Support Specialists,Technical Support Specialist,N
15-1241.00,Computer Network Architects,Computer Network Technologist,Y
15-1241.00,Computer Network Architects,Network Analyst,Y
15-1241.00,Computer Network Architects,Network Consultant,N
15-1241.00,Computer Network Architects,Network Systems Consultant,N
15-1241.00,Computer Network Architects,Networking Systems Engineer,N
15-1241.00,Computer Network Architects,Solutions Architect,Y
15-1241.00,Computer Network Architects,System Programmer,N
15-1241.00,Computer Network Architects,Systems Engineer,Y
15-1241.00,Computer Network Architects,WAN Engineer (Wide Area Network Engineer),N
15-1241.00,Computer Network Architects,Wireless Network Engineer,N
15-1241.01,Telecommunications Engineering Specialists,Communications Engineer,N
15-1241.01,Telecommunications Engineering Specialists,Communications Infrastructure Engineer,N
15-1241.01,Telecommunications Engineering Specialists,Communications Systems Technician (Communications Systems Tech),Y
15-1241.01,Telecommunications Engineering Specialists,Engineer,Y
15-1241.01,Telecommunications Engineering Specialists,Infrastructure Engineer,N
15-1241.01,Telecommunications Engineering Specialists,Network Engineer,N
15-1241.01,Telecommunications Engineering Specialists,Signal Operations Support Specialist (Signal Ops Support Specialist),N
15-1241.01,Telecommunications Engineering Specialists,Telecommunication Design Engineer (Telecom Design Engineer),N
15-1241.01,Telecommunications Engineering Specialists,Telecommunications Consultant (Telecom Consultant),Y
15-1241.01,Telecommunications Engineering Specialists,Telecommunications Engineer (Telecom Engineer),Y
15-1242.00,Database Administrators,Database Administration Manager,Y
15-1242.00,Database Administrators,Database Administrator (DBA),Y
15-1242.00,Database Administrators,Database Analyst,Y
15-1242.00,Database Administrators,Database Coordinator,N
15-1242.00,Database Administrators,Database Engineer,N
15-1242.00,Database Administrators,Database Manager,N
15-1242.00,Database Administrators,Development and Database Administration Manager,N
15-1242.00,Database Administrators,IS Admin (Information Systems Administrator),N
15-1242.00,Database Administrators,Systems Administrator (Systems Admin),Y
15-1243.00,Database Architects,Data Architect,N
15-1243.00,Database Architects,Data Engineer,N
15-1243.00,Database Architects,Data Officer,N
15-1243.00,Database Architects,Database Analyst,Y
15-1243.00,Database Architects,Database Architect,N
15-1243.00,Database Architects,Database Consultant,N
15-1243.00,Database Architects,Database Developer,Y
15-1243.00,Database Architects,Database Programmer,Y
15-1243.00,Database Architects,Enterprise Architect,N
15-1243.00,Database Architects,Information Architect,Y
15-1243.01,Data Warehousing Specialists,Data Warehouse Analyst,Y
15-1243.01,Data Warehousing Specialists,Data Warehouse Solution Architect,Y
15-1244.00,Network and Computer Systems Administrators,LAN Administrator (Local Area Network Administrator),Y
15-1244.00,Network and Computer Systems Administrators,LAN Specialist (Local Area Network Specialist),N
15-1244.00,Network and Computer Systems Administrators,Network Administrator (Network Admin),Y
15-1244.00,Network and Computer Systems Administrators,Network Analyst,N
15-1244.00,Network and Computer Systems Administrators,Network Coordinator,N
15-1244.00,Network and Computer Systems Administrators,Network Engineer,Y
15-1244.00,Network and Computer Systems Administrators,Network Manager,N
15-1244.00,Network and Computer Systems Administrators,Network Specialist,N
15-1244.00,Network and Computer Systems Administrators,Systems Engineer,Y
15-1251.00,Computer Programmers,Analyst Programmer,Y
15-1251.00,Computer Programmers,Application Programmer Analyst,N
15-1251.00,Computer Programmers,Computer Programmer,Y
15-1251.00,Computer Programmers,Computer Programmer Analyst,N
15-1251.00,Computer Programmers,Internet Programmer,N
15-1251.00,Computer Programmers,Java Developer,N
15-1251.00,Computer Programmers,Programmer,Y
15-1251.00,Computer Programmers,Programmer Analyst,Y
15-1251.00,Computer Programmers,Web Applications Programmer,N
15-1251.00,Computer Programmers,Web Programmer,N
15-1252.00,Software Developers,Application Developer,N
15-1252.00,Software Developers,Application Integration Engineer,N
15-1252.00,Software Developers,Developer,Y
15-1252.00,Software Developers,DevOps Engineer (Development Operations Engineer),N
15-1252.00,Software Developers,Infrastructure Engineer,N
15-1252.00,Software Developers,Software Architect,Y
15-1252.00,Software Developers,Software Developer,Y
15-1252.00,Software Developers,Software Development Engineer,N
15-1252.00,Software Developers,Software Engineer,Y
15-1252.00,Software Developers,Systems Engineer,N
15-1253.00,Software Quality Assurance Analysts and Testers,Automation Tester,N
15-1253.00,Software Quality Assurance Analysts and Testers,Information Technology Analyst (IT Analyst),N
15-1253.00,Software Quality Assurance Analysts and Testers,Quality Assurance Analyst (QA Analyst),Y
15-1253.00,Software Quality Assurance Analysts and Testers,Quality Assurance Engineer (QA Engineer),N
15-1253.00,Software Quality Assurance Analysts and Testers,Quality Engineer,N
15-1253.00,Software Quality Assurance Analysts and Testers,Software Quality Assurance Analyst (SQA Analyst),N
15-1253.00,Software Quality Assurance Analysts and Testers,Software Quality Assurance Engineer (SQA Engineer),Y
15-1253.00,Software Quality Assurance Analysts and Testers,Software Quality Engineer,Y
15-1253.00,Software Quality Assurance Analysts and Testers,Software Test Engineer,Y
15-1253.00,Software Quality Assurance Analysts and Testers,Test Engineer,N
15-1254.00,Web Developers,Technology Applications Engineer,N
15-1254.00,Web Developers,Web Architect,Y
15-1254.00,Web Developers,Web Design Specialist,Y
15-1254.00,Web Developers,Web Developer,Y
15-1254.00,Web Developers,Webmaster,Y
15-1255.00,Web and Digital Interface Designers,UI Developer (User Interface Developer),N
15-1255.00,Web and Digital Interface Designers,UX Developer (User Experience Developer),N
15-1255.00,Web and Digital Interface Designers,UX Engineer (User Experience Engineer),N
15-1255.00,Web and Digital Interface Designers,Web Administration Coordinator (Web Admin Coordinator),N
15-1255.00,Web and Digital Interface Designers,Web Architect,Y
15-1255.00,Web and Digital Interface Designers,Web Content Developer,N
15-1255.00,Web and Digital Interface Designers,Web Content Specialist,N
15-1255.00,Web and Digital Interface Designers,Web Design Specialist,Y
15-1255.00,Web and Digital Interface Designers,Web Designer,Y
15-1255.00,Web and Digital Interface Designers,Webmaster,Y
15-1255.01,Video Game Designers,Design Director,Y
15-1255.01,Video Game Designers,Designer,Y
15-1255.01,Video Game Designers,Environmental Artist,N
15-1255.01,Video Game Designers,Game Design Consultant,N
15-1255.01,Video Game Designers,Game Designer,Y
15-1255.01,Video Game Designers,Gamemaster,N
15-1255.01,Video Game Designers,Level Designer,N
15-1255.01,Video Game Designers,World Designer,Y
15-1299.01,Web Administrators,Corporate Webmaster,Y
15-1299.01,Web Administrators,Web Administrator,N
15-1299.01,Web Administrators,Web Content Coordinator,N
15-1299.01,Web Administrators,Web Content Manager,N
15-1299.01,Web Administrators,Web Director,N
15-1299.01,Web Administrators,Web Manager,N
15-1299.01,Web Administrators,Web Site Manager,Y
15-1299.01,Web Administrators,Web Technologies Administrator,Y
15-1299.01,Web Administrators,Webmaster,Y
15-1299.02,Geographic Information Systems Technologists and Technicians,Geospatial Technician,N
15-1299.02,Geographic Information Systems Technologists and Technicians,GIS Admin (Geographic Information Systems Administrator),N
15-1299.02,Geographic Information Systems Technologists and Technicians,GIS Analyst (Geographic Information System Analyst),N
15-1299.02,Geographic Information Systems Technologists and Technicians,GIS Analyst (Geographic Information Systems Analyst),Y
15-1299.02,Geographic Information Systems Technologists and Technicians,GIS Applications Specialist (Geographic Information Systems Applications Specialist),N
15-1299.02,Geographic Information Systems Technologists and Technicians,GIS Assessment Tech (Geographic Information Systems Assessment Technician),N
15-1299.02,Geographic Information Systems Technologists and Technicians,GIS Coordinator (Geographic Information Systems Coordinator),Y
15-1299.02,Geographic Information Systems Technologists and Technicians,GIS Developer (Geographic Information Systems Developer),N
15-1299.02,Geographic Information Systems Technologists and Technicians,GIS Specialist (Geographic Information Systems Specialist),Y
15-1299.02,Geographic Information Systems Technologists and Technicians,GIS Tech (Geographic Information Systems Technician),Y
15-1299.03,Document Management Specialists,Business Records Manager,N
15-1299.03,Document Management Specialists,Certified Document Imaging Architect,N
15-1299.03,Document Management Specialists,Document Control Manager,Y
15-1299.03,Document Management Specialists,Document Management Consultant,N
15-1299.03,Document Management Specialists,ECM Consultant (Enterprise Content Management Consultant),Y
15-1299.03,Document Management Specialists,Electronic Content Manager,Y
15-1299.03,Document Management Specialists,Record Systems Analyst,N
15-1299.03,Document Management Specialists,Records and Information Management Consultant (RIM Consultant),N
15-1299.03,Document Management Specialists,Records and Information Management Specialist (RIM Specialist),N
15-1299.03,Document Management Specialists,Records Manager,Y
15-1299.04,Penetration Testers,Cyber Systems Engineer,Y
15-1299.04,Penetration Testers,Security Consultant,N
15-1299.04,Penetration Testers,Security Engineer,N
15-1299.04,Penetration Testers,System Vulnerability Analyst,Y
15-1299.04,Penetration Testers,Threat Hunter,Y
15-1299.04,Penetration Testers,Vulnerability Assessor,Y
15-1299.05,Information Security Engineers,BISO (Business Information Security Officer),N
15-1299.05,Information Security Engineers,Cloud Engineer,N
15-1299.05,Information Security Engineers,Engineer,N
15-1299.05,Information Security Engineers,Information Security Auditor,Y
15-1299.05,Information Security Engineers,Information Security System Engineer,Y
15-1299.05,Information Security Engineers,Infrastructure Security Engineer,Y
15-1299.05,Information Security Engineers,Security Analyst,N
15-1299.05,Information Security Engineers,Security Data Scientist,N
15-1299.05,Information Security Engineers,Security Engineer,Y
15-1299.05,Information Security Engineers,Systems Engineer,N
15-1299.06,Digital Forensics Analysts,Computer Forensics Analyst,Y
15-1299.06,Digital Forensics Analysts,Digital Forensic Examiner,Y
15-1299.06,Digital Forensics Analysts,Digital Forensics Examiner,Y
15-1299.06,Digital Forensics Analysts,Digital Forensics Specialist,Y
15-1299.07,Blockchain Engineers,Blockchain Consultant,Y
15-1299.07,Blockchain Engineers,DLT Software Engineer (Distributed Ledger Technology Software Engineer),Y
15-1299.08,Computer Systems Engineers/Architects,Infrastructure Engineer,Y
15-1299.08,Computer Systems Engineers/Architects,IT Architect (Information Technology Architect),Y
15-1299.08,Computer Systems Engineers/Architects,IT Engineer (Information Technology Engineer),N
15-1299.08,Computer Systems Engineers/Architects,Network and Infrastructure Engineer,N
15-1299.08,Computer Systems Engineers/Architects,Solutions Architect,Y
15-1299.08,Computer Systems Engineers/Architects,Systems Application Engineer,N
15-1299.08,Computer Systems Engineers/Architects,Systems Architect,N
15-1299.08,Computer Systems Engineers/Architects,Systems Consultant,N
15-1299.08,Computer Systems Engineers/Architects,Systems Engineer,Y
15-1299.08,Computer Systems Engineers/Architects,Web Architect,N
15-1299.09,Information Technology Project Managers,Cloud Product Director,Y
15-1299.09,Information Technology Project Managers,Cybersecurity Project Manager,Y
15-1299.09,Information Technology Project Managers,Data Center Product Director,N
15-1299.09,Information Technology Project Managers,Information Systems Project Manager (IS Project Manager),N
15-1299.09,Information Technology Project Managers,IT Manager (Information Technology Manager),Y
15-1299.09,Information Technology Project Managers,IT Program Manager (Information Technology Program Manager),N
15-1299.09,Information Technology Project Managers,IT Project Manager (Information Technology Project Manager),Y
15-1299.09,Information Technology Project Managers,Scrum Master,N
15-1299.09,Information Technology Project Managers,Transition Program Manager,N
15-2011.00,Actuaries,Actuarial Analyst,Y
15-2011.00,Actuaries,Actuarial Associate,N
15-2011.00,Actuaries,Actuarial Consultant,N
15-2011.00,Actuaries,Actuary,Y
15-2011.00,Actuaries,Consulting Actuary,Y
15-2011.00,Actuaries,Health Actuary,N
15-2011.00,Actuaries,Life Actuary,N
15-2011.00,Actuaries,Pricing Actuary,Y
15-2011.00,Actuaries,Product Development Actuary,N
15-2011.00,Actuaries,Reserving Actuary,N
15-2021.00,Mathematicians,Agent-Based Modeler,N
15-2021.00,Mathematicians,Computational Mathematician,N
15-2021.00,Mathematicians,Computational Scientist,Y
15-2021.00,Mathematicians,Cryptographer,Y
15-2021.00,Mathematicians,Cryptographic Vulnerability Analyst,N
15-2021.00,Mathematicians,Mathematician,Y
15-2021.00,Mathematicians,Research Computing Specialist,N
15-2021.00,Mathematicians,Research Scientist,Y
15-2021.00,Mathematicians,Researcher,N
15-2031.00,Operations Research Analysts,Advanced Analytics Associate,N
15-2031.00,Operations Research Analysts,Analytical Strategist,Y
15-2031.00,Operations Research Analysts,Decision Analyst,N
15-2031.00,Operations Research Analysts,Operations Research Analyst (Ops Research Analyst),Y
15-2031.00,Operations Research Analysts,Operations Research Scientist (Ops Research Scientist),Y
15-2031.00,Operations Research Analysts,Optimization Analyst,N
15-2031.00,Operations Research Analysts,Researcher,Y
15-2041.00,Statisticians,Database Analyst,Y
15-2041.00,Statisticians,Demographer,N
15-2041.00,Statisticians,Education Research Analyst,N
15-2041.00,Statisticians,Mathematical Statistician,Y
15-2041.00,Statisticians,Psychometric Consultant,N
15-2041.00,Statisticians,Quantitative Methodologist,N
15-2041.00,Statisticians,Statistical Analyst,Y
15-2041.00,Statisticians,Statistical Consultant,N
15-2041.00,Statisticians,Statistical Reporting Analyst,N
15-2041.00,Statisticians,Statistician,Y
15-2041.01,Biostatisticians,Biometrician,Y
15-2041.01,Biostatisticians,Biostatistical Consultant,N
15-2041.01,Biostatisticians,Biostatistician,Y
15-2041.01,Biostatisticians,Research Scientist,Y
15-2041.01,Biostatisticians,Statistical Scientist,Y
15-2051.01,Business Intelligence Analysts,Business Analyst,N
15-2051.01,Business Intelligence Analysts,Business Intelligence Analyst (BI Analyst),Y
15-2051.01,Business Intelligence Analysts,Business Intelligence Consultant (BI Consultant),N
15-2051.01,Business Intelligence Analysts,Business Intelligence Coordinator (BI Coordinator),N
15-2051.01,Business Intelligence Analysts,Business Intelligence Specialist (BI Specialist),N
15-2051.01,Business Intelligence Analysts,Competitive Intelligence Analyst,Y
15-2051.01,Business Intelligence Analysts,Intelligence Analyst,Y
15-2051.01,Business Intelligence Analysts,Market Intelligence Analyst,N
15-2051.01,Business Intelligence Analysts,Market Intelligence Consultant,Y
15-2051.01,Business Intelligence Analysts,Strategic Business and Technology Intelligence Consultant,N
15-2051.02,Clinical Data Managers,Clinical Data Management Director (CDM Director),Y
15-2051.02,Clinical Data Managers,Clinical Data Management Manager (CDM Manager),Y
15-2051.02,Clinical Data Managers,Clinical Data Manager,Y
15-2051.02,Clinical Data Managers,Clinical Informatics Manager,N
15-2051.02,Clinical Data Managers,Data Deliverables Manager,N
15-2051.02,Clinical Data Managers,Data Management Manager,Y
15-2099.01,Bioinformatics Technicians,Biocurator,N
15-2099.01,Bioinformatics Technicians,Bioinformatics Analyst,Y
15-2099.01,Bioinformatics Technicians,Bioinformatics Data Analyst,N
15-2099.01,Bioinformatics Technicians,Bioinformatics Specialist,Y
15-2099.01,Bioinformatics Technicians,Biotechnician,Y
15-2099.01,Bioinformatics Technicians,Research Scientist,N
15-2099.01,Bioinformatics Technicians,Research Specialist,N
15-2099.01,Bioinformatics Technicians,Scientific Informatics Analyst,Y
17-1011.00,"Architects, Except Landscape and Naval",Architect,Y
17-1011.00,"Architects, Except Landscape and Naval",Architectural Designer,Y
17-1011.00,"Architects, Except Landscape and Naval",Design Architect,Y
17-1011.00,"Architects, Except Landscape and Naval",Planner,N
17-1011.00,"Architects, Except Landscape and Naval",Project Architect,Y
17-1011.00,"Architects, Except Landscape and Naval",Specifications Writer,N
17-1012.00,Landscape Architects,AP BD+C (Accredited Professional in Building Design and Construction),N
17-1012.00,Landscape Architects,Golf Course Architect,Y
17-1012.00,Landscape Architects,Land Planner,N
17-1012.00,Landscape Architects,Landscape Architect,Y
17-1012.00,Landscape Architects,Landscape Designer,N
17-1012.00,Landscape Architects,Landscape Planner,Y
17-1012.00,Landscape Architects,Park Planner,Y
17-1012.00,Landscape Architects,Planner,N
17-1012.00,Landscape Architects,Professional Landscape Architect (PLA),N
17-1012.00,Landscape Architects,Project Landscape Architect,N
17-1021.00,Cartographers and Photogrammetrists,Aerial Photogrammetrist,N
17-1021.00,Cartographers and Photogrammetrists,Cartographer,Y
17-1021.00,Cartographers and Photogrammetrists,Cartographic Designer,N
17-1021.00,Cartographers and Photogrammetrists,Digital Cartographer,N
17-1021.00,Cartographers and Photogrammetrists,Mapper,N
17-1021.00,Cartographers and Photogrammetrists,Photogrammetric Technician,Y
17-1021.00,Cartographers and Photogrammetrists,Photogrammetrist,Y
17-1021.00,Cartographers and Photogrammetrists,Stereo Compiler,Y
17-1021.00,Cartographers and Photogrammetrists,Stereoplotter Operator,N
17-1022.00,Surveyors,City Surveyor,N
17-1022.00,Surveyors,County Surveyor,Y
17-1022.00,Surveyors,Land Surveyor,Y
17-1022.00,Surveyors,Licensed Land Surveyor,Y
17-1022.00,Surveyors,Mine Surveyor,N
17-1022.00,Surveyors,Professional Land Surveyor,N
17-1022.00,Surveyors,Registered Land Surveyor,N
17-1022.00,Surveyors,Staff Land Surveyor,N
17-1022.00,Surveyors,State Surveyor,N
17-1022.00,Surveyors,Surveyor,Y
17-1022.01,Geodetic Surveyors,Geodesist,Y
17-1022.01,Geodetic Surveyors,Geodetic Advisor,Y
17-1022.01,Geodetic Surveyors,Geodetic Engineer,N
17-1022.01,Geodetic Surveyors,Geodetic Survey Director,N
17-1022.01,Geodetic Surveyors,Geodetic Surveyor,Y
17-1022.01,Geodetic Surveyors,Land Surveyor,Y
17-1022.01,Geodetic Surveyors,Licensed Land Surveyor,N
17-2011.00,Aerospace Engineers,Aeronautical Engineer,N
17-2011.00,Aerospace Engineers,Aerospace Stress Engineer,N
17-2011.00,Aerospace Engineers,Avionics Engineer,Y
17-2011.00,Aerospace Engineers,Design Engineer,Y
17-2011.00,Aerospace Engineers,Flight Controls Engineer,N
17-2011.00,Aerospace Engineers,Flight Systems Test Engineer,N
17-2011.00,Aerospace Engineers,Flight Test Engineer,Y
17-2011.00,Aerospace Engineers,Special Mission Engineer,Y
17-2011.00,Aerospace Engineers,Structural Analysis Engineer,N
17-2011.00,Aerospace Engineers,Structural Test Engineer,N
17-2021.00,Agricultural Engineers,Agricultural Engineer,Y
17-2021.00,Agricultural Engineers,Agricultural Systems Specialist,N
17-2021.00,Agricultural Engineers,Conservation Engineer,N
17-2021.00,Agricultural Engineers,Engineer,Y
17-2021.00,Agricultural Engineers,Field Engineer,N
17-2021.00,Agricultural Engineers,Product Engineer,N
17-2021.00,Agricultural Engineers,Product Technology Scientist,N
17-2021.00,Agricultural Engineers,Project Engineer,Y
17-2021.00,Agricultural Engineers,Research Agricultural Engineer,Y
17-2021.00,Agricultural Engineers,Research Engineer,N
17-2031.00,Bioengineers and Biomedical Engineers,Biomedical Engineer,Y
17-2031.00,Bioengineers and Biomedical Engineers,Biomedical Technician (Biomedical Tech),Y
17-2031.00,Bioengineers and Biomedical Engineers,Engineer,N
17-2031.00,Bioengineers and Biomedical Engineers,Process Engineer,Y
17-2031.00,Bioengineers and Biomedical Engineers,Research Engineer,Y
17-2041.00,Chemical Engineers,Chemical Engineer,Y
17-2041.00,Chemical Engineers,Development Engineer,Y
17-2041.00,Chemical Engineers,Engineer,Y
17-2041.00,Chemical Engineers,Engineering Scientist,N
17-2041.00,Chemical Engineers,Process Control Engineer,N
17-2041.00,Chemical Engineers,Process Engineer,Y
17-2041.00,Chemical Engineers,Project Engineer,N
17-2041.00,Chemical Engineers,Refinery Process Engineer,N
17-2041.00,Chemical Engineers,Research Chemical Engineer,N
17-2041.00,Chemical Engineers,Scientist,N
17-2051.00,Civil Engineers,City Engineer,N
17-2051.00,Civil Engineers,Civil Engineer,Y
17-2051.00,Civil Engineers,County Engineer,N
17-2051.00,Civil Engineers,Design Engineer,Y
17-2051.00,Civil Engineers,Engineer,N
17-2051.00,Civil Engineers,Geotechnical Engineer,N
17-2051.00,Civil Engineers,Licensed Engineer,N
17-2051.00,Civil Engineers,Project Engineer,Y
17-2051.00,Civil Engineers,Railroad Design Consultant,N
17-2051.00,Civil Engineers,Structural Engineer,Y
17-2051.01,Transportation Engineers,Engineer,Y
17-2051.01,Transportation Engineers,Project Engineer,Y
17-2051.01,Transportation Engineers,Rail Engineer,N
17-2051.01,Transportation Engineers,Roadway Designer,N
17-2051.01,Transportation Engineers,Roadway Engineer,N
17-2051.01,Transportation Engineers,State Roadway Design Engineer,N
17-2051.01,Transportation Engineers,Traffic Engineer,Y
17-2051.01,Transportation Engineers,Traffic Operations Engineer,N
17-2051.01,Transportation Engineers,Transportation Engineer,Y
17-2051.02,Water/Wastewater Engineers,Consulting Engineer,Y
17-2051.02,Water/Wastewater Engineers,County Engineer,Y
17-2051.02,Water/Wastewater Engineers,Engineer,Y
17-2051.02,Water/Wastewater Engineers,Project Development Engineer,Y
17-2061.00,Computer Hardware Engineers,Design Engineer,Y
17-2061.00,Computer Hardware Engineers,Engineer,Y
17-2061.00,Computer Hardware Engineers,Field Service Engineer,N
17-2061.00,Computer Hardware Engineers,Hardware Design Engineer,N
17-2061.00,Computer Hardware Engineers,Hardware Engineer,Y
17-2061.00,Computer Hardware Engineers,Physical Design Engineer,N
17-2061.00,Computer Hardware Engineers,Project Engineer,N
17-2061.00,Computer Hardware Engineers,Staff Engineer,N
17-2061.00,Computer Hardware Engineers,Systems Integration Engineer,Y
17-2071.00,Electrical Engineers,Circuits Engineer,N
17-2071.00,Electrical Engineers,Design Engineer,Y
17-2071.00,Electrical Engineers,Electrical Controls Engineer,N
17-2071.00,Electrical Engineers,Electrical Design Engineer,Y
17-2071.00,Electrical Engineers,Electrical Engineer,Y
17-2071.00,Electrical Engineers,Electrical Project Engineer,N
17-2071.00,Electrical Engineers,Engineer,N
17-2071.00,Electrical Engineers,Instrumentation and Electrical Reliability Engineer (I&E Reliability Engineer),N
17-2071.00,Electrical Engineers,Project Engineer,Y
17-2071.00,Electrical Engineers,Test Engineer,N
17-2072.00,"Electronics Engineers, Except Computer",Compatibility Test Engineer,N
17-2072.00,"Electronics Engineers, Except Computer",Design Engineer,Y
17-2072.00,"Electronics Engineers, Except Computer",Electronics Design Engineer,N
17-2072.00,"Electronics Engineers, Except Computer",Engineer,N
17-2072.00,"Electronics Engineers, Except Computer",Evaluation Engineer,N
17-2072.00,"Electronics Engineers, Except Computer",Integrated Circuit Design Engineer (IC Design Engineer),Y
17-2072.00,"Electronics Engineers, Except Computer",Product Engineer,Y
17-2072.00,"Electronics Engineers, Except Computer",Radio Frequency Engineer (RF Engineer),N
17-2072.00,"Electronics Engineers, Except Computer",Research and Development Engineer (R and D Engineer),N
17-2072.00,"Electronics Engineers, Except Computer",Test Engineer,Y
17-2072.01,Radio Frequency Identification Device Specialists,Deployment Engineer,Y
17-2072.01,Radio Frequency Identification Device Specialists,Electro Magnetic Compatibility Test Engineer,N
17-2072.01,Radio Frequency Identification Device Specialists,RFID Engineer (Radio Frequency Identification Device Engineer),Y
17-2072.01,Radio Frequency Identification Device Specialists,RFID Systems Engineer (Radio Frequency Identification Device Systems Engineer),Y
17-2072.01,Radio Frequency Identification Device Specialists,Technical Support Engineer,Y
17-2081.00,Environmental Engineers,Air Pollution Control Engineer,N
17-2081.00,Environmental Engineers,Engineer,Y
17-2081.00,Environmental Engineers,Engineering Consultant,N
17-2081.00,Environmental Engineers,Environmental Analyst,N
17-2081.00,Environmental Engineers,Environmental Consultant,N
17-2081.00,Environmental Engineers,Environmental Engineer,Y
17-2081.00,Environmental Engineers,Environmental Remediation Specialist,Y
17-2081.00,Environmental Engineers,Hazardous Substances Engineer,N
17-2081.00,Environmental Engineers,Sanitary Engineer,Y
17-2111.00,"Health and Safety Engineers, Except Mining Safety Engineers and Inspectors",Health and Safety Specialist,N
17-2111.00,"Health and Safety Engineers, Except Mining Safety Engineers and Inspectors",Industrial Hygienist,N
17-2111.00,"Health and Safety Engineers, Except Mining Safety Engineers and Inspectors",Industrial Safety Engineer,N
17-2111.00,"Health and Safety Engineers, Except Mining Safety Engineers and Inspectors",Product Safety and Standards Engineer,N
17-2111.00,"Health and Safety Engineers, Except Mining Safety Engineers and Inspectors",Product Safety Consultant,N
17-2111.00,"Health and Safety Engineers, Except Mining Safety Engineers and Inspectors",Product Safety Engineer,Y
17-2111.00,"Health and Safety Engineers, Except Mining Safety Engineers and Inspectors",Safety and Health Consultant,Y
17-2111.00,"Health and Safety Engineers, Except Mining Safety Engineers and Inspectors",Safety Engineer,Y
17-2111.00,"Health and Safety Engineers, Except Mining Safety Engineers and Inspectors",Service Loss Control Consultant,N
17-2111.00,"Health and Safety Engineers, Except Mining Safety Engineers and Inspectors",System Safety Engineer,Y
17-2111.02,Fire-Prevention and Protection Engineers,Consulting Engineer,N
17-2111.02,Fire-Prevention and Protection Engineers,Engineer,Y
17-2111.02,Fire-Prevention and Protection Engineers,Fire Protection Consultant,Y
17-2111.02,Fire-Prevention and Protection Engineers,Fire Protection Engineer (FPE),Y
17-2111.02,Fire-Prevention and Protection Engineers,Forensic Fire Protection Engineer,N
17-2111.02,Fire-Prevention and Protection Engineers,Licensed Fire Protection Engineer,N
17-2111.02,Fire-Prevention and Protection Engineers,Professional Fire Protection Engineer,Y
17-2112.00,Industrial Engineers,Continuous Improvement Engineer,N
17-2112.00,Industrial Engineers,Engineer,Y
17-2112.00,Industrial Engineers,Facilities Engineer,N
17-2112.00,Industrial Engineers,Industrial Engineer,Y
17-2112.00,Industrial Engineers,Operations Engineer,N
17-2112.00,Industrial Engineers,Plant Engineer,N
17-2112.00,Industrial Engineers,Process Engineer,Y
17-2112.00,Industrial Engineers,Project Engineer,Y
17-2112.00,Industrial Engineers,Quality Engineer,N
17-2112.00,Industrial Engineers,Research and Development Engineer (R and D Engineer),N
17-2112.01,Human Factors Engineers and Ergonomists,Board Certified Ergonomist,N
17-2112.01,Human Factors Engineers and Ergonomists,Certified Professional Ergonomist,N
17-2112.01,Human Factors Engineers and Ergonomists,Cognitive Engineer,N
17-2112.01,Human Factors Engineers and Ergonomists,Engineer,Y
17-2112.01,Human Factors Engineers and Ergonomists,Ergonomic Consultant,N
17-2112.01,Human Factors Engineers and Ergonomists,Ergonomics Technical Advisor,N
17-2112.01,Human Factors Engineers and Ergonomists,Ergonomist,Y
17-2112.01,Human Factors Engineers and Ergonomists,Human Factors Advisor,N
17-2112.01,Human Factors Engineers and Ergonomists,Human Factors Engineer,Y
17-2112.01,Human Factors Engineers and Ergonomists,Occupational Ergonomist,Y
17-2112.02,Validation Engineers,Corporate Quality Engineer,N
17-2112.02,Validation Engineers,Product Quality Engineer,N
17-2112.02,Validation Engineers,Quality Assurance Engineer,Y
17-2112.02,Validation Engineers,Quality Engineer,Y
17-2112.02,Validation Engineers,Quality Management Systems Engineer,Y
17-2112.02,Validation Engineers,Reliability Engineer,N
17-2112.02,Validation Engineers,Supplier Quality Engineer,Y
17-2112.02,Validation Engineers,Validation Specialist,N
17-2112.03,Manufacturing Engineers,Facility Engineer,N
17-2112.03,Manufacturing Engineers,Manufacturing Engineer,Y
17-2112.03,Manufacturing Engineers,Plant Engineer,Y
17-2112.03,Manufacturing Engineers,Process Engineer,Y
17-2112.03,Manufacturing Engineers,Process Improvement Engineer,Y
17-2121.00,Marine Engineers and Naval Architects,Marine Architect,N
17-2121.00,Marine Engineers and Naval Architects,Marine Design Engineer,N
17-2121.00,Marine Engineers and Naval Architects,Marine Engineer,Y
17-2121.00,Marine Engineers and Naval Architects,Marine Engineering Consultant,N
17-2121.00,Marine Engineers and Naval Architects,Marine Structural Designer,N
17-2121.00,Marine Engineers and Naval Architects,Marine Surveyor,Y
17-2121.00,Marine Engineers and Naval Architects,Naval Architect,Y
17-2121.00,Marine Engineers and Naval Architects,Naval Architect Specialist,Y
17-2121.00,Marine Engineers and Naval Architects,Ship Equipment Engineer,N
17-2121.00,Marine Engineers and Naval Architects,Structural Engineer,N
17-2131.00,Materials Engineers,Automotive Sheet Metal Engineer,N
17-2131.00,Materials Engineers,Ceramic Engineer,N
17-2131.00,Materials Engineers,Extrusion Engineer,N
17-2131.00,Materials Engineers,Materials Development Engineer,N
17-2131.00,Materials Engineers,Materials Research Engineer,Y
17-2131.00,Materials Engineers,Metallurgical Engineer,N
17-2131.00,Materials Engineers,Metallurgist,Y
17-2131.00,Materials Engineers,Process Engineer,Y
17-2131.00,Materials Engineers,Textile Engineer,Y
17-2141.00,Mechanical Engineers,Application Engineer,N
17-2141.00,Mechanical Engineers,Design Engineer,Y
17-2141.00,Mechanical Engineers,Equipment Engineer,N
17-2141.00,Mechanical Engineers,Mechanical Design Engineer,N
17-2141.00,Mechanical Engineers,Mechanical Designer,N
17-2141.00,Mechanical Engineers,Mechanical Engineer,Y
17-2141.00,Mechanical Engineers,Product Development Engineer,N
17-2141.00,Mechanical Engineers,Product Engineer,Y
17-2141.00,Mechanical Engineers,Project Engineer,Y
17-2141.00,Mechanical Engineers,Test Engineer,N
17-2141.01,Fuel Cell Engineers,Engineer,Y
17-2141.01,Fuel Cell Engineers,Fuel Cell Engineer,Y
17-2141.01,Fuel Cell Engineers,Research Engineer,Y
17-2141.01,Fuel Cell Engineers,Stack Engineer,Y
17-2141.02,Automotive Engineers,Dimensional Integration Engineer,N
17-2141.02,Automotive Engineers,Engineer,Y
17-2141.02,Automotive Engineers,Product Engineer,Y
17-2141.02,Automotive Engineers,Project Engineer,Y
17-2141.02,Automotive Engineers,Research Engineer,Y
17-2151.00,"Mining and Geological Engineers, Including Mining Safety Engineers",Mine Engineer,Y
17-2151.00,"Mining and Geological Engineers, Including Mining Safety Engineers",Mining Consultant,Y
17-2151.00,"Mining and Geological Engineers, Including Mining Safety Engineers",Mining Engineer,Y
17-2151.00,"Mining and Geological Engineers, Including Mining Safety Engineers",Planning Engineer,N
17-2151.00,"Mining and Geological Engineers, Including Mining Safety Engineers",Project Engineer,Y
17-2151.00,"Mining and Geological Engineers, Including Mining Safety Engineers",Safety Engineer,N
17-2151.00,"Mining and Geological Engineers, Including Mining Safety Engineers",Safety Representative,N
17-2161.00,Nuclear Engineers,Engineer,Y
17-2161.00,Nuclear Engineers,Nuclear Design Engineer,N
17-2161.00,Nuclear Engineers,Nuclear Engineer,Y
17-2161.00,Nuclear Engineers,Nuclear Licensing Engineer,Y
17-2161.00,Nuclear Engineers,Nuclear Process Engineer,N
17-2161.00,Nuclear Engineers,Nuclear Reactor Engineer,Y
17-2161.00,Nuclear Engineers,Nuclear Safety Engineer,N
17-2161.00,Nuclear Engineers,Nuclear Steam Supply System Engineer (NSSS Engineer),N
17-2161.00,Nuclear Engineers,Radiological Engineer,N
17-2161.00,Nuclear Engineers,Reactor Engineer,N
17-2171.00,Petroleum Engineers,Completion Engineer,N
17-2171.00,Petroleum Engineers,Drilling Engineer,Y
17-2171.00,Petroleum Engineers,Engineer,Y
17-2171.00,Petroleum Engineers,Operations Engineer,N
17-2171.00,Petroleum Engineers,Petroleum Engineer,Y
17-2171.00,Petroleum Engineers,Petroleum Production Engineer,N
17-2171.00,Petroleum Engineers,Project Production Engineer,N
17-2171.00,Petroleum Engineers,Project Reservoir Engineer,N
17-2171.00,Petroleum Engineers,Reservoir Engineer,Y
17-2171.00,Petroleum Engineers,Reservoir Engineering Consultant,N
17-2199.03,"Energy Engineers, Except Wind and Solar",Energy Efficiency Engineer,Y
17-2199.03,"Energy Engineers, Except Wind and Solar",Energy Engineer,Y
17-2199.03,"Energy Engineers, Except Wind and Solar",Industrial Energy Engineer,Y
17-2199.03,"Energy Engineers, Except Wind and Solar",Test and Balance Engineer (TAB Engineer),Y
17-2199.05,Mechatronics Engineers,Automation Designer,N
17-2199.05,Mechatronics Engineers,Automation Engineer,Y
17-2199.05,Mechatronics Engineers,Control Systems Engineer,N
17-2199.05,Mechatronics Engineers,Controls Engineering Specialist,N
17-2199.05,Mechatronics Engineers,Design Engineer (Design Eng),N
17-2199.05,Mechatronics Engineers,Equipment Engineer,Y
17-2199.05,Mechatronics Engineers,Process Controls Engineer,Y
17-2199.05,Mechatronics Engineers,Process Development Engineer,N
17-2199.05,Mechatronics Engineers,Project Engineer,Y
17-2199.05,Mechatronics Engineers,Research and Development Engineer (R and D Engineer),N
17-2199.06,Microsystems Engineers,Control Systems Engineer,N
17-2199.06,Microsystems Engineers,MEMS Integration Engineer (Microelectrical Mechanical Integration Engineer),N
17-2199.06,Microsystems Engineers,Microsystems Engineer,N
17-2199.06,Microsystems Engineers,Process Engineer,Y
17-2199.06,Microsystems Engineers,Product Design Engineer,Y
17-2199.06,Microsystems Engineers,Project Design Engineer,N
17-2199.06,Microsystems Engineers,Project Engineer,Y
17-2199.06,Microsystems Engineers,Radio Frequency Design Engineer (RF Design Engineer),Y
17-2199.06,Microsystems Engineers,System Engineer,N
17-2199.06,Microsystems Engineers,Systems Engineer,N
17-2199.07,Photonics Engineers,Algorithm Developer,N
17-2199.07,Photonics Engineers,Laser Engineer,Y
17-2199.07,Photonics Engineers,Optical Design Engineer,Y
17-2199.07,Photonics Engineers,Optical Engineer,Y
17-2199.07,Photonics Engineers,Optical Specialist,N
17-2199.07,Photonics Engineers,Optical Systems Engineer,Y
17-2199.07,Photonics Engineers,Optoelectronics Engineer,N
17-2199.07,Photonics Engineers,Research and Development Engineer (R and D Engineer),N
17-2199.07,Photonics Engineers,Research Engineer,N
17-2199.08,Robotics Engineers,Automation Engineer,Y
17-2199.08,Robotics Engineers,Autonomous Vehicle Design Engineer,Y
17-2199.08,Robotics Engineers,Design Engineer,Y
17-2199.08,Robotics Engineers,Factory Automations Engineer,Y
17-2199.08,Robotics Engineers,Research Engineer,N
17-2199.08,Robotics Engineers,Robotic Systems Engineer,N
17-2199.09,Nanosystems Engineers,Process Development Engineer,Y
17-2199.09,Nanosystems Engineers,Research Engineer,Y
17-2199.10,Wind Energy Engineers,Engineer,Y
17-2199.10,Wind Energy Engineers,Project Engineer,Y
17-2199.10,Wind Energy Engineers,Turbine Measurements Engineer,N
17-2199.10,Wind Energy Engineers,Utility Engineer,Y
17-2199.10,Wind Energy Engineers,Wind Energy Consultant,Y
17-2199.10,Wind Energy Engineers,Wind Farm Siting and Development Consultant,N
17-2199.10,Wind Energy Engineers,Wind Turbine Design Engineer,N
17-2199.11,Solar Energy Systems Engineers,Consulting Engineer,N
17-2199.11,Solar Energy Systems Engineers,Engineer,N
17-2199.11,Solar Energy Systems Engineers,Photovoltaic System Designer (PV System Designer),N
17-2199.11,Solar Energy Systems Engineers,Power Systems Engineer,Y
17-2199.11,Solar Energy Systems Engineers,Project Engineer,Y
17-2199.11,Solar Energy Systems Engineers,Research Engineer,N
17-2199.11,Solar Energy Systems Engineers,Solar Design Engineer,Y
17-2199.11,Solar Energy Systems Engineers,Solar Designer,Y
17-2199.11,Solar Energy Systems Engineers,Solar Energy Engineer,N
17-2199.11,Solar Energy Systems Engineers,Solar Engineer,N
17-3011.00,Architectural and Civil Drafters,Architectural Designer,Y
17-3011.00,Architectural and Civil Drafters,Architectural Drafter,Y
17-3011.00,Architectural and Civil Drafters,Architectural Draftsman,N
17-3011.00,Architectural and Civil Drafters,CAD Designer (Computer-Aided Design Designer),N
17-3011.00,Architectural and Civil Drafters,CAD Tech (Computer-Aided Design Technician),Y
17-3011.00,Architectural and Civil Drafters,CADD Drafter (Computer-Aided Drafting and Design Drafter),N
17-3011.00,Architectural and Civil Drafters,Civil Drafter,N
17-3011.00,Architectural and Civil Drafters,Drafting Technician (Drafting Tech),N
17-3011.00,Architectural and Civil Drafters,Draftsman,Y
17-3011.00,Architectural and Civil Drafters,Draftsperson,N
17-3012.00,Electrical and Electronics Drafters,Computer-Aided Design Operator,Y
17-3012.00,Electrical and Electronics Drafters,Designer,N
17-3012.00,Electrical and Electronics Drafters,Drafter,Y
17-3012.00,Electrical and Electronics Drafters,Drafting Technician (Drafting Tech),N
17-3012.00,Electrical and Electronics Drafters,Electrical Designer,Y
17-3012.00,Electrical and Electronics Drafters,Electrical Drafter,N
17-3012.00,Electrical and Electronics Drafters,Layout Designer,N
17-3012.00,Electrical and Electronics Drafters,Printed Circuit Board Designer (PCB Designer),N
17-3012.00,Electrical and Electronics Drafters,Staking Engineer,N
17-3012.00,Electrical and Electronics Drafters,Staking Technician (Staking Tech),Y
17-3013.00,Mechanical Drafters,CAD Designer (Computer Aided Design Designer),N
17-3013.00,Mechanical Drafters,CAD Operator (Computer Aided Design Operator),N
17-3013.00,Mechanical Drafters,CAM Specialist (Computer Aided Manufacturing Specialist),N
17-3013.00,Mechanical Drafters,Design Drafter,Y
17-3013.00,Mechanical Drafters,Die Designer,Y
17-3013.00,Mechanical Drafters,Drafter,Y
17-3013.00,Mechanical Drafters,Drafting Technician (Drafting Tech),N
17-3013.00,Mechanical Drafters,Mechanical Designer,Y
17-3013.00,Mechanical Drafters,Tool Design Drafter,N
17-3013.00,Mechanical Drafters,Tooling Designer,N
17-3021.00,Aerospace Engineering and Operations Technologists and Technicians,Avionics Installation Technician,N
17-3021.00,Aerospace Engineering and Operations Technologists and Technicians,Avionics Test Technician,N
17-3021.00,Aerospace Engineering and Operations Technologists and Technicians,Engineering Technician,Y
17-3021.00,Aerospace Engineering and Operations Technologists and Technicians,Engineering Test Technician,N
17-3021.00,Aerospace Engineering and Operations Technologists and Technicians,Flight Test Instrument Technician,N
17-3021.00,Aerospace Engineering and Operations Technologists and Technicians,Instrumentation Technician,Y
17-3021.00,Aerospace Engineering and Operations Technologists and Technicians,Systems Test Technician,Y
17-3021.00,Aerospace Engineering and Operations Technologists and Technicians,Test Technician,Y
17-3022.00,Civil Engineering Technologists and Technicians,Civil Designer,N
17-3022.00,Civil Engineering Technologists and Technicians,Civil Engineering Assistant,N
17-3022.00,Civil Engineering Technologists and Technicians,Civil Engineering Technician,Y
17-3022.00,Civil Engineering Technologists and Technicians,Design Technician,N
17-3022.00,Civil Engineering Technologists and Technicians,Engineer Technician,Y
17-3022.00,Civil Engineering Technologists and Technicians,Engineering Assistant,Y
17-3022.00,Civil Engineering Technologists and Technicians,Engineering Technician,Y
17-3022.00,Civil Engineering Technologists and Technicians,Transportation Engineering Technician,N
17-3023.00,Electrical and Electronic Engineering Technologists and Technicians,Communication Technician (Communication Tech),N
17-3023.00,Electrical and Electronic Engineering Technologists and Technicians,Communications Technologist,N
17-3023.00,Electrical and Electronic Engineering Technologists and Technicians,Electrical Engineering Technician (Electrical Engineering Tech),Y
17-3023.00,Electrical and Electronic Engineering Technologists and Technicians,Electrical Technician (Electrical Tech),Y
17-3023.00,Electrical and Electronic Engineering Technologists and Technicians,Electronic Engineering Technician (Electronic Engineering Tech),N
17-3023.00,Electrical and Electronic Engineering Technologists and Technicians,Electronic Technician (Electronic Tech),N
17-3023.00,Electrical and Electronic Engineering Technologists and Technicians,Electronics Engineering Technician,Y
17-3023.00,Electrical and Electronic Engineering Technologists and Technicians,Electronics Technician,Y
17-3023.00,Electrical and Electronic Engineering Technologists and Technicians,Relay Technician (Relay Tech),N
17-3023.00,Electrical and Electronic Engineering Technologists and Technicians,System Technologist,N
17-3024.00,Electro-Mechanical and Mechatronics Technologists and Technicians,Automation Technician (Automation Tech),N
17-3024.00,Electro-Mechanical and Mechatronics Technologists and Technicians,Electro-Mechanic,Y
17-3024.00,Electro-Mechanical and Mechatronics Technologists and Technicians,Electromechanical Assembler (EM Assembler),N
17-3024.00,Electro-Mechanical and Mechatronics Technologists and Technicians,Electromechanical Technician (EM Technician),Y
17-3024.00,Electro-Mechanical and Mechatronics Technologists and Technicians,Electronics Technician (Electronics Tech),Y
17-3024.00,Electro-Mechanical and Mechatronics Technologists and Technicians,Mechanical Technician (Mechanical Tech),Y
17-3024.00,Electro-Mechanical and Mechatronics Technologists and Technicians,Process Control Tech,N
17-3024.00,Electro-Mechanical and Mechatronics Technologists and Technicians,Product Test Specialist,N
17-3024.00,Electro-Mechanical and Mechatronics Technologists and Technicians,Test Engineering Technician (Test Engineering Tech),N
17-3024.00,Electro-Mechanical and Mechatronics Technologists and Technicians,Test Technician (Test Tech),N
17-3024.01,Robotics Technicians,Automation Technician,Y
17-3024.01,Robotics Technicians,Electrical and Instrumentation Technician (E and I Technician),Y
17-3024.01,Robotics Technicians,Instrument and Automation Technician,N
17-3024.01,Robotics Technicians,Instrument Specialist,Y
17-3024.01,Robotics Technicians,Instrument Technician,N
17-3024.01,Robotics Technicians,Instrumentation and Controls Technician,N
17-3024.01,Robotics Technicians,Instrumentation and Process Controls Technician,N
17-3024.01,Robotics Technicians,Process Control Technician,Y
17-3024.01,Robotics Technicians,Programmable Logic Controllers Technician,N
17-3025.00,Environmental Engineering Technologists and Technicians,Air Quality Instrument Specialist,N
17-3025.00,Environmental Engineering Technologists and Technicians,"EHS Engineer (Environmental, Health and Safety Engineer)",N
17-3025.00,Environmental Engineering Technologists and Technicians,Engineer,N
17-3025.00,Environmental Engineering Technologists and Technicians,Environmental Engineering Assistant,Y
17-3025.00,Environmental Engineering Technologists and Technicians,Environmental Engineering Technician (Environmental Engineering Tech),Y
17-3025.00,Environmental Engineering Technologists and Technicians,Environmental Field Technician (Environmental Field Tech),Y
17-3025.00,Environmental Engineering Technologists and Technicians,Environmental Technician (Environmental Tech),Y
17-3025.00,Environmental Engineering Technologists and Technicians,Haz Tech (Hazardous Technician),N
17-3025.00,Environmental Engineering Technologists and Technicians,Remediation Technician (Remediation Tech),N
17-3026.00,Industrial Engineering Technologists and Technicians,Engineering Technician (Engineering Tech),Y
17-3026.00,Industrial Engineering Technologists and Technicians,Industrial Engineering Analyst,Y
17-3026.00,Industrial Engineering Technologists and Technicians,Industrial Engineering Technician (Industrial Engineering Tech),Y
17-3026.00,Industrial Engineering Technologists and Technicians,Industrial Technician (Industrial Tech),Y
17-3026.00,Industrial Engineering Technologists and Technicians,Manufacturing Coordinator,N
17-3026.00,Industrial Engineering Technologists and Technicians,PLC Tech (Programmable Logic Controller Technician),N
17-3026.00,Industrial Engineering Technologists and Technicians,QC Engineering Technician (Quality Control Engineering Technician),N
17-3026.00,Industrial Engineering Technologists and Technicians,Quality Management Coordinator,N
17-3026.01,Nanotechnology Engineering Technologists and Technicians,Engineering Technician (Engineering Tech),N
17-3026.01,Nanotechnology Engineering Technologists and Technicians,Lab Technician (Laboratory Technician),N
17-3026.01,Nanotechnology Engineering Technologists and Technicians,Nanofabrication Specialist,Y
17-3026.01,Nanotechnology Engineering Technologists and Technicians,Process Engineering Technician (Process Engineering Tech),Y
17-3026.01,Nanotechnology Engineering Technologists and Technicians,R and D Engineer (Research and Development Engineer),Y
17-3026.01,Nanotechnology Engineering Technologists and Technicians,Research Lab Associate (Research Laboratory Associate),Y
17-3026.01,Nanotechnology Engineering Technologists and Technicians,Research Scientist,N
17-3026.01,Nanotechnology Engineering Technologists and Technicians,Research Specialist,N
17-3026.01,Nanotechnology Engineering Technologists and Technicians,Research Technician (Research Tech),N
17-3026.01,Nanotechnology Engineering Technologists and Technicians,Scientific Research Associate,N
17-3027.00,Mechanical Engineering Technologists and Technicians,Engineering Laboratory Technician (Engineering Lab Technician),N
17-3027.00,Mechanical Engineering Technologists and Technicians,Engineering Technical Analyst,N
17-3027.00,Mechanical Engineering Technologists and Technicians,Engineering Technician (Engineering Tech),Y
17-3027.00,Mechanical Engineering Technologists and Technicians,Engineering Technologist,N
17-3027.00,Mechanical Engineering Technologists and Technicians,Manufacturing Engineering Technician (Manufacturing Engineering Tech),N
17-3027.00,Mechanical Engineering Technologists and Technicians,Mechanical Designer,Y
17-3027.00,Mechanical Engineering Technologists and Technicians,Mechanical Technician (Mechanical Tech),Y
17-3027.00,Mechanical Engineering Technologists and Technicians,Process Engineering Technician (Process Engineering Tech),N
17-3027.00,Mechanical Engineering Technologists and Technicians,Process Technician,N
17-3027.00,Mechanical Engineering Technologists and Technicians,Research and Development Technician (R and D Tech),Y
17-3027.01,Automotive Engineering Technicians,Laboratory Technician (Lab Technician),Y
17-3027.01,Automotive Engineering Technicians,Research Technician,Y
17-3028.00,Calibration Technologists and Technicians,Calibration Specialist,Y
17-3028.00,Calibration Technologists and Technicians,Calibration Technician (Calibration Tech),Y
17-3028.00,Calibration Technologists and Technicians,Gauge Specialist,Y
17-3028.00,Calibration Technologists and Technicians,Instrument and Control Technician (I and C Tech),N
17-3028.00,Calibration Technologists and Technicians,Instrument Control Technician (Instrument Control Tech),Y
17-3028.00,Calibration Technologists and Technicians,Quality Technician (Quality Tech),N
17-3029.01,Non-Destructive Testing Specialists,Industrial Radiographer,N
17-3029.01,Non-Destructive Testing Specialists,NDE Technician (Non-Destructive Evaluation Technician),Y
17-3029.01,Non-Destructive Testing Specialists,NDT Coordinator (Non-Destructive Testing Coordinator),N
17-3029.01,Non-Destructive Testing Specialists,NDT Inspector (Non-Destructing Testing Inspector),N
17-3029.01,Non-Destructive Testing Specialists,NDT Specialist (Non-Destructive Testing Specialist),Y
17-3029.01,Non-Destructive Testing Specialists,NDT Technical Specialist (Non-Destructive Testing Technical Specialist),Y
17-3029.01,Non-Destructive Testing Specialists,NDT Technician (Non-Destructive Testing Technician),Y
17-3029.08,Photonics Technicians,Fiber Optics Instructor,Y
17-3029.08,Photonics Technicians,Fiber Optics Technician (Fiber Optics Tech),N
17-3029.08,Photonics Technicians,Laser Technician (Laser Tech),Y
17-3029.08,Photonics Technicians,Optics Technician (Optics Tech),Y
17-3029.08,Photonics Technicians,Optomechanical Technician (Optomechanical Tech),N
17-3029.08,Photonics Technicians,Photonics Laboratory Technician (Photonics Lab Tech),N
17-3029.08,Photonics Technicians,Photonics Technician (Photonics Tech),Y
17-3029.08,Photonics Technicians,Ruling Technician (Ruling Tech),N
17-3031.00,Surveying and Mapping Technicians,Field Surveyor,N
17-3031.00,Surveying and Mapping Technicians,Land Survey Technician (Land Survey Tech),N
17-3031.00,Surveying and Mapping Technicians,Land Surveyor,Y
17-3031.00,Surveying and Mapping Technicians,Mapping Editor,N
17-3031.00,Surveying and Mapping Technicians,Mapping Technician (Mapping Tech),Y
17-3031.00,Surveying and Mapping Technicians,Photogrammetric Technician (Photogrammetric Tech),N
17-3031.00,Surveying and Mapping Technicians,Rodman,N
17-3031.00,Surveying and Mapping Technicians,Stereoplotter Operator,Y
17-3031.00,Surveying and Mapping Technicians,Survey Technician (Survey Tech),Y
17-3031.00,Surveying and Mapping Technicians,Surveying Technician (Surveying Tech),N
19-1011.00,Animal Scientists,Animal Nutrition Consultant,N
19-1011.00,Animal Scientists,Animal Nutritionist,Y
19-1011.00,Animal Scientists,Animal Scientist,Y
19-1011.00,Animal Scientists,Beef Cattle Nutritionist,Y
19-1011.00,Animal Scientists,Beef Cattle Specialist,N
19-1011.00,Animal Scientists,Companion Animal Nutritionist,N
19-1011.00,Animal Scientists,Dairy Nutrition Consultant,N
19-1011.00,Animal Scientists,Dairy Research Nutritionist,N
19-1011.00,Animal Scientists,Research Scientist,Y
19-1011.00,Animal Scientists,Scientist,N
19-1012.00,Food Scientists and Technologists,Corporate Food Scientist,N
19-1012.00,Food Scientists and Technologists,Food and Drug Research Scientist,Y
19-1012.00,Food Scientists and Technologists,Food Engineer,N
19-1012.00,Food Scientists and Technologists,Food Safety Regulatory Manager,N
19-1012.00,Food Scientists and Technologists,Food Scientist,Y
19-1012.00,Food Scientists and Technologists,Food Technologist,Y
19-1012.00,Food Scientists and Technologists,Formulator,N
19-1012.00,Food Scientists and Technologists,Product Development Scientist,N
19-1012.00,Food Scientists and Technologists,Research Chef,Y
19-1012.00,Food Scientists and Technologists,Research Scientist,N
19-1013.00,Soil and Plant Scientists,Agronomist,Y
19-1013.00,Soil and Plant Scientists,Arboriculture Researcher,N
19-1013.00,Soil and Plant Scientists,Crop Nutrition Scientist,N
19-1013.00,Soil and Plant Scientists,Forage Physiologist,N
19-1013.00,Soil and Plant Scientists,Horticulture Specialist,N
19-1013.00,Soil and Plant Scientists,Plant Physiologist,N
19-1013.00,Soil and Plant Scientists,Plant Research Geneticist,N
19-1013.00,Soil and Plant Scientists,Research Scientist,Y
19-1013.00,Soil and Plant Scientists,Research Soil Scientist,Y
19-1013.00,Soil and Plant Scientists,Scientist,Y
19-1021.00,Biochemists and Biophysicists,Analytical Research Chemist,Y
19-1021.00,Biochemists and Biophysicists,Biochemist,Y
19-1021.00,Biochemists and Biophysicists,Biophysics Researcher,Y
19-1021.00,Biochemists and Biophysicists,Scientist,Y
19-1022.00,Microbiologists,Bacteriologist,Y
19-1022.00,Microbiologists,Clinical Laboratory Scientist (Clinical Lab Scientist),Y
19-1022.00,Microbiologists,Clinical Microbiologist,N
19-1022.00,Microbiologists,Medical Technologist,N
19-1022.00,Microbiologists,Microbiological Analyst,Y
19-1022.00,Microbiologists,Microbiologist,Y
19-1022.00,Microbiologists,Public Health Microbiologist,N
19-1022.00,Microbiologists,Quality Control Microbiologist (QC Microbiologist),N
19-1022.00,Microbiologists,Research Microbiologist,N
19-1022.00,Microbiologists,Research Specialist,N
19-1023.00,Zoologists and Wildlife Biologists,Aquatic Biologist,N
19-1023.00,Zoologists and Wildlife Biologists,Conservation Biologist,Y
19-1023.00,Zoologists and Wildlife Biologists,Fish and Wildlife Biologist,Y
19-1023.00,Zoologists and Wildlife Biologists,Fisheries and Wildlife Biological Scientist,N
19-1023.00,Zoologists and Wildlife Biologists,Fisheries Biologist,Y
19-1023.00,Zoologists and Wildlife Biologists,Habitat Biologist,N
19-1023.00,Zoologists and Wildlife Biologists,Migratory Game Bird Biologist,N
19-1023.00,Zoologists and Wildlife Biologists,Wildlife Biologist,Y
19-1023.00,Zoologists and Wildlife Biologists,Wildlife Refuge Specialist,N
19-1023.00,Zoologists and Wildlife Biologists,Zoologist,N
19-1029.01,Bioinformatics Scientists,Bioinformaticist,Y
19-1029.01,Bioinformatics Scientists,Bioinformatics Programmer,N
19-1029.01,Bioinformatics Scientists,Bioinformatics Research Associate,N
19-1029.01,Bioinformatics Scientists,Computational Biology Scientist,Y
19-1029.01,Bioinformatics Scientists,Research Associate,Y
19-1029.01,Bioinformatics Scientists,Research Scientist,Y
19-1029.01,Bioinformatics Scientists,Scientist,N
19-1029.02,Molecular and Cellular Biologists,Molecular Biologist,Y
19-1029.02,Molecular and Cellular Biologists,Research Scientist,Y
19-1029.03,Geneticists,Cardiovascular Geneticist,Y
19-1029.03,Geneticists,Medical Geneticist,Y
19-1029.03,Geneticists,Research Scientist,Y
19-1029.03,Geneticists,Scientist,Y
19-1029.04,Biologists,Aquatic Biologist,N
19-1029.04,Biologists,Biological Scientist,N
19-1029.04,Biologists,Biologist,Y
19-1029.04,Biologists,Botanist,Y
19-1029.04,Biologists,Fisheries and Wildlife Biologist,Y
19-1029.04,Biologists,Fisheries Biologist,N
19-1029.04,Biologists,Marine Biologist,N
19-1029.04,Biologists,Research Biologist,N
19-1029.04,Biologists,Research Scientist,N
19-1029.04,Biologists,Scientist,Y
19-1031.00,Conservation Scientists,Conservationist,Y
19-1031.00,Conservation Scientists,Environmental Analyst,N
19-1031.00,Conservation Scientists,Environmental Quality Scientist,N
19-1031.00,Conservation Scientists,Erosion Control Specialist,N
19-1031.00,Conservation Scientists,Land Reclamation Specialist,N
19-1031.00,Conservation Scientists,Land Resource Specialist,Y
19-1031.00,Conservation Scientists,Research Soil Scientist,Y
19-1031.00,Conservation Scientists,Resource Conservation Specialist,N
19-1031.00,Conservation Scientists,Resource Conservationist,Y
19-1031.00,Conservation Scientists,Soil Conservationist,N
19-1031.02,Range Managers,Conservationist,Y
19-1031.02,Range Managers,Forest Range Program Manager,N
19-1031.02,Range Managers,Land Management Supervisor,N
19-1031.02,Range Managers,Natural Resource Manager,N
19-1031.02,Range Managers,Natural Resource Specialist,Y
19-1031.02,Range Managers,Range Management Consultant,Y
19-1031.02,Range Managers,Range Management Specialist,N
19-1031.02,Range Managers,Rangeland Management Specialist,Y
19-1031.02,Range Managers,Wildlife Manager,N
19-1031.02,Range Managers,Wildlife Refuge Manager,N
19-1031.03,Park Naturalists,Environmental Education Specialist,N
19-1031.03,Park Naturalists,Environmental Educator,N
19-1031.03,Park Naturalists,Interpretive Naturalist,Y
19-1031.03,Park Naturalists,Interpretive Park Ranger,N
19-1031.03,Park Naturalists,Natural Resource Educator,N
19-1031.03,Park Naturalists,Naturalist,Y
19-1031.03,Park Naturalists,Park Activities Coordinator,N
19-1031.03,Park Naturalists,Park Guide,Y
19-1031.03,Park Naturalists,Park Interpretive Specialist,N
19-1031.03,Park Naturalists,Park Ranger,Y
19-1032.00,Foresters,Area Forester,Y
19-1032.00,Foresters,District Forester,N
19-1032.00,Foresters,Environmental Protection Forester,N
19-1032.00,Foresters,Fire Prevention Forester,N
19-1032.00,Foresters,Forest Silviculturist,N
19-1032.00,Foresters,Procurement Forester,Y
19-1032.00,Foresters,Resource Forester,N
19-1032.00,Foresters,Service Forester,N
19-1032.00,Foresters,Silviculturist,Y
19-1032.00,Foresters,Urban Forester,Y
19-1041.00,Epidemiologists,Chronic Disease Epidemiologist,N
19-1041.00,Epidemiologists,Communicable Diseases Specialist,N
19-1041.00,Epidemiologists,Environmental Epidemiologist,N
19-1041.00,Epidemiologists,Epidemiologist,Y
19-1041.00,Epidemiologists,Epidemiology Investigator,N
19-1041.00,Epidemiologists,Infection Control Practitioner (ICP),Y
19-1041.00,Epidemiologists,Nurse Epidemiologist,Y
19-1041.00,Epidemiologists,Public Health Epidemiologist,N
19-1041.00,Epidemiologists,Research Epidemiologist,Y
19-1041.00,Epidemiologists,State Epidemiologist,N
19-1042.00,"Medical Scientists, Except Epidemiologists",Clinical Laboratory Scientist (Clinical Lab Scientist),N
19-1042.00,"Medical Scientists, Except Epidemiologists",Clinical Pharmacologist,N
19-1042.00,"Medical Scientists, Except Epidemiologists",Clinical Research Scientist,Y
19-1042.00,"Medical Scientists, Except Epidemiologists",Medical Researcher,N
19-1042.00,"Medical Scientists, Except Epidemiologists",Physician Scientist,N
19-1042.00,"Medical Scientists, Except Epidemiologists",Research Scientist,Y
19-1042.00,"Medical Scientists, Except Epidemiologists",Researcher,N
19-1042.00,"Medical Scientists, Except Epidemiologists",Scientist,Y
19-1042.00,"Medical Scientists, Except Epidemiologists",Study Director,Y
19-1042.00,"Medical Scientists, Except Epidemiologists",Toxicologist,N
19-2011.00,Astronomers,Astronomer,Y
19-2011.00,Astronomers,Astronomy Outreach Coordinator,Y
19-2011.00,Astronomers,Astrophysicist,Y
19-2011.00,Astronomers,Research Astrophysicist,Y
19-2012.00,Physicists,Astrophysicist,Y
19-2012.00,Physicists,Biophysics Scientist,N
19-2012.00,Physicists,Health Physicist,Y
19-2012.00,Physicists,Medical Physicist,N
19-2012.00,Physicists,Research Physicist,Y
19-2012.00,Physicists,Scientist,Y
19-2021.00,Atmospheric and Space Scientists,Broadcast Meteorologist,N
19-2021.00,Atmospheric and Space Scientists,Forecaster,Y
19-2021.00,Atmospheric and Space Scientists,General Forecaster,Y
19-2021.00,Atmospheric and Space Scientists,Hydrometeorological Technician (Hydrometeorological Tech),N
19-2021.00,Atmospheric and Space Scientists,Meteorologist,Y
19-2021.00,Atmospheric and Space Scientists,Ocean Monitoring and Data Assimilation Scientist,N
19-2021.00,Atmospheric and Space Scientists,Research Meteorologist,Y
19-2021.00,Atmospheric and Space Scientists,Service Hydrologist,N
19-2021.00,Atmospheric and Space Scientists,Warning Coordination Meteorologist,N
19-2021.00,Atmospheric and Space Scientists,Weather Forecaster,N
19-2031.00,Chemists,Air Quality Chemist,N
19-2031.00,Chemists,Analytical Chemist,Y
19-2031.00,Chemists,Chemical Lab Scientist (Chemical Laboratory Scientist),N
19-2031.00,Chemists,Chemist,Y
19-2031.00,Chemists,Forensic Chemist,N
19-2031.00,Chemists,Product Development Chemist,N
19-2031.00,Chemists,QC Chemist (Quality Control Chemist),N
19-2031.00,Chemists,R and D Chemist (Research and Development Chemist),N
19-2031.00,Chemists,Research Chemist,Y
19-2031.00,Chemists,Scientist,Y
19-2032.00,Materials Scientists,Applications Scientist,N
19-2032.00,Materials Scientists,Materials Research Engineer,Y
19-2032.00,Materials Scientists,Materials Scientist,Y
19-2032.00,Materials Scientists,Metallurgical Engineer,N
19-2032.00,Materials Scientists,Micro Electrical/Mechanical Systems Device Scientist (MEMS Device Scientist),N
19-2032.00,Materials Scientists,Polymer Materials Consultant,N
19-2032.00,Materials Scientists,R and D Scientist (Research and Development Scientist),N
19-2032.00,Materials Scientists,Research Scientist,Y
19-2032.00,Materials Scientists,Scientist,Y
19-2041.00,"Environmental Scientists and Specialists, Including Health",Environmental Analyst,N
19-2041.00,"Environmental Scientists and Specialists, Including Health",Environmental Health and Safety Specialist (EHS Specialist),N
19-2041.00,"Environmental Scientists and Specialists, Including Health",Environmental Health Specialist,N
19-2041.00,"Environmental Scientists and Specialists, Including Health",Environmental Programs Specialist,Y
19-2041.00,"Environmental Scientists and Specialists, Including Health",Environmental Protection Specialist,Y
19-2041.00,"Environmental Scientists and Specialists, Including Health",Environmental Scientist,Y
19-2041.00,"Environmental Scientists and Specialists, Including Health",Environmental Specialist,Y
19-2041.00,"Environmental Scientists and Specialists, Including Health",Hazardous Substances Scientist,N
19-2041.00,"Environmental Scientists and Specialists, Including Health",Natural Resources Specialist,N
19-2041.00,"Environmental Scientists and Specialists, Including Health",Registered Environmental Health Specialist (REHS),N
19-2041.01,Climate Change Policy Analysts,Climate Advisor,N
19-2041.01,Climate Change Policy Analysts,Climate Analyst,Y
19-2041.01,Climate Change Policy Analysts,Climate and Energy Program Associate,Y
19-2041.01,Climate Change Policy Analysts,Climate Economist,N
19-2041.01,Climate Change Policy Analysts,Environmental Policy Analyst,Y
19-2041.01,Climate Change Policy Analysts,Policy Analyst,Y
19-2041.01,Climate Change Policy Analysts,Policy Associate,N
19-2041.01,Climate Change Policy Analysts,Policy Research Associate,N
19-2041.01,Climate Change Policy Analysts,Regional Science Advisor,N
19-2041.02,Environmental Restoration Planners,Coastal and Estuary Specialist,Y
19-2041.02,Environmental Restoration Planners,Fisheries Habitat Restoration Specialist,N
19-2041.02,Environmental Restoration Planners,Habitat Restoration Specialist,Y
19-2041.02,Environmental Restoration Planners,Marine Habitat Resources Specialist,Y
19-2041.02,Environmental Restoration Planners,Restoration Ecologist,Y
19-2041.02,Environmental Restoration Planners,Restoration Specialist,N
19-2041.02,Environmental Restoration Planners,Watershed Coordinator,N
19-2041.03,Industrial Ecologists,Ecologist,Y
19-2041.03,Industrial Ecologists,Environmental Consultant,Y
19-2041.03,Industrial Ecologists,Environmental Protection Agency Counselor,Y
19-2041.03,Industrial Ecologists,Research Scientist,Y
19-2041.03,Industrial Ecologists,Researcher,N
19-2042.00,"Geoscientists, Except Hydrologists and Geographers",Engineering Geologist,N
19-2042.00,"Geoscientists, Except Hydrologists and Geographers",Environmental Protection Geologist,N
19-2042.00,"Geoscientists, Except Hydrologists and Geographers",Exploration Geologist,N
19-2042.00,"Geoscientists, Except Hydrologists and Geographers",Geologist,Y
19-2042.00,"Geoscientists, Except Hydrologists and Geographers",Geoscientist,N
19-2042.00,"Geoscientists, Except Hydrologists and Geographers",Mine Geologist,Y
19-2042.00,"Geoscientists, Except Hydrologists and Geographers",Petroleum Geologist,N
19-2042.00,"Geoscientists, Except Hydrologists and Geographers",Project Geologist,Y
19-2042.00,"Geoscientists, Except Hydrologists and Geographers",Project Geophysicist,N
19-2042.00,"Geoscientists, Except Hydrologists and Geographers",Research Geologist,Y
19-2043.00,Hydrologists,Groundwater Consultant,Y
19-2043.00,Hydrologists,Hydrogeologist,Y
19-2043.00,Hydrologists,Research Hydrologic Engineer,N
19-2043.00,Hydrologists,Research Hydrologist,Y
19-2043.00,Hydrologists,Source Water Protection Specialist,Y
19-2099.01,Remote Sensing Scientists and Technologists,Geospatial Intelligence Analyst,Y
19-2099.01,Remote Sensing Scientists and Technologists,Image Scientist,Y
19-2099.01,Remote Sensing Scientists and Technologists,Remote Sensing Analyst,Y
19-2099.01,Remote Sensing Scientists and Technologists,Remote Sensing Scientist,Y
19-2099.01,Remote Sensing Scientists and Technologists,Research Scientist,N
19-2099.01,Remote Sensing Scientists and Technologists,Scientist,N
19-2099.01,Remote Sensing Scientists and Technologists,Sensor Specialist,N
19-3011.00,Economists,Economic Advisor,N
19-3011.00,Economists,Economic Analyst,Y
19-3011.00,Economists,Economic Consultant,Y
19-3011.00,Economists,Economic Development Specialist,N
19-3011.00,Economists,Economist,Y
19-3011.00,Economists,Forensic Economist,Y
19-3011.00,Economists,Project Economist,N
19-3011.00,Economists,Research Economist,N
19-3011.00,Economists,Revenue Research Analyst,N
19-3011.00,Economists,Tax Economist,N
19-3011.01,Environmental Economists,Environmental Economist,Y
19-3011.01,Environmental Economists,Natural Resource Economist,Y
19-3011.01,Environmental Economists,Research Economist,Y
19-3011.01,Environmental Economists,Resource Economist,Y
19-3022.00,Survey Researchers,Data Analyst,N
19-3022.00,Survey Researchers,Market Survey Representative,N
19-3022.00,Survey Researchers,Research Associate,Y
19-3022.00,Survey Researchers,Research Fellow,N
19-3022.00,Survey Researchers,Research Interviewer,N
19-3022.00,Survey Researchers,Research Scientist,Y
19-3022.00,Survey Researchers,Survey Methodologist,Y
19-3022.00,Survey Researchers,Survey Researcher,Y
19-3022.00,Survey Researchers,Survey Statistician,N
19-3022.00,Survey Researchers,Telephone Interviewer,N
19-3032.00,Industrial-Organizational Psychologists,Consulting Psychologist,N
19-3032.00,Industrial-Organizational Psychologists,I-O Practitioner (Industrial-Organizational Practitioner),N
19-3032.00,Industrial-Organizational Psychologists,I-O Psychologist (Industrial-Organizational Psychologist),Y
19-3032.00,Industrial-Organizational Psychologists,Industrial Psychologist,N
19-3032.00,Industrial-Organizational Psychologists,Management Consultant,N
19-3032.00,Industrial-Organizational Psychologists,Organizational Consultant,Y
19-3032.00,Industrial-Organizational Psychologists,Organizational Development Specialist (OD Specialist),N
19-3032.00,Industrial-Organizational Psychologists,Organizational Psychologist,Y
19-3032.00,Industrial-Organizational Psychologists,Personnel Research Psychologist,N
19-3032.00,Industrial-Organizational Psychologists,Research Scientist,Y
19-3033.00,Clinical and Counseling Psychologists,Case Manager,N
19-3033.00,Clinical and Counseling Psychologists,Clinical Psychologist,Y
19-3033.00,Clinical and Counseling Psychologists,Counseling Psychologist,Y
19-3033.00,Clinical and Counseling Psychologists,Counselor,N
19-3033.00,Clinical and Counseling Psychologists,Licensed Clinical Psychologist,N
19-3033.00,Clinical and Counseling Psychologists,Licensed Psychologist,N
19-3033.00,Clinical and Counseling Psychologists,LPC (Licensed Professional Counselor),N
19-3033.00,Clinical and Counseling Psychologists,Psychologist,Y
19-3033.00,Clinical and Counseling Psychologists,Psychotherapist,Y
19-3033.00,Clinical and Counseling Psychologists,Therapist,N
19-3034.00,School Psychologists,Autism Consultant,N
19-3034.00,School Psychologists,Bilingual School Psychologist,Y
19-3034.00,School Psychologists,Challenging Behavior Consultant,N
19-3034.00,School Psychologists,Early Intervention School Psychologist,Y
19-3034.00,School Psychologists,Educational Diagnostician,N
19-3034.00,School Psychologists,School Neuropsychologist,Y
19-3034.00,School Psychologists,School Psychometrist,Y
19-3039.02,Neuropsychologists,Aviation Neuropsychologist,N
19-3039.02,Neuropsychologists,Board Certified Neuropsychologist,Y
19-3039.02,Neuropsychologists,Child and Adolescent Neuropsychologist,N
19-3039.02,Neuropsychologists,Forensic Neuropsychologist,N
19-3039.02,Neuropsychologists,Neuropsychologist,Y
19-3039.02,Neuropsychologists,Neuropsychology Medical Consultant,N
19-3039.02,Neuropsychologists,Pediatric Neuropsychologist,Y
19-3039.02,Neuropsychologists,Staff Psychologist,Y
19-3039.03,Clinical Neuropsychologists,Aviation Neuropsychologist,N
19-3039.03,Clinical Neuropsychologists,Board Certified Clinical Neuropsychologist,N
19-3039.03,Clinical Neuropsychologists,Clinical Neuropsychologist,Y
19-3039.03,Clinical Neuropsychologists,Neuropsychology Medical Consultant,N
19-3039.03,Clinical Neuropsychologists,Pediatric Clinical Neuropsychologist,Y
19-3039.03,Clinical Neuropsychologists,Pediatric Neuropsychologist,Y
19-3039.03,Clinical Neuropsychologists,Staff Psychologist,Y
19-3041.00,Sociologists,Demographer,Y
19-3041.00,Sociologists,Evaluation Specialist,N
19-3041.00,Sociologists,Medical Sociologist,Y
19-3041.00,Sociologists,Policy Analyst,N
19-3041.00,Sociologists,Research Associate,N
19-3041.00,Sociologists,Research Coordinator,N
19-3041.00,Sociologists,Research Scientist,N
19-3041.00,Sociologists,Research Specialist,N
19-3041.00,Sociologists,Social Scientist,Y
19-3041.00,Sociologists,Sociologist,Y
19-3051.00,Urban and Regional Planners,City Planner,N
19-3051.00,Urban and Regional Planners,Community Development Planner,Y
19-3051.00,Urban and Regional Planners,Community Planner,N
19-3051.00,Urban and Regional Planners,Development Technician,N
19-3051.00,Urban and Regional Planners,Housing Development Specialist,N
19-3051.00,Urban and Regional Planners,Neighborhood Planner,N
19-3051.00,Urban and Regional Planners,Planner,Y
19-3051.00,Urban and Regional Planners,Planning Consultant,Y
19-3051.00,Urban and Regional Planners,Planning Technician,Y
19-3051.00,Urban and Regional Planners,Regional Planner,N
19-3091.00,Anthropologists and Archeologists,American Indian Policy Specialist,N
19-3091.00,Anthropologists and Archeologists,Applied Anthropologist,N
19-3091.00,Anthropologists and Archeologists,Applied Cultural Anthropologist,N
19-3091.00,Anthropologists and Archeologists,Archaeologist,Y
19-3091.00,Anthropologists and Archeologists,Communication and Folklore Specialist,Y
19-3091.00,Anthropologists and Archeologists,Forensic Anthropologist,Y
19-3091.00,Anthropologists and Archeologists,Historical Archaeologist,N
19-3091.00,Anthropologists and Archeologists,Research Archaeologist,N
19-3091.00,Anthropologists and Archeologists,Researcher,Y
19-3092.00,Geographers,Earth Observations Scientist,Y
19-3092.00,Geographers,Geographer,Y
19-3092.00,Geographers,GIS Coordinator (Geographic Information Systems Coordinator),Y
19-3092.00,Geographers,GIS Geographer (Geographic Information Systems Geographer),Y
19-3092.00,Geographers,GIS Physical Scientist (Geographic Information Systems Physical Scientist),N
19-3092.00,Geographers,Scientist,N
19-3093.00,Historians,Collections Specialist,Y
19-3093.00,Historians,County Historian,N
19-3093.00,Historians,Historian,Y
19-3093.00,Historians,Historic Architectural Resources Curator,N
19-3093.00,Historians,Historic Interpreter,N
19-3093.00,Historians,Historic Preservation Coordinator,N
19-3093.00,Historians,Historic Sites Registrar,N
19-3093.00,Historians,Historical Interpreter,Y
19-3093.00,Historians,Research Historian,N
19-3093.00,Historians,Researcher,Y
19-3099.01,Transportation Planners,Planner,Y
19-3099.01,Transportation Planners,Program Officer,Y
19-3099.01,Transportation Planners,Transportation Analyst,N
19-3099.01,Transportation Planners,Transportation Data Programs Manager,Y
19-3099.01,Transportation Planners,Transportation Planner,Y
19-4012.00,Agricultural Technicians,Agricultural Research Technician (Agricultural Research Tech),Y
19-4012.00,Agricultural Technicians,Agricultural Research Technologist,N
19-4012.00,Agricultural Technicians,Agricultural Technician (Agricultural Tech),Y
19-4012.00,Agricultural Technicians,Agriculture Assistant,Y
19-4012.00,Agricultural Technicians,Agronomy Research Technician (Agronomy Research Tech),N
19-4012.00,Agricultural Technicians,Field Assistant,N
19-4012.00,Agricultural Technicians,Insect Research Technician (Insect Research Tech),N
19-4012.00,Agricultural Technicians,Lab Tech (Laboratory Technician),N
19-4012.00,Agricultural Technicians,Seed Analyst,Y
19-4012.01,Precision Agriculture Technicians,Agrintelligence Specialist (Agriculture Intelligence Specialist),N
19-4012.01,Precision Agriculture Technicians,Agronomist,Y
19-4012.01,Precision Agriculture Technicians,Agronomy Consultant,N
19-4012.01,Precision Agriculture Technicians,Crop Consultant,N
19-4012.01,Precision Agriculture Technicians,Crop Specialist,Y
19-4012.01,Precision Agriculture Technicians,Precision Agriculture Analyst (Precision Ag Analyst),N
19-4012.01,Precision Agriculture Technicians,Precision Agriculture Specialist (Precision Ag Specialist),Y
19-4012.01,Precision Agriculture Technicians,Precision Agronomist,Y
19-4012.01,Precision Agriculture Technicians,Precision Farming Coordinator,N
19-4012.01,Precision Agriculture Technicians,Precision Technology Agronomist (Precision Tech Agronomist),N
19-4013.00,Food Science Technicians,Central Laboratory Technician (CLT),Y
19-4013.00,Food Science Technicians,Food Science Tech (Food Science Technician),N
19-4013.00,Food Science Technicians,Laboratory Assistant (Lab Assistant),N
19-4013.00,Food Science Technicians,Laboratory Technician (Lab Tech),Y
19-4013.00,Food Science Technicians,QA Lab Tech (Quality Assurance Lab Technician),N
19-4013.00,Food Science Technicians,QC Tech (Quality Assurance Technician),N
19-4013.00,Food Science Technicians,QC Tech (Quality Control Technician),Y
19-4013.00,Food Science Technicians,Quality Analyst,N
19-4013.00,Food Science Technicians,Quality Assurance Analyst (QA Analyst),Y
19-4013.00,Food Science Technicians,Quality Tech (Quality Technician),N
19-4021.00,Biological Technicians,Biological Science Lab Tech (Biological Science Laboratory Technician),Y
19-4021.00,Biological Technicians,Biological Science Technician (Biological Science Tech),Y
19-4021.00,Biological Technicians,Biologist Aide,N
19-4021.00,Biological Technicians,Biologist Technician (Biologist Tech),N
19-4021.00,Biological Technicians,Environmental Technician (Environmental Tech),N
19-4021.00,Biological Technicians,Fisheries Biological Technician (Fisheries Biological Tech),N
19-4021.00,Biological Technicians,Marine Fisheries Technician (Marine Fisheries Tech),N
19-4021.00,Biological Technicians,Microbiology Technician (Microbiology Tech),N
19-4021.00,Biological Technicians,Research Assistant,Y
19-4021.00,Biological Technicians,Research Associate,Y
19-4031.00,Chemical Technicians,Analytical Laboratory Technician (Analytical Lab Technician),N
19-4031.00,Chemical Technicians,Chemical Analyst,N
19-4031.00,Chemical Technicians,Chemical Technician,Y
19-4031.00,Chemical Technicians,Laboratory Analyst (Lab Analyst),Y
19-4031.00,Chemical Technicians,Laboratory Technician (Lab Tech),Y
19-4031.00,Chemical Technicians,Laboratory Tester (Lab Tester),N
19-4031.00,Chemical Technicians,Organic Preparation Analyst (Organic Prep Analyst),N
19-4031.00,Chemical Technicians,Quality Control Laboratory Technician (QC Lab Tech),N
19-4031.00,Chemical Technicians,Quality Control Technician (QC Tech),Y
19-4031.00,Chemical Technicians,Research Technician,N
19-4042.00,"Environmental Science and Protection Technicians, Including Health",Environmental Health Officer (EHO),Y
19-4042.00,"Environmental Science and Protection Technicians, Including Health",Environmental Technician (Environmental Tech),Y
19-4042.00,"Environmental Science and Protection Technicians, Including Health",Industrial Pretreatment Program Specialist (IPP Specialist),N
19-4042.00,"Environmental Science and Protection Technicians, Including Health",Lab Technician (Laboratory Technician),N
19-4042.00,"Environmental Science and Protection Technicians, Including Health",Public Health Sanitarian,N
19-4042.00,"Environmental Science and Protection Technicians, Including Health",Sanitarian,Y
19-4042.00,"Environmental Science and Protection Technicians, Including Health",Sanitarian Specialist,N
19-4042.00,"Environmental Science and Protection Technicians, Including Health",Soil Lab Technician (Soil Laboratory Technician),Y
19-4042.00,"Environmental Science and Protection Technicians, Including Health",Water Quality Analyst,N
19-4042.00,"Environmental Science and Protection Technicians, Including Health",Water Quality Specialist,N
19-4043.00,"Geological Technicians, Except Hydrologic Technicians",Core Inspector,N
19-4043.00,"Geological Technicians, Except Hydrologic Technicians",Environmental Field Services Technician,N
19-4043.00,"Geological Technicians, Except Hydrologic Technicians",Environmental Sampling Technician,N
19-4043.00,"Geological Technicians, Except Hydrologic Technicians",Geological E-Logger,N
19-4043.00,"Geological Technicians, Except Hydrologic Technicians",Geological Technician,Y
19-4043.00,"Geological Technicians, Except Hydrologic Technicians",Geoscience Technician,N
19-4043.00,"Geological Technicians, Except Hydrologic Technicians",Geotechnician,Y
19-4043.00,"Geological Technicians, Except Hydrologic Technicians",Materials Technician,Y
19-4043.00,"Geological Technicians, Except Hydrologic Technicians",Physical Science Technician,Y
19-4043.00,"Geological Technicians, Except Hydrologic Technicians",Soils Technician,N
19-4051.00,Nuclear Technicians,Auxiliary Operator,N
19-4051.00,Nuclear Technicians,Equipment Operator,N
19-4051.00,Nuclear Technicians,Licensed Nuclear Operator,Y
19-4051.00,Nuclear Technicians,Non-Licensed Nuclear Equipment Operator (NLO),N
19-4051.00,Nuclear Technicians,Non-Licensed Nuclear Plant Operator (NLO),N
19-4051.00,Nuclear Technicians,Nuclear Auxiliary Operator,Y
19-4051.00,Nuclear Technicians,Nuclear Equipment Operator (NEO),Y
19-4051.00,Nuclear Technicians,Nuclear Plant Equipment Operator (NAPEO),N
19-4051.00,Nuclear Technicians,Operations Technician,Y
19-4051.00,Nuclear Technicians,Systems Operator,N
19-4051.02,Nuclear Monitoring Technicians,Health Physics Technician (HP Tech),Y
19-4051.02,Nuclear Monitoring Technicians,Nuclear Chemistry Technician,N
19-4051.02,Nuclear Monitoring Technicians,Radiation Control Technician (Radcon Technician),N
19-4051.02,Nuclear Monitoring Technicians,Radiation Protection Specialist (RP Specialist),Y
19-4051.02,Nuclear Monitoring Technicians,Radiation Protection Technician (RPT),Y
19-4051.02,Nuclear Monitoring Technicians,Radiation Technician,N
19-4051.02,Nuclear Monitoring Technicians,Radiochemical Technician,Y
19-4061.00,Social Science Research Assistants,Clinical Research Assistant,N
19-4061.00,Social Science Research Assistants,Graduate Assistant,N
19-4061.00,Social Science Research Assistants,Graduate Research Assistant,Y
19-4061.00,Social Science Research Assistants,Research Aide,N
19-4061.00,Social Science Research Assistants,Research Assistant,Y
19-4061.00,Social Science Research Assistants,Research Associate,Y
19-4061.00,Social Science Research Assistants,Research Technician,N
19-4061.00,Social Science Research Assistants,Social Research Assistant,Y
19-4071.00,Forest and Conservation Technicians,Biological Science Aide,N
19-4071.00,Forest and Conservation Technicians,Forest Technician,Y
19-4071.00,Forest and Conservation Technicians,Forestry Aide,Y
19-4071.00,Forest and Conservation Technicians,Forestry Technician (Forestry Tech),Y
19-4071.00,Forest and Conservation Technicians,Resource Technician,Y
19-4071.00,Forest and Conservation Technicians,Timber Appraiser,N
19-4092.00,Forensic Science Technicians,Crime Lab Analyst (Crime Laboratory Analyst),N
19-4092.00,Forensic Science Technicians,Crime Scene Analyst (CSA),N
19-4092.00,Forensic Science Technicians,Crime Scene Technician (Crime Scene Tech),Y
19-4092.00,Forensic Science Technicians,Criminalist,Y
19-4092.00,Forensic Science Technicians,CSI (Crime Scene Investigator),Y
19-4092.00,Forensic Science Technicians,Evidence Technician (Evidence Tech),N
19-4092.00,Forensic Science Technicians,Forensic Science Examiner,N
19-4092.00,Forensic Science Technicians,Forensic Scientist,Y
19-4092.00,Forensic Science Technicians,Forensic Specialist,N
19-4092.00,Forensic Science Technicians,Latent Print Examiner,N
19-4099.01,Quality Control Analysts,Lab Analyst,N
19-4099.01,Quality Control Analysts,Lab Technician (Lab Tech),Y
19-4099.01,Quality Control Analysts,Laboratory Analyst,N
19-4099.01,Quality Control Analysts,Microbiology Lab Analyst,N
19-4099.01,Quality Control Analysts,QA Auditor (Quality Assurance Auditor),Y
19-4099.01,Quality Control Analysts,QA Lab Tech (Quality Assurance Lab Technician),N
19-4099.01,Quality Control Analysts,QA Tech (Quality Assurance Technician),Y
19-4099.01,Quality Control Analysts,Quality Control Analyst (QC Analyst),N
19-4099.01,Quality Control Analysts,Quality Control Lab Technician (QC Lab Tech),N
19-4099.01,Quality Control Analysts,Quality Control Technician (QC Tech),Y
19-4099.03,Remote Sensing Technicians,Digital Cartographic Technician,Y
19-4099.03,Remote Sensing Technicians,Geospatial Extractor,Y
19-4099.03,Remote Sensing Technicians,Meteorologist Liaison,Y
19-4099.03,Remote Sensing Technicians,Research Associate,Y
19-5011.00,Occupational Health and Safety Specialists,Chemical Hygiene Officer,N
19-5011.00,Occupational Health and Safety Specialists,EHS Officer (Environmental Health and Safety Officer),N
19-5011.00,Occupational Health and Safety Specialists,Health and Safety Analyst,N
19-5011.00,Occupational Health and Safety Specialists,Industrial Hygiene Consultant,Y
19-5011.00,Occupational Health and Safety Specialists,Industrial Hygienist,Y
19-5011.00,Occupational Health and Safety Specialists,Industrial Hygienist Consultant,N
19-5011.00,Occupational Health and Safety Specialists,OHS Consultant (Occupational Health and Safety Consultant),N
19-5011.00,Occupational Health and Safety Specialists,Risk Control Consultant,N
19-5011.00,Occupational Health and Safety Specialists,Safety Consultant,Y
19-5011.00,Occupational Health and Safety Specialists,Safety Specialist,Y
19-5012.00,Occupational Health and Safety Technicians,Advisory Industrial Hygienist,N
19-5012.00,Occupational Health and Safety Technicians,Certified Industrial Hygienist (CIH),Y
19-5012.00,Occupational Health and Safety Technicians,Construction Safety Consultant,Y
19-5012.00,Occupational Health and Safety Technicians,"EHS Advisor (Environmental, Health, and Safety Advisor)",N
19-5012.00,Occupational Health and Safety Technicians,Health and Safety Technician (Health and Safety Tech),N
19-5012.00,Occupational Health and Safety Technicians,Industrial Hygiene Consultant,N
19-5012.00,Occupational Health and Safety Technicians,Industrial Hygienist,Y
19-5012.00,Occupational Health and Safety Technicians,Safety Specialist,Y
19-5012.00,Occupational Health and Safety Technicians,Safety Technician (Safety Tech),N
19-5012.00,Occupational Health and Safety Technicians,Safety Trainer,N
21-1011.00,Substance Abuse and Behavioral Disorder Counselors,Addictions Counselor,Y
21-1011.00,Substance Abuse and Behavioral Disorder Counselors,CADC (Certified Alcohol and Drug Counselor),N
21-1011.00,Substance Abuse and Behavioral Disorder Counselors,Case Manager,N
21-1011.00,Substance Abuse and Behavioral Disorder Counselors,Chemical Dependency Counselor (CD Counselor),Y
21-1011.00,Substance Abuse and Behavioral Disorder Counselors,Chemical Dependency Professional,N
21-1011.00,Substance Abuse and Behavioral Disorder Counselors,Counselor,Y
21-1011.00,Substance Abuse and Behavioral Disorder Counselors,Drug and Alcohol Treatment Specialist (DATS),N
21-1011.00,Substance Abuse and Behavioral Disorder Counselors,LADC (Licensed Alcohol and Drug Counselor),N
21-1011.00,Substance Abuse and Behavioral Disorder Counselors,Residential Substance Abuse Counselor,N
21-1011.00,Substance Abuse and Behavioral Disorder Counselors,SA Counselor (Substance Abuse Counselor),Y
21-1012.00,"Educational, Guidance, and Career Counselors and Advisors",Academic Advisor,Y
21-1012.00,"Educational, Guidance, and Career Counselors and Advisors",Academic Counselor,N
21-1012.00,"Educational, Guidance, and Career Counselors and Advisors",Admissions Counselor,N
21-1012.00,"Educational, Guidance, and Career Counselors and Advisors",Career Counselor,Y
21-1012.00,"Educational, Guidance, and Career Counselors and Advisors",College Counselor,N
21-1012.00,"Educational, Guidance, and Career Counselors and Advisors",Elementary School Counselor,N
21-1012.00,"Educational, Guidance, and Career Counselors and Advisors",Guidance Counselor,Y
21-1012.00,"Educational, Guidance, and Career Counselors and Advisors",School Counselor,Y
21-1012.00,"Educational, Guidance, and Career Counselors and Advisors",Student Services Coordinator,N
21-1012.00,"Educational, Guidance, and Career Counselors and Advisors",Vocational Counselor,N
21-1013.00,Marriage and Family Therapists,Clinical Therapist,N
21-1013.00,Marriage and Family Therapists,Couple and Family Therapist,N
21-1013.00,Marriage and Family Therapists,Family Specialist,N
21-1013.00,Marriage and Family Therapists,Family Therapist,Y
21-1013.00,Marriage and Family Therapists,LCMFT (Licensed Clinical Marriage and Family Therapist),N
21-1013.00,Marriage and Family Therapists,LMFT (Licensed Marriage and Family Therapist),Y
21-1013.00,Marriage and Family Therapists,Marriage and Family Counselor,Y
21-1013.00,Marriage and Family Therapists,Multisystemic Therapist,N
21-1013.00,Marriage and Family Therapists,Play Therapist,N
21-1013.00,Marriage and Family Therapists,Therapist,Y
21-1014.00,Mental Health Counselors,Behavior Analyst,N
21-1014.00,Mental Health Counselors,Behavioral Health Counselor,N
21-1014.00,Mental Health Counselors,Case Manager,N
21-1014.00,Mental Health Counselors,Clinician,Y
21-1014.00,Mental Health Counselors,Counselor,Y
21-1014.00,Mental Health Counselors,Licensed Mental Health Counselor (LMHC),N
21-1014.00,Mental Health Counselors,Licensed Professional Counselor (LPC),N
21-1014.00,Mental Health Counselors,Mental Health Counselor,Y
21-1014.00,Mental Health Counselors,Mental Health Specialist,N
21-1014.00,Mental Health Counselors,Mental Health Therapist,Y
21-1015.00,Rehabilitation Counselors,Classification Counselor,N
21-1015.00,Rehabilitation Counselors,CRC (Certified Rehabilitation Counselor),Y
21-1015.00,Rehabilitation Counselors,Employment Advisor,N
21-1015.00,Rehabilitation Counselors,Job Coach,Y
21-1015.00,Rehabilitation Counselors,Rehabilitation Specialist,N
21-1015.00,Rehabilitation Counselors,Vocational Counselor,N
21-1015.00,Rehabilitation Counselors,Vocational Placement Specialist,Y
21-1015.00,Rehabilitation Counselors,Vocational Services Specialist,N
21-1015.00,Rehabilitation Counselors,VRC (Vocational Rehabilitation Counselor),Y
21-1015.00,Rehabilitation Counselors,Work Counselor,N
21-1021.00,"Child, Family, and School Social Workers",Adoption Social Worker,N
21-1021.00,"Child, Family, and School Social Workers",Case Manager,Y
21-1021.00,"Child, Family, and School Social Workers",Case Worker,N
21-1021.00,"Child, Family, and School Social Workers",Child Protective Services Social Worker (CPS Social Worker),N
21-1021.00,"Child, Family, and School Social Workers",Family Protection Specialist,Y
21-1021.00,"Child, Family, and School Social Workers",Family Resource Coordinator,N
21-1021.00,"Child, Family, and School Social Workers",Family Service Worker,Y
21-1021.00,"Child, Family, and School Social Workers",Foster Care Social Worker,N
21-1021.00,"Child, Family, and School Social Workers",School Social Worker,Y
21-1021.00,"Child, Family, and School Social Workers",Youth Services Specialist,N
21-1022.00,Healthcare Social Workers,Clinical Social Worker,Y
21-1022.00,Healthcare Social Workers,Hospice Social Worker,Y
21-1022.00,Healthcare Social Workers,LMSW (Licensed Master Social Worker),N
21-1022.00,Healthcare Social Workers,Medical Social Worker,Y
21-1022.00,Healthcare Social Workers,Nephrology Social Worker,N
21-1022.00,Healthcare Social Workers,Oncology Social Worker,N
21-1022.00,Healthcare Social Workers,Psychosocial Coordinator,N
21-1022.00,Healthcare Social Workers,Renal Social Worker,N
21-1022.00,Healthcare Social Workers,Social Work Case Manager,N
21-1022.00,Healthcare Social Workers,Social Worker,Y
21-1023.00,Mental Health and Substance Abuse Social Workers,Case Manager,Y
21-1023.00,Mental Health and Substance Abuse Social Workers,Clinical Social Worker,N
21-1023.00,Mental Health and Substance Abuse Social Workers,Clinical Therapist,N
21-1023.00,Mental Health and Substance Abuse Social Workers,Clinician,N
21-1023.00,Mental Health and Substance Abuse Social Workers,Counselor,N
21-1023.00,Mental Health and Substance Abuse Social Workers,Licensed Clinical Social Worker (LCSW),N
21-1023.00,Mental Health and Substance Abuse Social Workers,Mental Health Therapist,Y
21-1023.00,Mental Health and Substance Abuse Social Workers,Social Worker,Y
21-1023.00,Mental Health and Substance Abuse Social Workers,Therapist,Y
21-1091.00,Health Education Specialists,Certified Diabetes Educator,N
21-1091.00,Health Education Specialists,Clinical Instructor,Y
21-1091.00,Health Education Specialists,Community Health Consultant,N
21-1091.00,Health Education Specialists,Education Coordinator,N
21-1091.00,Health Education Specialists,Health Education Coordinator,N
21-1091.00,Health Education Specialists,Health Education Specialist,Y
21-1091.00,Health Education Specialists,Health Educator,Y
21-1091.00,Health Education Specialists,Health Promotion Specialist,N
21-1091.00,Health Education Specialists,Public Health Educator,Y
21-1091.00,Health Education Specialists,Public Information Officer,N
21-1092.00,Probation Officers and Correctional Treatment Specialists,Adult Probation Officer,N
21-1092.00,Probation Officers and Correctional Treatment Specialists,Correctional Counselor,Y
21-1092.00,Probation Officers and Correctional Treatment Specialists,Deputy Probation Officer (DPO),N
21-1092.00,Probation Officers and Correctional Treatment Specialists,Juvenile Probation Officer,Y
21-1092.00,Probation Officers and Correctional Treatment Specialists,Parole Agent,N
21-1092.00,Probation Officers and Correctional Treatment Specialists,Parole Officer (PO),Y
21-1092.00,Probation Officers and Correctional Treatment Specialists,Probation Agent,N
21-1092.00,Probation Officers and Correctional Treatment Specialists,Probation and Parole Officer,N
21-1092.00,Probation Officers and Correctional Treatment Specialists,Probation Counselor,N
21-1092.00,Probation Officers and Correctional Treatment Specialists,Probation Officer,Y
21-1093.00,Social and Human Service Assistants,Addictions Counselor Assistant,N
21-1093.00,Social and Human Service Assistants,Advocate,Y
21-1093.00,Social and Human Service Assistants,Clinical Assistant,Y
21-1093.00,Social and Human Service Assistants,Residential Care Assistant,N
21-1093.00,Social and Human Service Assistants,Social Services Aide,N
21-1093.00,Social and Human Service Assistants,Social Services Assistant,N
21-1093.00,Social and Human Service Assistants,Social Work Assistant,N
21-1093.00,Social and Human Service Assistants,Social Work Associate,Y
21-1093.00,Social and Human Service Assistants,Social Worker Assistant,Y
21-1094.00,Community Health Workers,Communicable Disease Liaison,N
21-1094.00,Community Health Workers,Community Health Coordinator,N
21-1094.00,Community Health Workers,Community Health Outreach Worker,Y
21-1094.00,Community Health Workers,Community Health Program Coordinator,N
21-1094.00,Community Health Workers,Community Health Program Representative (Community Health Program Rep),N
21-1094.00,Community Health Workers,Community Health Promoter,Y
21-1094.00,Community Health Workers,Community HIV Education Specialist (Community Human Immunodeficiency Virus Education Specialist),N
21-1094.00,Community Health Workers,Community Navigator,Y
21-1094.00,Community Health Workers,Community Nutrition Educator,Y
21-1094.00,Community Health Workers,Health Program Specialist,N
21-2011.00,Clergy,Bishop,N
21-2011.00,Clergy,Chaplain,N
21-2011.00,Clergy,Children's Minister,N
21-2011.00,Clergy,Imam,N
21-2011.00,Clergy,Minister,Y
21-2011.00,Clergy,Pastor,Y
21-2011.00,Clergy,Priest,Y
21-2011.00,Clergy,Rabbi,N
21-2011.00,Clergy,Rector,Y
21-2011.00,Clergy,Worship Pastor,N
21-2021.00,"Directors, Religious Activities and Education",Adult Ministries Director,N
21-2021.00,"Directors, Religious Activities and Education",Campus Ministries Director,N
21-2021.00,"Directors, Religious Activities and Education",Children's Ministries Director,Y
21-2021.00,"Directors, Religious Activities and Education",Christian Education Director,Y
21-2021.00,"Directors, Religious Activities and Education",Religious Education Coordinator,N
21-2021.00,"Directors, Religious Activities and Education",Religious Education Director,Y
21-2021.00,"Directors, Religious Activities and Education",Senior Adults Director,N
21-2021.00,"Directors, Religious Activities and Education",Women's Ministries Director,N
21-2021.00,"Directors, Religious Activities and Education",Youth Ministries Director,N
21-2021.00,"Directors, Religious Activities and Education",Youth Pastor,Y
23-1011.00,Lawyers,Attorney,Y
23-1011.00,Lawyers,Attorney at Law,N
23-1011.00,Lawyers,Attorney General,Y
23-1011.00,Lawyers,Counsel,Y
23-1011.00,Lawyers,County Attorney,N
23-1011.00,Lawyers,District Attorney,N
23-1011.00,Lawyers,General Counsel,N
23-1011.00,Lawyers,Lawyer,Y
23-1011.00,Lawyers,Prosecuting Attorney,N
23-1011.00,Lawyers,Prosecutor,N
23-1012.00,Judicial Law Clerks,Appellate Law Clerk,N
23-1012.00,Judicial Law Clerks,Career Judicial Law Clerk,N
23-1012.00,Judicial Law Clerks,Career Law Clerk,N
23-1012.00,Judicial Law Clerks,Judicial Assistant,Y
23-1012.00,Judicial Law Clerks,Judicial Clerk,Y
23-1012.00,Judicial Law Clerks,Judicial Law Clerk,Y
23-1012.00,Judicial Law Clerks,Law Clerk,Y
23-1012.00,Judicial Law Clerks,Law Researcher,N
23-1012.00,Judicial Law Clerks,Pro Se Law Clerk,N
23-1012.00,Judicial Law Clerks,Term Law Clerk,N
23-1021.00,"Administrative Law Judges, Adjudicators, and Hearing Officers",Adjudications Specialist,N
23-1021.00,"Administrative Law Judges, Adjudicators, and Hearing Officers",Adjudicator,N
23-1021.00,"Administrative Law Judges, Adjudicators, and Hearing Officers",Administrative Hearings Officer,Y
23-1021.00,"Administrative Law Judges, Adjudicators, and Hearing Officers",Administrative Judge,Y
23-1021.00,"Administrative Law Judges, Adjudicators, and Hearing Officers",Administrative Law Judge,Y
23-1021.00,"Administrative Law Judges, Adjudicators, and Hearing Officers",Appeals Examiner,N
23-1021.00,"Administrative Law Judges, Adjudicators, and Hearing Officers",Appeals Referee,N
23-1021.00,"Administrative Law Judges, Adjudicators, and Hearing Officers",Claims Adjudicator,N
23-1021.00,"Administrative Law Judges, Adjudicators, and Hearing Officers",Hearings Officer,Y
23-1021.00,"Administrative Law Judges, Adjudicators, and Hearing Officers",Workers' Compensation Hearings Officer,N
23-1022.00,"Arbitrators, Mediators, and Conciliators",Alternative Dispute Resolution Coordinator (ADR Coordinator),Y
23-1022.00,"Arbitrators, Mediators, and Conciliators",Arbiter,N
23-1022.00,"Arbitrators, Mediators, and Conciliators",Arbitrator,Y
23-1022.00,"Arbitrators, Mediators, and Conciliators",Divorce Mediator,N
23-1022.00,"Arbitrators, Mediators, and Conciliators",Family Mediator,N
23-1022.00,"Arbitrators, Mediators, and Conciliators",Federal Mediator,N
23-1022.00,"Arbitrators, Mediators, and Conciliators",Labor Arbitrator,Y
23-1022.00,"Arbitrators, Mediators, and Conciliators",Labor Mediator,N
23-1022.00,"Arbitrators, Mediators, and Conciliators",Mediator,Y
23-1022.00,"Arbitrators, Mediators, and Conciliators",Public Employment Mediator,N
23-1023.00,"Judges, Magistrate Judges, and Magistrates",Circuit Court Judge,N
23-1023.00,"Judges, Magistrate Judges, and Magistrates",Circuit Judge,N
23-1023.00,"Judges, Magistrate Judges, and Magistrates",County Judge,N
23-1023.00,"Judges, Magistrate Judges, and Magistrates",Court of Appeals Judge,N
23-1023.00,"Judges, Magistrate Judges, and Magistrates",District Court Judge,Y
23-1023.00,"Judges, Magistrate Judges, and Magistrates",Judge,Y
23-1023.00,"Judges, Magistrate Judges, and Magistrates",Justice of the Peace,N
23-1023.00,"Judges, Magistrate Judges, and Magistrates",Magisterial District Judge,N
23-1023.00,"Judges, Magistrate Judges, and Magistrates",Magistrate,Y
23-1023.00,"Judges, Magistrate Judges, and Magistrates",Superior Court Judge,Y
23-2011.00,Paralegals and Legal Assistants,Immigration Paralegal,N
23-2011.00,Paralegals and Legal Assistants,Law Associate,N
23-2011.00,Paralegals and Legal Assistants,Legal Analyst,N
23-2011.00,Paralegals and Legal Assistants,Legal Assistant,Y
23-2011.00,Paralegals and Legal Assistants,Legal Clerk,Y
23-2011.00,Paralegals and Legal Assistants,Legal Processing Assistant,N
23-2011.00,Paralegals and Legal Assistants,Litigation Paralegal,N
23-2011.00,Paralegals and Legal Assistants,Paralegal,Y
23-2011.00,Paralegals and Legal Assistants,Paralegal Specialist,Y
23-2011.00,Paralegals and Legal Assistants,Real Estate Paralegal,N
23-2093.00,"Title Examiners, Abstractors, and Searchers",Abstractor,N
23-2093.00,"Title Examiners, Abstractors, and Searchers",Advisory Title Officer,N
23-2093.00,"Title Examiners, Abstractors, and Searchers",Commercial Examiner,N
23-2093.00,"Title Examiners, Abstractors, and Searchers",Commercial Title Examiner,N
23-2093.00,"Title Examiners, Abstractors, and Searchers",Examiner,N
23-2093.00,"Title Examiners, Abstractors, and Searchers",Title Abstractor,Y
23-2093.00,"Title Examiners, Abstractors, and Searchers",Title Agent,N
23-2093.00,"Title Examiners, Abstractors, and Searchers",Title Examiner,Y
23-2093.00,"Title Examiners, Abstractors, and Searchers",Title Officer,Y
23-2093.00,"Title Examiners, Abstractors, and Searchers",Title Searcher,Y
25-1011.00,"Business Teachers, Postsecondary",Accounting Instructor,N
25-1011.00,"Business Teachers, Postsecondary",Accounting Professor,N
25-1011.00,"Business Teachers, Postsecondary",Associate Professor,N
25-1011.00,"Business Teachers, Postsecondary",Business Administration Professor,N
25-1011.00,"Business Teachers, Postsecondary",Business Instructor,Y
25-1011.00,"Business Teachers, Postsecondary",Business Professor,Y
25-1011.00,"Business Teachers, Postsecondary",Instructor,Y
25-1011.00,"Business Teachers, Postsecondary",Management Professor,N
25-1011.00,"Business Teachers, Postsecondary",Marketing Professor,N
25-1011.00,"Business Teachers, Postsecondary",Professor,Y
25-1021.00,"Computer Science Teachers, Postsecondary",Assistant Professor,N
25-1021.00,"Computer Science Teachers, Postsecondary",Associate Professor,N
25-1021.00,"Computer Science Teachers, Postsecondary",Computer Information Systems Instructor (CIS Instructor),Y
25-1021.00,"Computer Science Teachers, Postsecondary",Computer Science Instructor,N
25-1021.00,"Computer Science Teachers, Postsecondary",Computer Science Professor,Y
25-1021.00,"Computer Science Teachers, Postsecondary",Faculty Member,N
25-1021.00,"Computer Science Teachers, Postsecondary",Information Technology Instructor (IT Instructor),N
25-1021.00,"Computer Science Teachers, Postsecondary",Instructor,Y
25-1021.00,"Computer Science Teachers, Postsecondary",Lecturer,N
25-1021.00,"Computer Science Teachers, Postsecondary",Professor,Y
25-1022.00,"Mathematical Science Teachers, Postsecondary",Adjunct Mathematics Instructor,N
25-1022.00,"Mathematical Science Teachers, Postsecondary",Assistant Professor,N
25-1022.00,"Mathematical Science Teachers, Postsecondary",Associate Professor,N
25-1022.00,"Mathematical Science Teachers, Postsecondary",Instructor,Y
25-1022.00,"Mathematical Science Teachers, Postsecondary",Math Teacher,N
25-1022.00,"Mathematical Science Teachers, Postsecondary",Mathematical Sciences Professor,N
25-1022.00,"Mathematical Science Teachers, Postsecondary",Mathematics Instructor (Math Instructor),Y
25-1022.00,"Mathematical Science Teachers, Postsecondary",Mathematics Lecturer,N
25-1022.00,"Mathematical Science Teachers, Postsecondary",Mathematics Professor,Y
25-1022.00,"Mathematical Science Teachers, Postsecondary",Professor,Y
25-1031.00,"Architecture Teachers, Postsecondary",Adjunct Instructor,N
25-1031.00,"Architecture Teachers, Postsecondary",Adjunct Professor,N
25-1031.00,"Architecture Teachers, Postsecondary",Architecture Professor,Y
25-1031.00,"Architecture Teachers, Postsecondary",Assistant Professor,Y
25-1031.00,"Architecture Teachers, Postsecondary",Associate Professor,Y
25-1031.00,"Architecture Teachers, Postsecondary",Faculty Member,N
25-1031.00,"Architecture Teachers, Postsecondary",Instructor,N
25-1031.00,"Architecture Teachers, Postsecondary",Interior Design Professor,N
25-1031.00,"Architecture Teachers, Postsecondary",Lecturer,N
25-1031.00,"Architecture Teachers, Postsecondary",Professor,Y
25-1032.00,"Engineering Teachers, Postsecondary",Assistant Professor,Y
25-1032.00,"Engineering Teachers, Postsecondary",Associate Professor,Y
25-1032.00,"Engineering Teachers, Postsecondary",Chemical Engineering Professor,N
25-1032.00,"Engineering Teachers, Postsecondary",Electrical Engineering Professor,N
25-1032.00,"Engineering Teachers, Postsecondary",Engineering Instructor,N
25-1032.00,"Engineering Teachers, Postsecondary",Engineering Professor,N
25-1032.00,"Engineering Teachers, Postsecondary",Environmental Engineering Professor,N
25-1032.00,"Engineering Teachers, Postsecondary",Instructor,Y
25-1032.00,"Engineering Teachers, Postsecondary",Mechanical Engineering Professor,N
25-1032.00,"Engineering Teachers, Postsecondary",Professor,Y
25-1041.00,"Agricultural Sciences Teachers, Postsecondary",Agriculture Instructor,N
25-1041.00,"Agricultural Sciences Teachers, Postsecondary",Agriculture Professor,Y
25-1041.00,"Agricultural Sciences Teachers, Postsecondary",Agronomy Professor,N
25-1041.00,"Agricultural Sciences Teachers, Postsecondary",Animal Science Professor,N
25-1041.00,"Agricultural Sciences Teachers, Postsecondary",Associate Professor,Y
25-1041.00,"Agricultural Sciences Teachers, Postsecondary",Horticulture Instructor,N
25-1041.00,"Agricultural Sciences Teachers, Postsecondary",Horticulture Professor,N
25-1041.00,"Agricultural Sciences Teachers, Postsecondary",Instructor,Y
25-1041.00,"Agricultural Sciences Teachers, Postsecondary",Plant Science Professor,N
25-1041.00,"Agricultural Sciences Teachers, Postsecondary",Professor,Y
25-1042.00,"Biological Science Teachers, Postsecondary",Anatomy Instructor,N
25-1042.00,"Biological Science Teachers, Postsecondary",Assistant Professor,N
25-1042.00,"Biological Science Teachers, Postsecondary",Associate Professor,Y
25-1042.00,"Biological Science Teachers, Postsecondary",Biological Sciences Professor,N
25-1042.00,"Biological Science Teachers, Postsecondary",Biology Instructor,Y
25-1042.00,"Biological Science Teachers, Postsecondary",Biology Professor,Y
25-1042.00,"Biological Science Teachers, Postsecondary",Instructor,N
25-1042.00,"Biological Science Teachers, Postsecondary",Lecturer,N
25-1042.00,"Biological Science Teachers, Postsecondary",Physiology Instructor,N
25-1042.00,"Biological Science Teachers, Postsecondary",Professor,Y
25-1043.00,"Forestry and Conservation Science Teachers, Postsecondary",Assistant Professor,Y
25-1043.00,"Forestry and Conservation Science Teachers, Postsecondary",Associate Professor,Y
25-1043.00,"Forestry and Conservation Science Teachers, Postsecondary",Conservation Biology Professor,N
25-1043.00,"Forestry and Conservation Science Teachers, Postsecondary",Extension Professor,N
25-1043.00,"Forestry and Conservation Science Teachers, Postsecondary",Forest Technology Professor,N
25-1043.00,"Forestry and Conservation Science Teachers, Postsecondary",Forestry Professor,Y
25-1043.00,"Forestry and Conservation Science Teachers, Postsecondary",Lecturer,N
25-1043.00,"Forestry and Conservation Science Teachers, Postsecondary",Natural Resources Professor,N
25-1043.00,"Forestry and Conservation Science Teachers, Postsecondary",Professor,Y
25-1043.00,"Forestry and Conservation Science Teachers, Postsecondary",Research Professor,N
25-1051.00,"Atmospheric, Earth, Marine, and Space Sciences Teachers, Postsecondary",Assistant Professor,Y
25-1051.00,"Atmospheric, Earth, Marine, and Space Sciences Teachers, Postsecondary",Associate Professor,Y
25-1051.00,"Atmospheric, Earth, Marine, and Space Sciences Teachers, Postsecondary",Astronomy Professor,N
25-1051.00,"Atmospheric, Earth, Marine, and Space Sciences Teachers, Postsecondary",Atmospheric Sciences Professor,N
25-1051.00,"Atmospheric, Earth, Marine, and Space Sciences Teachers, Postsecondary",Geology Professor,Y
25-1051.00,"Atmospheric, Earth, Marine, and Space Sciences Teachers, Postsecondary",Instructor,N
25-1051.00,"Atmospheric, Earth, Marine, and Space Sciences Teachers, Postsecondary",Meteorology Professor,N
25-1051.00,"Atmospheric, Earth, Marine, and Space Sciences Teachers, Postsecondary",Oceanography Professor,N
25-1051.00,"Atmospheric, Earth, Marine, and Space Sciences Teachers, Postsecondary",Professor,Y
25-1051.00,"Atmospheric, Earth, Marine, and Space Sciences Teachers, Postsecondary",Research Professor,N
25-1052.00,"Chemistry Teachers, Postsecondary",Assistant Professor,Y
25-1052.00,"Chemistry Teachers, Postsecondary",Associate Professor,N
25-1052.00,"Chemistry Teachers, Postsecondary",Biochemistry Professor,N
25-1052.00,"Chemistry Teachers, Postsecondary",Chemistry Faculty Member,N
25-1052.00,"Chemistry Teachers, Postsecondary",Chemistry Instructor,Y
25-1052.00,"Chemistry Teachers, Postsecondary",Chemistry Professor,Y
25-1052.00,"Chemistry Teachers, Postsecondary",Instructor,N
25-1052.00,"Chemistry Teachers, Postsecondary",Lecturer,N
25-1052.00,"Chemistry Teachers, Postsecondary",Organic Chemistry Professor,N
25-1052.00,"Chemistry Teachers, Postsecondary",Professor,Y
25-1053.00,"Environmental Science Teachers, Postsecondary",Adjunct Professor,N
25-1053.00,"Environmental Science Teachers, Postsecondary",Assistant Professor,Y
25-1053.00,"Environmental Science Teachers, Postsecondary",Associate Professor,Y
25-1053.00,"Environmental Science Teachers, Postsecondary",Environmental Engineering Professor,N
25-1053.00,"Environmental Science Teachers, Postsecondary",Environmental Sciences Professor,Y
25-1053.00,"Environmental Science Teachers, Postsecondary",Environmental Studies Professor,N
25-1053.00,"Environmental Science Teachers, Postsecondary",Faculty Member,N
25-1053.00,"Environmental Science Teachers, Postsecondary",Instructor,N
25-1053.00,"Environmental Science Teachers, Postsecondary",Lecturer,N
25-1053.00,"Environmental Science Teachers, Postsecondary",Professor,Y
25-1054.00,"Physics Teachers, Postsecondary",Adjunct Professor,N
25-1054.00,"Physics Teachers, Postsecondary",Assistant Professor,N
25-1054.00,"Physics Teachers, Postsecondary",Associate Professor,N
25-1054.00,"Physics Teachers, Postsecondary",Instructor,Y
25-1054.00,"Physics Teachers, Postsecondary",Physical Science Professor,N
25-1054.00,"Physics Teachers, Postsecondary",Physics Instructor,Y
25-1054.00,"Physics Teachers, Postsecondary",Physics Lecturer,N
25-1054.00,"Physics Teachers, Postsecondary",Physics Professor,Y
25-1054.00,"Physics Teachers, Postsecondary",Professor,Y
25-1054.00,"Physics Teachers, Postsecondary",Science Instructor,N
25-1061.00,"Anthropology and Archeology Teachers, Postsecondary",Anthropology Department Chair,N
25-1061.00,"Anthropology and Archeology Teachers, Postsecondary",Anthropology Instructor,N
25-1061.00,"Anthropology and Archeology Teachers, Postsecondary",Anthropology Lecturer,Y
25-1061.00,"Anthropology and Archeology Teachers, Postsecondary",Anthropology Professor,Y
25-1061.00,"Anthropology and Archeology Teachers, Postsecondary",Archaeology Professor,Y
25-1061.00,"Anthropology and Archeology Teachers, Postsecondary",Assistant Professor,N
25-1061.00,"Anthropology and Archeology Teachers, Postsecondary",Cultural Anthropology Professor,N
25-1061.00,"Anthropology and Archeology Teachers, Postsecondary",Instructor,N
25-1061.00,"Anthropology and Archeology Teachers, Postsecondary",Lecturer,N
25-1061.00,"Anthropology and Archeology Teachers, Postsecondary",Professor,Y
25-1062.00,"Area, Ethnic, and Cultural Studies Teachers, Postsecondary",Adjunct Professor,N
25-1062.00,"Area, Ethnic, and Cultural Studies Teachers, Postsecondary",American Studies Professor,N
25-1062.00,"Area, Ethnic, and Cultural Studies Teachers, Postsecondary",Assistant Professor,Y
25-1062.00,"Area, Ethnic, and Cultural Studies Teachers, Postsecondary",Associate Professor,Y
25-1062.00,"Area, Ethnic, and Cultural Studies Teachers, Postsecondary",Black Studies Professor,N
25-1062.00,"Area, Ethnic, and Cultural Studies Teachers, Postsecondary",Ethnic Studies Professor,N
25-1062.00,"Area, Ethnic, and Cultural Studies Teachers, Postsecondary",Humanities Professor,N
25-1062.00,"Area, Ethnic, and Cultural Studies Teachers, Postsecondary",Lecturer,N
25-1062.00,"Area, Ethnic, and Cultural Studies Teachers, Postsecondary",Professor,Y
25-1062.00,"Area, Ethnic, and Cultural Studies Teachers, Postsecondary",Women's Studies Professor,Y
25-1063.00,"Economics Teachers, Postsecondary",Adjunct Professor,N
25-1063.00,"Economics Teachers, Postsecondary",Assistant Professor,N
25-1063.00,"Economics Teachers, Postsecondary",Associate Professor,N
25-1063.00,"Economics Teachers, Postsecondary",Economics Instructor,Y
25-1063.00,"Economics Teachers, Postsecondary",Economics Lecturer,N
25-1063.00,"Economics Teachers, Postsecondary",Economics Professor,Y
25-1063.00,"Economics Teachers, Postsecondary",Finance Professor,N
25-1063.00,"Economics Teachers, Postsecondary",Instructor,Y
25-1063.00,"Economics Teachers, Postsecondary",Lecturer,N
25-1063.00,"Economics Teachers, Postsecondary",Professor,Y
25-1064.00,"Geography Teachers, Postsecondary",Assistant Professor,N
25-1064.00,"Geography Teachers, Postsecondary",Associate Professor,Y
25-1064.00,"Geography Teachers, Postsecondary",Geography Instructor,Y
25-1064.00,"Geography Teachers, Postsecondary",Geography Professor,Y
25-1064.00,"Geography Teachers, Postsecondary",Human Geography Instructor,N
25-1064.00,"Geography Teachers, Postsecondary",Human Geography Professor,N
25-1064.00,"Geography Teachers, Postsecondary",Instructor,N
25-1064.00,"Geography Teachers, Postsecondary",Lecturer,N
25-1064.00,"Geography Teachers, Postsecondary",Physical Geography Professor,N
25-1064.00,"Geography Teachers, Postsecondary",Professor,Y
25-1065.00,"Political Science Teachers, Postsecondary",Adjunct Professor,N
25-1065.00,"Political Science Teachers, Postsecondary",Assistant Professor,N
25-1065.00,"Political Science Teachers, Postsecondary",Associate Professor,Y
25-1065.00,"Political Science Teachers, Postsecondary",Faculty Member,N
25-1065.00,"Political Science Teachers, Postsecondary",Government Professor,N
25-1065.00,"Political Science Teachers, Postsecondary",Instructor,N
25-1065.00,"Political Science Teachers, Postsecondary",Political Science Instructor,Y
25-1065.00,"Political Science Teachers, Postsecondary",Political Science Professor,Y
25-1065.00,"Political Science Teachers, Postsecondary",Professor,Y
25-1065.00,"Political Science Teachers, Postsecondary",Public Administration Professor,N
25-1066.00,"Psychology Teachers, Postsecondary",Adjunct Instructor,N
25-1066.00,"Psychology Teachers, Postsecondary",Assistant Professor,N
25-1066.00,"Psychology Teachers, Postsecondary",Associate Professor,N
25-1066.00,"Psychology Teachers, Postsecondary",Clinical Psychology Professor,N
25-1066.00,"Psychology Teachers, Postsecondary",Faculty Member,N
25-1066.00,"Psychology Teachers, Postsecondary",Instructor,Y
25-1066.00,"Psychology Teachers, Postsecondary",Lecturer,N
25-1066.00,"Psychology Teachers, Postsecondary",Professor,Y
25-1066.00,"Psychology Teachers, Postsecondary",Psychology Instructor,Y
25-1066.00,"Psychology Teachers, Postsecondary",Psychology Professor,Y
25-1067.00,"Sociology Teachers, Postsecondary",Adjunct Instructor,N
25-1067.00,"Sociology Teachers, Postsecondary",Assistant Professor,Y
25-1067.00,"Sociology Teachers, Postsecondary",Associate Professor,N
25-1067.00,"Sociology Teachers, Postsecondary",Faculty Member,N
25-1067.00,"Sociology Teachers, Postsecondary",Instructor,N
25-1067.00,"Sociology Teachers, Postsecondary",Lecturer,N
25-1067.00,"Sociology Teachers, Postsecondary",Professor,Y
25-1067.00,"Sociology Teachers, Postsecondary",Social Science Instructor,N
25-1067.00,"Sociology Teachers, Postsecondary",Sociology Instructor,Y
25-1067.00,"Sociology Teachers, Postsecondary",Sociology Professor,Y
25-1071.00,"Health Specialties Teachers, Postsecondary",Assistant Professor,Y
25-1071.00,"Health Specialties Teachers, Postsecondary",Associate Professor,Y
25-1071.00,"Health Specialties Teachers, Postsecondary",Clinical Professor,Y
25-1071.00,"Health Specialties Teachers, Postsecondary",Instructor,N
25-1071.00,"Health Specialties Teachers, Postsecondary",Lecturer,N
25-1071.00,"Health Specialties Teachers, Postsecondary",Occupational Therapy Professor,N
25-1071.00,"Health Specialties Teachers, Postsecondary",Pharmacology Professor,N
25-1071.00,"Health Specialties Teachers, Postsecondary",Physical Therapy Professor,N
25-1071.00,"Health Specialties Teachers, Postsecondary",Professor,Y
25-1071.00,"Health Specialties Teachers, Postsecondary",Public Health Professor,N
25-1072.00,"Nursing Instructors and Teachers, Postsecondary",Assistant Professor,Y
25-1072.00,"Nursing Instructors and Teachers, Postsecondary",Associate Professor,N
25-1072.00,"Nursing Instructors and Teachers, Postsecondary",Clinical Nursing Instructor,N
25-1072.00,"Nursing Instructors and Teachers, Postsecondary",Faculty Member,N
25-1072.00,"Nursing Instructors and Teachers, Postsecondary",Instructor,N
25-1072.00,"Nursing Instructors and Teachers, Postsecondary",Lecturer,N
25-1072.00,"Nursing Instructors and Teachers, Postsecondary",Nurse Educator,N
25-1072.00,"Nursing Instructors and Teachers, Postsecondary",Nursing Instructor,Y
25-1072.00,"Nursing Instructors and Teachers, Postsecondary",Nursing Professor,Y
25-1072.00,"Nursing Instructors and Teachers, Postsecondary",Professor,Y
25-1081.00,"Education Teachers, Postsecondary",Adjunct Instructor,N
25-1081.00,"Education Teachers, Postsecondary",Assistant Professor,Y
25-1081.00,"Education Teachers, Postsecondary",Associate Professor,Y
25-1081.00,"Education Teachers, Postsecondary",Education Instructor,N
25-1081.00,"Education Teachers, Postsecondary",Education Professor,Y
25-1081.00,"Education Teachers, Postsecondary",Faculty Member,N
25-1081.00,"Education Teachers, Postsecondary",Instructor,N
25-1081.00,"Education Teachers, Postsecondary",Lecturer,N
25-1081.00,"Education Teachers, Postsecondary",Professor,Y
25-1081.00,"Education Teachers, Postsecondary",Special Education Professor,N
25-1082.00,"Library Science Teachers, Postsecondary",Assistant Professor,Y
25-1082.00,"Library Science Teachers, Postsecondary",Associate Professor,Y
25-1082.00,"Library Science Teachers, Postsecondary",Classification Instructor,N
25-1082.00,"Library Science Teachers, Postsecondary",Information Science Professor,N
25-1082.00,"Library Science Teachers, Postsecondary",Instructor,N
25-1082.00,"Library Science Teachers, Postsecondary",Lecturer,N
25-1082.00,"Library Science Teachers, Postsecondary",Library Instructor,N
25-1082.00,"Library Science Teachers, Postsecondary",Library Science Professor,Y
25-1082.00,"Library Science Teachers, Postsecondary",Library Technology Instructor,N
25-1082.00,"Library Science Teachers, Postsecondary",Professor,Y
25-1111.00,"Criminal Justice and Law Enforcement Teachers, Postsecondary",Adjunct Instructor,N
25-1111.00,"Criminal Justice and Law Enforcement Teachers, Postsecondary",Adjunct Professor,N
25-1111.00,"Criminal Justice and Law Enforcement Teachers, Postsecondary",Assistant Professor,Y
25-1111.00,"Criminal Justice and Law Enforcement Teachers, Postsecondary",Associate Professor,Y
25-1111.00,"Criminal Justice and Law Enforcement Teachers, Postsecondary",Criminal Justice Instructor,N
25-1111.00,"Criminal Justice and Law Enforcement Teachers, Postsecondary",Criminal Justice Professor,Y
25-1111.00,"Criminal Justice and Law Enforcement Teachers, Postsecondary",Digital Forensics Instructor,N
25-1111.00,"Criminal Justice and Law Enforcement Teachers, Postsecondary",Instructor,N
25-1111.00,"Criminal Justice and Law Enforcement Teachers, Postsecondary",Justice Professor,N
25-1111.00,"Criminal Justice and Law Enforcement Teachers, Postsecondary",Professor,Y
25-1112.00,"Law Teachers, Postsecondary",Business Law Professor,N
25-1112.00,"Law Teachers, Postsecondary",Clinical Law Professor,Y
25-1112.00,"Law Teachers, Postsecondary",Law Instructor,N
25-1112.00,"Law Teachers, Postsecondary",Law Professor,Y
25-1112.00,"Law Teachers, Postsecondary",Legal Studies Professor,Y
25-1112.00,"Law Teachers, Postsecondary",Legal Writing Professor,Y
25-1112.00,"Law Teachers, Postsecondary",Paralegal Instructor,N
25-1112.00,"Law Teachers, Postsecondary",Paralegal Studies Professor,N
25-1112.00,"Law Teachers, Postsecondary",School Law Professor,N
25-1112.00,"Law Teachers, Postsecondary",Special Education Law Professor,N
25-1113.00,"Social Work Teachers, Postsecondary",Adjunct Professor,N
25-1113.00,"Social Work Teachers, Postsecondary",Assistant Professor,Y
25-1113.00,"Social Work Teachers, Postsecondary",Clinical Professor,N
25-1113.00,"Social Work Teachers, Postsecondary",Faculty Member,N
25-1113.00,"Social Work Teachers, Postsecondary",Field Education Coordinator,N
25-1113.00,"Social Work Teachers, Postsecondary",Professor,Y
25-1113.00,"Social Work Teachers, Postsecondary",Social Work Associate Professor,Y
25-1113.00,"Social Work Teachers, Postsecondary",Social Work Instructor,N
25-1113.00,"Social Work Teachers, Postsecondary",Social Work Lecturer,N
25-1113.00,"Social Work Teachers, Postsecondary",Social Work Professor,Y
25-1121.00,"Art, Drama, and Music Teachers, Postsecondary",Art History Professor,N
25-1121.00,"Art, Drama, and Music Teachers, Postsecondary",Art Instructor,N
25-1121.00,"Art, Drama, and Music Teachers, Postsecondary",Art Professor,Y
25-1121.00,"Art, Drama, and Music Teachers, Postsecondary",Assistant Professor,N
25-1121.00,"Art, Drama, and Music Teachers, Postsecondary",Associate Professor,N
25-1121.00,"Art, Drama, and Music Teachers, Postsecondary",Instructor,N
25-1121.00,"Art, Drama, and Music Teachers, Postsecondary",Music Instructor,N
25-1121.00,"Art, Drama, and Music Teachers, Postsecondary",Music Professor,Y
25-1121.00,"Art, Drama, and Music Teachers, Postsecondary",Professor,Y
25-1121.00,"Art, Drama, and Music Teachers, Postsecondary",Theater Professor,Y
25-1122.00,"Communications Teachers, Postsecondary",Communication Arts Professor,N
25-1122.00,"Communications Teachers, Postsecondary",Communication Instructor,Y
25-1122.00,"Communications Teachers, Postsecondary",Communication Lecturer,N
25-1122.00,"Communications Teachers, Postsecondary",Communication Professor,Y
25-1122.00,"Communications Teachers, Postsecondary",Communication Skills Instructor,N
25-1122.00,"Communications Teachers, Postsecondary",Communication Studies Professor,N
25-1122.00,"Communications Teachers, Postsecondary",Journalism Professor,Y
25-1122.00,"Communications Teachers, Postsecondary",Mass Communications Professor,N
25-1122.00,"Communications Teachers, Postsecondary",Speech Instructor,N
25-1122.00,"Communications Teachers, Postsecondary",Speech Professor,Y
25-1123.00,"English Language and Literature Teachers, Postsecondary",Assistant Professor,N
25-1123.00,"English Language and Literature Teachers, Postsecondary",Associate Professor,N
25-1123.00,"English Language and Literature Teachers, Postsecondary",Creative Writing Professor,N
25-1123.00,"English Language and Literature Teachers, Postsecondary",English Instructor,Y
25-1123.00,"English Language and Literature Teachers, Postsecondary",English Professor,Y
25-1123.00,"English Language and Literature Teachers, Postsecondary",Humanities Professor,N
25-1123.00,"English Language and Literature Teachers, Postsecondary",Instructor,Y
25-1123.00,"English Language and Literature Teachers, Postsecondary",Lecturer,N
25-1123.00,"English Language and Literature Teachers, Postsecondary",Literature Professor,N
25-1123.00,"English Language and Literature Teachers, Postsecondary",Professor,Y
25-1124.00,"Foreign Language and Literature Teachers, Postsecondary",Assistant Professor,N
25-1124.00,"Foreign Language and Literature Teachers, Postsecondary",Associate Professor,N
25-1124.00,"Foreign Language and Literature Teachers, Postsecondary",Foreign Languages Professor,N
25-1124.00,"Foreign Language and Literature Teachers, Postsecondary",French Professor,Y
25-1124.00,"Foreign Language and Literature Teachers, Postsecondary",German Professor,N
25-1124.00,"Foreign Language and Literature Teachers, Postsecondary",Instructor,N
25-1124.00,"Foreign Language and Literature Teachers, Postsecondary",Modern Languages Professor,N
25-1124.00,"Foreign Language and Literature Teachers, Postsecondary",Professor,Y
25-1124.00,"Foreign Language and Literature Teachers, Postsecondary",Spanish Instructor,Y
25-1124.00,"Foreign Language and Literature Teachers, Postsecondary",Spanish Professor,Y
25-1125.00,"History Teachers, Postsecondary",Adjunct History Instructor,N
25-1125.00,"History Teachers, Postsecondary",Adjunct Instructor,N
25-1125.00,"History Teachers, Postsecondary",Assistant Professor,N
25-1125.00,"History Teachers, Postsecondary",Associate Professor,N
25-1125.00,"History Teachers, Postsecondary",History Instructor,Y
25-1125.00,"History Teachers, Postsecondary",History Professor,Y
25-1125.00,"History Teachers, Postsecondary",History Teacher,N
25-1125.00,"History Teachers, Postsecondary",Instructor,Y
25-1125.00,"History Teachers, Postsecondary",Lecturer,N
25-1125.00,"History Teachers, Postsecondary",Professor,Y
25-1126.00,"Philosophy and Religion Teachers, Postsecondary",Assistant Professor,Y
25-1126.00,"Philosophy and Religion Teachers, Postsecondary",Associate Professor,N
25-1126.00,"Philosophy and Religion Teachers, Postsecondary",Humanities Professor,N
25-1126.00,"Philosophy and Religion Teachers, Postsecondary",Instructor,N
25-1126.00,"Philosophy and Religion Teachers, Postsecondary",Philosophy Instructor,N
25-1126.00,"Philosophy and Religion Teachers, Postsecondary",Philosophy Professor,Y
25-1126.00,"Philosophy and Religion Teachers, Postsecondary",Professor,Y
25-1126.00,"Philosophy and Religion Teachers, Postsecondary",Religion Professor,Y
25-1126.00,"Philosophy and Religion Teachers, Postsecondary",Religious Studies Professor,N
25-1126.00,"Philosophy and Religion Teachers, Postsecondary",Theology Professor,N
25-1192.00,"Family and Consumer Sciences Teachers, Postsecondary",Assistant Professor,Y
25-1192.00,"Family and Consumer Sciences Teachers, Postsecondary",Associate Professor,Y
25-1192.00,"Family and Consumer Sciences Teachers, Postsecondary",Child Development Instructor,N
25-1192.00,"Family and Consumer Sciences Teachers, Postsecondary",Dietetics Professor,N
25-1192.00,"Family and Consumer Sciences Teachers, Postsecondary",Family and Consumer Sciences Professor (FCS Professor),N
25-1192.00,"Family and Consumer Sciences Teachers, Postsecondary",Food and Nutrition Professor,N
25-1192.00,"Family and Consumer Sciences Teachers, Postsecondary",Human Development Professor,N
25-1192.00,"Family and Consumer Sciences Teachers, Postsecondary",Instructor,Y
25-1192.00,"Family and Consumer Sciences Teachers, Postsecondary",Lecturer,N
25-1192.00,"Family and Consumer Sciences Teachers, Postsecondary",Professor,Y
25-1193.00,"Recreation and Fitness Studies Teachers, Postsecondary",Adjunct Professor,N
25-1193.00,"Recreation and Fitness Studies Teachers, Postsecondary",Assistant Professor,N
25-1193.00,"Recreation and Fitness Studies Teachers, Postsecondary",Associate Professor,N
25-1193.00,"Recreation and Fitness Studies Teachers, Postsecondary",Health and Human Performance Professor,N
25-1193.00,"Recreation and Fitness Studies Teachers, Postsecondary",Health and Physical Education Professor (HPE Professor),Y
25-1193.00,"Recreation and Fitness Studies Teachers, Postsecondary","Health, Physical Education, and Recreation Professor (HPER Professor)",N
25-1193.00,"Recreation and Fitness Studies Teachers, Postsecondary",Instructor,Y
25-1193.00,"Recreation and Fitness Studies Teachers, Postsecondary",Kinesiology Professor,N
25-1193.00,"Recreation and Fitness Studies Teachers, Postsecondary",Physical Education Professor (PE Professor),Y
25-1193.00,"Recreation and Fitness Studies Teachers, Postsecondary",Professor,Y
25-1194.00,"Career/Technical Education Teachers, Postsecondary",Automotive Instructor,N
25-1194.00,"Career/Technical Education Teachers, Postsecondary",Automotive Technology Instructor,N
25-1194.00,"Career/Technical Education Teachers, Postsecondary",Cosmetology Instructor,Y
25-1194.00,"Career/Technical Education Teachers, Postsecondary",Flight Instructor,N
25-1194.00,"Career/Technical Education Teachers, Postsecondary","HVAC-R Instructor (Heating, Ventilation, Air Conditioning, And Refrigeration Instructor)",Y
25-1194.00,"Career/Technical Education Teachers, Postsecondary",Instructor,Y
25-1194.00,"Career/Technical Education Teachers, Postsecondary",Professor,Y
25-1194.00,"Career/Technical Education Teachers, Postsecondary",Teacher,N
25-1194.00,"Career/Technical Education Teachers, Postsecondary",Welding Instructor,N
25-2011.00,"Preschool Teachers, Except Special Education",Child Development Teacher,N
25-2011.00,"Preschool Teachers, Except Special Education",Early Childhood Teacher,N
25-2011.00,"Preschool Teachers, Except Special Education",Group Teacher,N
25-2011.00,"Preschool Teachers, Except Special Education",Infant Teacher,N
25-2011.00,"Preschool Teachers, Except Special Education",Montessori Preschool Teacher,Y
25-2011.00,"Preschool Teachers, Except Special Education",Nursery Teacher,N
25-2011.00,"Preschool Teachers, Except Special Education",Pre-Kindergarten Teacher (Pre-K Teacher),Y
25-2011.00,"Preschool Teachers, Except Special Education",Teacher,Y
25-2011.00,"Preschool Teachers, Except Special Education",Toddler Teacher,Y
25-2012.00,"Kindergarten Teachers, Except Special Education",Bilingual Kindergarten Teacher,Y
25-2012.00,"Kindergarten Teachers, Except Special Education",Classroom Teacher,Y
25-2012.00,"Kindergarten Teachers, Except Special Education",Educator,N
25-2012.00,"Kindergarten Teachers, Except Special Education",Instructor,N
25-2012.00,"Kindergarten Teachers, Except Special Education",Kinder Teacher,Y
25-2012.00,"Kindergarten Teachers, Except Special Education",Kindergarten Classroom Teacher,N
25-2012.00,"Kindergarten Teachers, Except Special Education",Teacher,Y
25-2012.00,"Kindergarten Teachers, Except Special Education",Title One Kindergarten Teacher,N
25-2012.00,"Kindergarten Teachers, Except Special Education",Transitional Kindergarten Teacher,N
25-2021.00,"Elementary School Teachers, Except Special Education",Art Teacher,N
25-2021.00,"Elementary School Teachers, Except Special Education",Classroom Teacher,Y
25-2021.00,"Elementary School Teachers, Except Special Education",Elementary Classroom Teacher,N
25-2021.00,"Elementary School Teachers, Except Special Education",Elementary School Teacher,Y
25-2021.00,"Elementary School Teachers, Except Special Education",Elementary Teacher,Y
25-2021.00,"Elementary School Teachers, Except Special Education",Math Teacher (Mathematics Teacher),N
25-2021.00,"Elementary School Teachers, Except Special Education",Music Teacher,N
25-2021.00,"Elementary School Teachers, Except Special Education",Primary Teacher,N
25-2021.00,"Elementary School Teachers, Except Special Education",Reading Teacher,N
25-2021.00,"Elementary School Teachers, Except Special Education",Teacher,Y
25-2022.00,"Middle School Teachers, Except Special and Career/Technical Education",Art Teacher,N
25-2022.00,"Middle School Teachers, Except Special and Career/Technical Education",English Teacher,N
25-2022.00,"Middle School Teachers, Except Special and Career/Technical Education",Language Arts Teacher (LA Teacher),Y
25-2022.00,"Middle School Teachers, Except Special and Career/Technical Education",Math Teacher (Mathematics Teacher),Y
25-2022.00,"Middle School Teachers, Except Special and Career/Technical Education",Middle School Teacher,N
25-2022.00,"Middle School Teachers, Except Special and Career/Technical Education",Music Teacher,N
25-2022.00,"Middle School Teachers, Except Special and Career/Technical Education",PE Teacher (Physical Education Teacher),N
25-2022.00,"Middle School Teachers, Except Special and Career/Technical Education",Science Teacher,Y
25-2022.00,"Middle School Teachers, Except Special and Career/Technical Education",Social Studies Teacher,N
25-2022.00,"Middle School Teachers, Except Special and Career/Technical Education",Teacher,Y
25-2023.00,"Career/Technical Education Teachers, Middle School",Agriscience Technology Instructor (Agriculture Science Technology Instructor),N
25-2023.00,"Career/Technical Education Teachers, Middle School",Business Education Teacher,Y
25-2023.00,"Career/Technical Education Teachers, Middle School",Career and Technology Education Teacher (CTE Teacher),N
25-2023.00,"Career/Technical Education Teachers, Middle School",Career Discovery Teacher,N
25-2023.00,"Career/Technical Education Teachers, Middle School",Computer Technology Teacher,N
25-2023.00,"Career/Technical Education Teachers, Middle School",Family and Consumer Sciences Teacher (FACS Teacher),Y
25-2023.00,"Career/Technical Education Teachers, Middle School",Industrial Arts Teacher,N
25-2023.00,"Career/Technical Education Teachers, Middle School",Industrial Technology Teacher,Y
25-2023.00,"Career/Technical Education Teachers, Middle School",Technology Education Teacher (Tech Ed Teacher),Y
25-2023.00,"Career/Technical Education Teachers, Middle School",Vocational Teacher,N
25-2031.00,"Secondary School Teachers, Except Special and Career/Technical Education",Art Teacher,N
25-2031.00,"Secondary School Teachers, Except Special and Career/Technical Education",English Teacher,Y
25-2031.00,"Secondary School Teachers, Except Special and Career/Technical Education",Math Teacher (Mathematics Teacher),Y
25-2031.00,"Secondary School Teachers, Except Special and Career/Technical Education",Music Teacher,N
25-2031.00,"Secondary School Teachers, Except Special and Career/Technical Education",PE Teacher (Physical Education Teacher),N
25-2031.00,"Secondary School Teachers, Except Special and Career/Technical Education",Science Teacher,N
25-2031.00,"Secondary School Teachers, Except Special and Career/Technical Education",Secondary Teacher,N
25-2031.00,"Secondary School Teachers, Except Special and Career/Technical Education",Social Studies Teacher,Y
25-2031.00,"Secondary School Teachers, Except Special and Career/Technical Education",Spanish Teacher,N
25-2031.00,"Secondary School Teachers, Except Special and Career/Technical Education",Teacher,Y
25-2032.00,"Career/Technical Education Teachers, Secondary School",Agricultural Education Teacher,N
25-2032.00,"Career/Technical Education Teachers, Secondary School",Auto Technology Instructor (Automotive Technology Instructor),N
25-2032.00,"Career/Technical Education Teachers, Secondary School",Career and Technical Education Teacher (CTE Teacher),N
25-2032.00,"Career/Technical Education Teachers, Secondary School",Cosmetology Teacher,N
25-2032.00,"Career/Technical Education Teachers, Secondary School",Family and Consumer Sciences Teacher (FACS Teacher),Y
25-2032.00,"Career/Technical Education Teachers, Secondary School",Instructor,Y
25-2032.00,"Career/Technical Education Teachers, Secondary School",Teacher,Y
25-2032.00,"Career/Technical Education Teachers, Secondary School",Technology Education Teacher,Y
25-2032.00,"Career/Technical Education Teachers, Secondary School",Vocational Teacher,N
25-2032.00,"Career/Technical Education Teachers, Secondary School",Welding Instructor,N
25-2051.00,"Special Education Teachers, Preschool",Early Childhood Special Education Teacher (ECSE Teacher),Y
25-2051.00,"Special Education Teachers, Preschool",Early Intervention Teacher,Y
25-2051.00,"Special Education Teachers, Preschool",Exceptional Student Education Teacher (ESE Teacher),N
25-2051.00,"Special Education Teachers, Preschool",Preschool SPED Teacher (Preschool Special Education Teacher),Y
25-2051.00,"Special Education Teachers, Preschool",Profound Mental Handicaps SPED Teacher (Profound Mental Handicaps Special Education Teacher),N
25-2051.00,"Special Education Teachers, Preschool",Severe Mental Handicaps SPED Teacher (Severe Mental Handicaps Special Education Teacher),N
25-2051.00,"Special Education Teachers, Preschool",Special Education Resource Teacher,N
25-2051.00,"Special Education Teachers, Preschool",Special Education Teacher,Y
25-2051.00,"Special Education Teachers, Preschool",Special Needs Teacher,N
25-2051.00,"Special Education Teachers, Preschool",SPED Preschool Teacher (Special Education Preschool Teacher),N
25-2055.00,"Special Education Teachers, Kindergarten",Deaf Teacher,Y
25-2055.00,"Special Education Teachers, Kindergarten",Emotional Disabilities Teacher,N
25-2055.00,"Special Education Teachers, Kindergarten",Hearing Impaired Itinerant Teacher (HI Itinerant Teacher),Y
25-2055.00,"Special Education Teachers, Kindergarten",K-1 SPED Teacher (Kindergarten through First Grade Special Education Teacher),N
25-2055.00,"Special Education Teachers, Kindergarten",Kindergarten SPED Teacher (Kindergarten Special Education Teacher),N
25-2055.00,"Special Education Teachers, Kindergarten",Life Skills Teacher,N
25-2055.00,"Special Education Teachers, Kindergarten",Special Education Inclusion Teacher,N
25-2055.00,"Special Education Teachers, Kindergarten",Special Education Kindergarten Teacher,N
25-2055.00,"Special Education Teachers, Kindergarten",Special Education Resource Teacher,Y
25-2055.00,"Special Education Teachers, Kindergarten",SPED Teacher (Special Education Teacher),Y
25-2056.00,"Special Education Teachers, Elementary School",Deaf and Hard of Hearing Teacher (DHH Teacher),N
25-2056.00,"Special Education Teachers, Elementary School",Emotional Disabilities Teacher,N
25-2056.00,"Special Education Teachers, Elementary School",Hearing Impaired Itinerant Teacher (HI Itinerant Teacher),N
25-2056.00,"Special Education Teachers, Elementary School",Learning Support Teacher,Y
25-2056.00,"Special Education Teachers, Elementary School",Resource Program Teacher,Y
25-2056.00,"Special Education Teachers, Elementary School",Severe Emotional Disorders Elementary Teacher (SED Elementary Teacher),N
25-2056.00,"Special Education Teachers, Elementary School",Special Educator,N
25-2056.00,"Special Education Teachers, Elementary School",SPED Inclusion Teacher (Special Education Inclusion Teacher),N
25-2056.00,"Special Education Teachers, Elementary School",SPED Resource Teacher (Special Education Resource Teacher),Y
25-2056.00,"Special Education Teachers, Elementary School",SPED Teacher (Special Education Teacher),Y
25-2057.00,"Special Education Teachers, Middle School",ED SPED Teacher (Emotional Disabilities Special Education Teacher),N
25-2057.00,"Special Education Teachers, Middle School",Interrelated SPED Teacher (Interrelated Special Education Teacher),N
25-2057.00,"Special Education Teachers, Middle School",Learning Disabilities Teacher (LD Teacher),N
25-2057.00,"Special Education Teachers, Middle School",Learning Support Teacher,Y
25-2057.00,"Special Education Teachers, Middle School",Middle School Resource Teacher,N
25-2057.00,"Special Education Teachers, Middle School",MS SPED Teacher (Middle School Special Education Teacher),Y
25-2057.00,"Special Education Teachers, Middle School",Self-Contained SPED Teacher (Self-Contained Special Education Teacher),N
25-2057.00,"Special Education Teachers, Middle School",SLD Teacher (Specific Learning Disability Teacher),N
25-2057.00,"Special Education Teachers, Middle School",SPED Resource Teacher (Special Education Resource Teacher),Y
25-2057.00,"Special Education Teachers, Middle School",SPED Teacher (Special Education Teacher),Y
25-2058.00,"Special Education Teachers, Secondary School",Education Specialist,N
25-2058.00,"Special Education Teachers, Secondary School",Emotional Disability Special Education Teacher (ED SPED Teacher),N
25-2058.00,"Special Education Teachers, Secondary School",Exceptional Student Education Teacher (ESE Teacher),N
25-2058.00,"Special Education Teachers, Secondary School",Handicapped Teacher,N
25-2058.00,"Special Education Teachers, Secondary School",HS SPED Teacher (High School Special Education Teacher),Y
25-2058.00,"Special Education Teachers, Secondary School",Learning Disabilities Special Education Teacher (LD Special Education Teacher),N
25-2058.00,"Special Education Teachers, Secondary School",Learning Support Teacher,Y
25-2058.00,"Special Education Teachers, Secondary School",Special Day Class Teacher (SDC Teacher),N
25-2058.00,"Special Education Teachers, Secondary School",SPED Resource Teacher (Special Education Resource Teacher),Y
25-2058.00,"Special Education Teachers, Secondary School",SPED Teacher (Special Education Teacher),Y
25-2059.01,Adapted Physical Education Specialists,Adapted Aquatics Instructor,N
25-2059.01,Adapted Physical Education Specialists,Adapted Physical Activity Specialist,N
25-2059.01,Adapted Physical Education Specialists,Adapted Physical Educator,Y
25-2059.01,Adapted Physical Education Specialists,APE Consultant (Adapted Physical Education Consultant),Y
25-2059.01,Adapted Physical Education Specialists,APE Instructional Specialist (Adapted Physical Education Instructional Specialist),N
25-2059.01,Adapted Physical Education Specialists,APE Teacher (Adapted Physical Education Teacher),Y
25-2059.01,Adapted Physical Education Specialists,Certified Adapted Physical Educator,N
25-2059.01,Adapted Physical Education Specialists,DAPE Specialist (Developmental Adapted Physical Education Specialist),N
25-2059.01,Adapted Physical Education Specialists,DAPE Teacher (Developmental Adapted Physical Education Teacher),N
25-2059.01,Adapted Physical Education Specialists,PE Teacher (Physical Education Teacher),Y
25-3011.00,"Adult Basic Education, Adult Secondary Education, and English as a Second Language Instructors",Adult Basic Education Instructor (ABE Instructor),Y
25-3011.00,"Adult Basic Education, Adult Secondary Education, and English as a Second Language Instructors",Adult Basic Education Teacher (ABE Teacher),N
25-3011.00,"Adult Basic Education, Adult Secondary Education, and English as a Second Language Instructors",Adult Education Instructor,N
25-3011.00,"Adult Basic Education, Adult Secondary Education, and English as a Second Language Instructors",Adult Education Teacher,N
25-3011.00,"Adult Basic Education, Adult Secondary Education, and English as a Second Language Instructors",ESL Instructor (English as a Second Language Instructor),Y
25-3011.00,"Adult Basic Education, Adult Secondary Education, and English as a Second Language Instructors",ESL Teacher (English as a Second Language Teacher),N
25-3011.00,"Adult Basic Education, Adult Secondary Education, and English as a Second Language Instructors",ESOL Teacher (English for Speakers of Other Languages Teacher),N
25-3011.00,"Adult Basic Education, Adult Secondary Education, and English as a Second Language Instructors",GED Instructor (General Educational Development Instructor),Y
25-3011.00,"Adult Basic Education, Adult Secondary Education, and English as a Second Language Instructors",GED Teacher (General Educational Development Teacher),N
25-3011.00,"Adult Basic Education, Adult Secondary Education, and English as a Second Language Instructors",Teacher,Y
25-3021.00,Self-Enrichment Teachers,Art Teacher,N
25-3021.00,Self-Enrichment Teachers,Dance Instructor,Y
25-3021.00,Self-Enrichment Teachers,Dance Teacher,N
25-3021.00,Self-Enrichment Teachers,Driving Instructor,N
25-3021.00,Self-Enrichment Teachers,Flight Instructor,N
25-3021.00,Self-Enrichment Teachers,Instructor,Y
25-3021.00,Self-Enrichment Teachers,Martial Arts Instructor,Y
25-3021.00,Self-Enrichment Teachers,Music Instructor,N
25-3021.00,Self-Enrichment Teachers,Piano Teacher,N
25-3021.00,Self-Enrichment Teachers,Teacher,Y
25-3031.00,"Substitute Teachers, Short-Term",Building Sub (Building Substitute),Y
25-3031.00,"Substitute Teachers, Short-Term",Building Sub Teacher (Building Substitute Teacher),N
25-3031.00,"Substitute Teachers, Short-Term",Child Development Sub Teacher (Child Development Substitute Teacher),N
25-3031.00,"Substitute Teachers, Short-Term",ESL Sub (English as a Second Language Substitute),N
25-3031.00,"Substitute Teachers, Short-Term",HS Sub Teacher (High School Substitute Teacher),N
25-3031.00,"Substitute Teachers, Short-Term",Pre-School Sub Teacher (Pre-School Substitute Teacher),N
25-3031.00,"Substitute Teachers, Short-Term",Short-Term Sub Teacher (Short-Term Substitute Teacher),Y
25-3031.00,"Substitute Teachers, Short-Term",Sub (Substitute),Y
25-3031.00,"Substitute Teachers, Short-Term",Sub Teacher (Substitute Teacher),Y
25-3041.00,Tutors,Academic Coach,Y
25-3041.00,Tutors,Academic Guidance Specialist,Y
25-3041.00,Tutors,Accounting Tutor,N
25-3041.00,Tutors,Finance Tutor,N
25-3041.00,Tutors,Grade School Tutor,N
25-3041.00,Tutors,Private Mathematics Tutor,N
25-3041.00,Tutors,Private Tutor,N
25-3041.00,Tutors,Professional Tutor,Y
25-3041.00,Tutors,Tutor,Y
25-4011.00,Archivists,Accessioning Archivist,N
25-4011.00,Archivists,Archivist,Y
25-4011.00,Archivists,Digital Archivist,N
25-4011.00,Archivists,Film Archivist,N
25-4011.00,Archivists,Museum Archivist,N
25-4011.00,Archivists,Records Manager,Y
25-4011.00,Archivists,Reference Archivist,N
25-4011.00,Archivists,Registrar,Y
25-4011.00,Archivists,State Archivist,Y
25-4011.00,Archivists,University Archivist,N
25-4012.00,Curators,Collections Curator,Y
25-4012.00,Curators,Collections Manager,Y
25-4012.00,Curators,Curator,Y
25-4012.00,Curators,Education Curator,N
25-4012.00,Curators,Exhibitions Curator,N
25-4012.00,Curators,Exhibits Curator,N
25-4012.00,Curators,Museum Curator,Y
25-4012.00,Curators,Photography Curator,N
25-4012.00,Curators,Vertebrate Zoology Curator,N
25-4013.00,Museum Technicians and Conservators,Conservation Technician (Conservation Tech),N
25-4013.00,Museum Technicians and Conservators,Conservator,Y
25-4013.00,Museum Technicians and Conservators,Exhibit Technician (Exhibit Tech),N
25-4013.00,Museum Technicians and Conservators,Museum Registrar,N
25-4013.00,Museum Technicians and Conservators,Museum Technician (Museum Tech),N
25-4013.00,Museum Technicians and Conservators,Objects Conservator,Y
25-4013.00,Museum Technicians and Conservators,Paintings Conservator,Y
25-4013.00,Museum Technicians and Conservators,Paper Conservator,N
25-4013.00,Museum Technicians and Conservators,Preparator,Y
25-4013.00,Museum Technicians and Conservators,Textile Conservator,N
25-4022.00,Librarians and Media Collections Specialists,Catalog Librarian,N
25-4022.00,Librarians and Media Collections Specialists,Cataloger,N
25-4022.00,Librarians and Media Collections Specialists,Librarian,Y
25-4022.00,Librarians and Media Collections Specialists,Library Media Specialist,Y
25-4022.00,Librarians and Media Collections Specialists,Reference and Instruction Librarian,N
25-4022.00,Librarians and Media Collections Specialists,Reference Librarian,Y
25-4022.00,Librarians and Media Collections Specialists,Research Librarian,N
25-4022.00,Librarians and Media Collections Specialists,School Librarian,N
25-4022.00,Librarians and Media Collections Specialists,Technical Services Librarian,N
25-4022.00,Librarians and Media Collections Specialists,University Librarian,Y
25-4031.00,Library Technicians,Circulation Clerk,N
25-4031.00,Library Technicians,Library Aide,N
25-4031.00,Library Technicians,Library Assistant,Y
25-4031.00,Library Technicians,Library Associate,Y
25-4031.00,Library Technicians,Library Clerk,N
25-4031.00,Library Technicians,Library Media Technician,N
25-4031.00,Library Technicians,Library Specialist,N
25-4031.00,Library Technicians,Library Technical Assistant (LTA),Y
25-4031.00,Library Technicians,Library Technician,Y
25-4031.00,Library Technicians,Page Technician,N
25-9021.00,Farm and Home Management Educators,4-H Youth Development Educator,N
25-9021.00,Farm and Home Management Educators,4-H Youth Development Specialist,Y
25-9021.00,Farm and Home Management Educators,4-H Youth Educator,N
25-9021.00,Farm and Home Management Educators,Agricultural Extension Educator,N
25-9021.00,Farm and Home Management Educators,Community Educator,N
25-9021.00,Farm and Home Management Educators,Extension Agent,Y
25-9021.00,Farm and Home Management Educators,Extension Educator,Y
25-9021.00,Farm and Home Management Educators,Extension Specialist,N
25-9021.00,Farm and Home Management Educators,Family and Consumer Sciences Extension Agent,Y
25-9021.00,Farm and Home Management Educators,Family Development Extension Specialist,N
25-9031.00,Instructional Coordinators,Curriculum and Instruction Director,Y
25-9031.00,Instructional Coordinators,Curriculum Coordinator,Y
25-9031.00,Instructional Coordinators,Curriculum Director,N
25-9031.00,Instructional Coordinators,Curriculum Specialist,N
25-9031.00,Instructional Coordinators,Education Specialist,N
25-9031.00,Instructional Coordinators,Instructional Designer,Y
25-9031.00,Instructional Coordinators,Instructional Systems Specialist,N
25-9031.00,Instructional Coordinators,Instructional Technologist,Y
25-9031.00,Instructional Coordinators,Learning Development Specialist,N
25-9031.00,Instructional Coordinators,Program Administrator,N
25-9042.00,"Teaching Assistants, Preschool, Elementary, Middle, and Secondary School, Except Special Education",Classroom Aide,N
25-9042.00,"Teaching Assistants, Preschool, Elementary, Middle, and Secondary School, Except Special Education",Educational Assistant,N
25-9042.00,"Teaching Assistants, Preschool, Elementary, Middle, and Secondary School, Except Special Education",Instructional Assistant,Y
25-9042.00,"Teaching Assistants, Preschool, Elementary, Middle, and Secondary School, Except Special Education",Kindergarten Assistant,N
25-9042.00,"Teaching Assistants, Preschool, Elementary, Middle, and Secondary School, Except Special Education",Paraeducator,Y
25-9042.00,"Teaching Assistants, Preschool, Elementary, Middle, and Secondary School, Except Special Education",Paraprofessional,Y
25-9042.00,"Teaching Assistants, Preschool, Elementary, Middle, and Secondary School, Except Special Education",Preschool Aide,N
25-9042.00,"Teaching Assistants, Preschool, Elementary, Middle, and Secondary School, Except Special Education",TA (Teacher Assistant),Y
25-9042.00,"Teaching Assistants, Preschool, Elementary, Middle, and Secondary School, Except Special Education",TA (Teaching Assistant),N
25-9042.00,"Teaching Assistants, Preschool, Elementary, Middle, and Secondary School, Except Special Education",Teacher Aide,N
25-9043.00,"Teaching Assistants, Special Education",Assistant Instructor,N
25-9043.00,"Teaching Assistants, Special Education",Co-Teacher,N
25-9043.00,"Teaching Assistants, Special Education",Educational Assistant,N
25-9043.00,"Teaching Assistants, Special Education",Paraeducator,N
25-9043.00,"Teaching Assistants, Special Education",Paraprofessional (Para),Y
25-9043.00,"Teaching Assistants, Special Education",SPED Aide (Special Education Aide),Y
25-9043.00,"Teaching Assistants, Special Education",SPED Para (Special Education Paraprofessional),Y
25-9043.00,"Teaching Assistants, Special Education",SPED TA (Special Education Teacher Assistant),Y
25-9043.00,"Teaching Assistants, Special Education",TA (Teacher's Assistant),N
25-9043.00,"Teaching Assistants, Special Education",Teacher's Aide,N
25-9044.00,"Teaching Assistants, Postsecondary",Graduate Assistant,Y
25-9044.00,"Teaching Assistants, Postsecondary",Graduate Fellow,N
25-9044.00,"Teaching Assistants, Postsecondary",Graduate Research Assistant,N
25-9044.00,"Teaching Assistants, Postsecondary",Graduate Student,N
25-9044.00,"Teaching Assistants, Postsecondary",Graduate Student Instructor (GSI),N
25-9044.00,"Teaching Assistants, Postsecondary",Graduate Teaching Assistant (GTA),Y
25-9044.00,"Teaching Assistants, Postsecondary",Research Assistant (RA),Y
25-9044.00,"Teaching Assistants, Postsecondary",Teaching Assistant (TA),Y
25-9044.00,"Teaching Assistants, Postsecondary",Teaching Fellow,N
27-1011.00,Art Directors,Art Director,Y
27-1011.00,Art Directors,Art Supervisor,N
27-1011.00,Art Directors,Creative Director (CD Director),Y
27-1011.00,Art Directors,Creative Manager,N
27-1011.00,Art Directors,Creative Services Director,Y
27-1011.00,Art Directors,Creative Services Manager,N
27-1011.00,Art Directors,Design Director,Y
27-1011.00,Art Directors,Graphic Design and Art Production Manager,N
27-1011.00,Art Directors,Group Art Supervisor,N
27-1011.00,Art Directors,Presentation Director,N
27-1012.00,Craft Artists,Artist,Y
27-1012.00,Craft Artists,Ceramic Artist,N
27-1012.00,Craft Artists,Decorative Arts Production Artist,N
27-1012.00,Craft Artists,Fiber Artist,Y
27-1012.00,Craft Artists,Fine Craft Artist,N
27-1012.00,Craft Artists,Glass Artist,Y
27-1012.00,Craft Artists,Goldsmith,N
27-1012.00,Craft Artists,Hand-Weaver,N
27-1012.00,Craft Artists,Tapestry Artist,N
27-1012.00,Craft Artists,Textile Artist,Y
27-1013.00,"Fine Artists, Including Painters, Sculptors, and Illustrators",Artist,Y
27-1013.00,"Fine Artists, Including Painters, Sculptors, and Illustrators",Automotive Artist,N
27-1013.00,"Fine Artists, Including Painters, Sculptors, and Illustrators",Blacksmith,N
27-1013.00,"Fine Artists, Including Painters, Sculptors, and Illustrators",Fine Artist,Y
27-1013.00,"Fine Artists, Including Painters, Sculptors, and Illustrators",Ice Carver,N
27-1013.00,"Fine Artists, Including Painters, Sculptors, and Illustrators",Illustrator,N
27-1013.00,"Fine Artists, Including Painters, Sculptors, and Illustrators",Muralist,N
27-1013.00,"Fine Artists, Including Painters, Sculptors, and Illustrators",Painter,Y
27-1013.00,"Fine Artists, Including Painters, Sculptors, and Illustrators",Portrait Artist,N
27-1013.00,"Fine Artists, Including Painters, Sculptors, and Illustrators",Sculptor,Y
27-1014.00,Special Effects Artists and Animators,3D Animator (Three-Dimensional Animator),N
27-1014.00,Special Effects Artists and Animators,3D Artist (Three-Dimensional Artist),Y
27-1014.00,Special Effects Artists and Animators,Animator,Y
27-1014.00,Special Effects Artists and Animators,Artist,Y
27-1014.00,Special Effects Artists and Animators,Digital Artist,N
27-1014.00,Special Effects Artists and Animators,Graphic Artist,Y
27-1014.00,Special Effects Artists and Animators,Motion Graphics Artist,N
27-1014.00,Special Effects Artists and Animators,Multimedia Producer,N
27-1021.00,Commercial and Industrial Designers,Design Engineer,Y
27-1021.00,Commercial and Industrial Designers,Designer,Y
27-1021.00,Commercial and Industrial Designers,Industrial Designer,Y
27-1021.00,Commercial and Industrial Designers,Mechanical Designer,N
27-1021.00,Commercial and Industrial Designers,Mold Designer,N
27-1021.00,Commercial and Industrial Designers,Product Design Engineer,N
27-1021.00,Commercial and Industrial Designers,Product Designer,Y
27-1021.00,Commercial and Industrial Designers,Product Development Engineer,N
27-1021.00,Commercial and Industrial Designers,Sign Designer,N
27-1022.00,Fashion Designers,Apparel and Accessories Designer,N
27-1022.00,Fashion Designers,Apparel Designer,Y
27-1022.00,Fashion Designers,Costume Designer,Y
27-1022.00,Fashion Designers,Designer,Y
27-1022.00,Fashion Designers,Fashion Design Contractor,N
27-1022.00,Fashion Designers,Fashion Designer,Y
27-1022.00,Fashion Designers,Fashion Graphic Designer,N
27-1022.00,Fashion Designers,Fashion Stylist,N
27-1022.00,Fashion Designers,Handbag Designer,N
27-1022.00,Fashion Designers,Product Developer,N
27-1023.00,Floral Designers,Floral Artist,Y
27-1023.00,Floral Designers,Floral Business Owner,N
27-1023.00,Floral Designers,Floral Clerk,Y
27-1023.00,Floral Designers,Floral Studio Designer,Y
27-1023.00,Floral Designers,Florist,Y
27-1023.00,Floral Designers,Wedding Decorator,N
27-1024.00,Graphic Designers,Artist,Y
27-1024.00,Graphic Designers,Brand Designer,N
27-1024.00,Graphic Designers,Designer,Y
27-1024.00,Graphic Designers,Graphic Artist,Y
27-1024.00,Graphic Designers,Graphic Design Coordinator,N
27-1024.00,Graphic Designers,Graphic Designer,Y
27-1024.00,Graphic Designers,Online Producer,N
27-1024.00,Graphic Designers,Production Artist,N
27-1024.00,Graphic Designers,Publications Designer,N
27-1024.00,Graphic Designers,Technical Illustrator,N
27-1025.00,Interior Designers,Certified Kitchen Designer,N
27-1025.00,Interior Designers,Color and Materials Designer,N
27-1025.00,Interior Designers,Commercial Interior Designer,N
27-1025.00,Interior Designers,Decorating Consultant,N
27-1025.00,Interior Designers,Designer,Y
27-1025.00,Interior Designers,Interior Decorator,N
27-1025.00,Interior Designers,Interior Design Consultant,Y
27-1025.00,Interior Designers,Interior Design Coordinator,Y
27-1025.00,Interior Designers,Interior Designer,Y
27-1025.00,Interior Designers,Registered Interior Designer,N
27-1026.00,Merchandise Displayers and Window Trimmers,Decorator,N
27-1026.00,Merchandise Displayers and Window Trimmers,Display Associate,Y
27-1026.00,Merchandise Displayers and Window Trimmers,Display Decorator,N
27-1026.00,Merchandise Displayers and Window Trimmers,Display Specialist,N
27-1026.00,Merchandise Displayers and Window Trimmers,In-Store Marketing Associate,N
27-1026.00,Merchandise Displayers and Window Trimmers,Merchandiser,Y
27-1026.00,Merchandise Displayers and Window Trimmers,Visual Merchandiser (VM),Y
27-1026.00,Merchandise Displayers and Window Trimmers,Visual Merchandising Specialist,Y
27-1027.00,Set and Exhibit Designers,Designer,N
27-1027.00,Set and Exhibit Designers,Display Coordinator,Y
27-1027.00,Set and Exhibit Designers,Exhibit Coordinator,N
27-1027.00,Set and Exhibit Designers,Exhibit Designer,Y
27-1027.00,Set and Exhibit Designers,Exhibit Preparator,N
27-1027.00,Set and Exhibit Designers,Historical Society Window Dresser,N
27-1027.00,Set and Exhibit Designers,Installations Designer,N
27-1027.00,Set and Exhibit Designers,Projection Designer,N
27-1027.00,Set and Exhibit Designers,Scenic Designer,Y
27-1027.00,Set and Exhibit Designers,Set Designer,Y
27-2011.00,Actors,Actress,Y
27-2011.00,Actors,Comedian,Y
27-2011.00,Actors,Community Theater Actor,Y
27-2011.00,Actors,Entertainer,N
27-2011.00,Actors,Film Actor,N
27-2011.00,Actors,Motion Capture Actor,N
27-2011.00,Actors,Role Player,N
27-2011.00,Actors,Tour Actor,N
27-2011.00,Actors,Voice Actor,Y
27-2011.00,Actors,Voice-Over Artist,N
27-2012.00,Producers and Directors,Artistic Director,Y
27-2012.00,Producers and Directors,Director,Y
27-2012.00,Producers and Directors,Executive Producer,N
27-2012.00,Producers and Directors,Multimedia Producer,N
27-2012.00,Producers and Directors,News Producer,Y
27-2012.00,Producers and Directors,Producer,Y
27-2012.00,Producers and Directors,Production Director,N
27-2012.00,Producers and Directors,Radio Producer,N
27-2012.00,Producers and Directors,Television News Producer (TV News Producer),N
27-2012.00,Producers and Directors,Television Producer (TV Producer),N
27-2012.03,Media Programming Directors,Broadcast Content Manager,N
27-2012.03,Media Programming Directors,News Director,Y
27-2012.03,Media Programming Directors,Newscast Director,N
27-2012.03,Media Programming Directors,Production Director,N
27-2012.03,Media Programming Directors,Program Coordinator,N
27-2012.03,Media Programming Directors,Program Director (PD),Y
27-2012.03,Media Programming Directors,Program Manager,Y
27-2012.03,Media Programming Directors,Programming Director,Y
27-2012.03,Media Programming Directors,Station Manager,N
27-2012.03,Media Programming Directors,TV Program Director (Television Program Director),N
27-2012.04,Talent Directors,Artistic Director,Y
27-2012.04,Talent Directors,Casting Agent,Y
27-2012.04,Talent Directors,Casting Coordinator,Y
27-2012.04,Talent Directors,Casting Director,Y
27-2012.04,Talent Directors,Extras Casting Director,N
27-2012.04,Talent Directors,Model Booker,N
27-2012.04,Talent Directors,Talent Producer,N
27-2012.04,Talent Directors,Talent Scout,N
27-2012.05,Media Technical Directors/Managers,Broadcast Director,N
27-2012.05,Media Technical Directors/Managers,News Technical Director,Y
27-2012.05,Media Technical Directors/Managers,Newscast Director,N
27-2012.05,Media Technical Directors/Managers,Operations Director,N
27-2012.05,Media Technical Directors/Managers,Production Director,Y
27-2012.05,Media Technical Directors/Managers,Production Manager,Y
27-2012.05,Media Technical Directors/Managers,Studio Director,N
27-2012.05,Media Technical Directors/Managers,Technical Director,Y
27-2021.00,Athletes and Sports Competitors,Baseball Pitcher,N
27-2021.00,Athletes and Sports Competitors,Baseball Player,Y
27-2021.00,Athletes and Sports Competitors,Basketball Player,N
27-2021.00,Athletes and Sports Competitors,Golf Professional,Y
27-2021.00,Athletes and Sports Competitors,Hockey Player,Y
27-2021.00,Athletes and Sports Competitors,Major League Baseball Player,N
27-2021.00,Athletes and Sports Competitors,Minor League Baseball Player,N
27-2021.00,Athletes and Sports Competitors,Professional Athlete,N
27-2021.00,Athletes and Sports Competitors,Professional Golf Tournament Player,N
27-2021.00,Athletes and Sports Competitors,Race Car Driver,Y
27-2022.00,Coaches and Scouts,Baseball Coach,N
27-2022.00,Coaches and Scouts,Basketball Coach,Y
27-2022.00,Coaches and Scouts,Coach,Y
27-2022.00,Coaches and Scouts,Cross Country Coach,N
27-2022.00,Coaches and Scouts,Football Coach,Y
27-2022.00,Coaches and Scouts,Gymnastics Coach,N
27-2022.00,Coaches and Scouts,Soccer Coach,N
27-2022.00,Coaches and Scouts,Softball Coach,N
27-2022.00,Coaches and Scouts,Track and Field Coach,Y
27-2022.00,Coaches and Scouts,Volleyball Coach,N
27-2023.00,"Umpires, Referees, and Other Sports Officials",Basketball Referee,N
27-2023.00,"Umpires, Referees, and Other Sports Officials",Diving Judge,N
27-2023.00,"Umpires, Referees, and Other Sports Officials",Dressage Judge,N
27-2023.00,"Umpires, Referees, and Other Sports Officials",Football Referee,N
27-2023.00,"Umpires, Referees, and Other Sports Officials",Horse Show Judge,Y
27-2023.00,"Umpires, Referees, and Other Sports Officials",Major League Baseball Umpire (MLB Umpire),Y
27-2023.00,"Umpires, Referees, and Other Sports Officials",Referee,Y
27-2023.00,"Umpires, Referees, and Other Sports Officials",Soccer Referee,N
27-2023.00,"Umpires, Referees, and Other Sports Officials",Softball Umpire,N
27-2023.00,"Umpires, Referees, and Other Sports Officials",Sports Official,Y
27-2031.00,Dancers,Ballerina,N
27-2031.00,Dancers,Ballet Company Member,N
27-2031.00,Dancers,Ballet Dancer,Y
27-2031.00,Dancers,Ballet Soloist,N
27-2031.00,Dancers,Belly Dancer,N
27-2031.00,Dancers,Company Dancer,Y
27-2031.00,Dancers,Dancer,Y
27-2031.00,Dancers,Latin Dancer,N
27-2031.00,Dancers,Performing Artist,N
27-2031.00,Dancers,Soloist Dancer,Y
27-2032.00,Choreographers,Ballet Director,N
27-2032.00,Choreographers,Choreographer,Y
27-2032.00,Choreographers,Dance Director,Y
27-2032.00,Choreographers,Dance Maker,Y
27-2032.00,Choreographers,Musical Choreographer,N
27-2032.00,Choreographers,Opera Choreographer,Y
27-2041.00,Music Directors and Composers,Arranger,N
27-2041.00,Music Directors and Composers,Choir Director,Y
27-2041.00,Music Directors and Composers,Composer,N
27-2041.00,Music Directors and Composers,Conductor,Y
27-2041.00,Music Directors and Composers,Music Composer,Y
27-2041.00,Music Directors and Composers,Music Director,Y
27-2041.00,Music Directors and Composers,Music Producer,N
27-2041.00,Music Directors and Composers,Orchestra Director,N
27-2041.00,Music Directors and Composers,Songwriter,N
27-2042.00,Musicians and Singers,Chorister,N
27-2042.00,Musicians and Singers,Drummer,N
27-2042.00,Musicians and Singers,Musician,Y
27-2042.00,Musicians and Singers,Opera Singer,N
27-2042.00,Musicians and Singers,Orchestra Musician,Y
27-2042.00,Musicians and Singers,Percussionist,N
27-2042.00,Musicians and Singers,Performer,N
27-2042.00,Musicians and Singers,Singer,Y
27-2042.00,Musicians and Singers,Violinist,Y
27-2042.00,Musicians and Singers,Vocalist,N
27-2091.00,"Disc Jockeys, Except Radio",DJ (Disk Jockey),Y
27-2091.00,"Disc Jockeys, Except Radio",MC (Master of Ceremonies),Y
27-2091.00,"Disc Jockeys, Except Radio",Mobile Disc Jockey (Mobile DJ),Y
27-2091.00,"Disc Jockeys, Except Radio",Wedding Disc Jockey (Wedding DJ),Y
27-3011.00,Broadcast Announcers and Radio Disc Jockeys,Anchor,Y
27-3011.00,Broadcast Announcers and Radio Disc Jockeys,Announcer,Y
27-3011.00,Broadcast Announcers and Radio Disc Jockeys,DJ (Disc Jockey),Y
27-3011.00,Broadcast Announcers and Radio Disc Jockeys,Host,N
27-3011.00,Broadcast Announcers and Radio Disc Jockeys,Morning Show Host,N
27-3011.00,Broadcast Announcers and Radio Disc Jockeys,On-Air Host,N
27-3011.00,Broadcast Announcers and Radio Disc Jockeys,On-Air Personality,Y
27-3011.00,Broadcast Announcers and Radio Disc Jockeys,Radio Announcer,N
27-3011.00,Broadcast Announcers and Radio Disc Jockeys,Sports Anchor,N
27-3011.00,Broadcast Announcers and Radio Disc Jockeys,Television News Anchor (TV News Anchor),N
27-3023.00,"News Analysts, Reporters, and Journalists",Anchor,Y
27-3023.00,"News Analysts, Reporters, and Journalists",Journalist,N
27-3023.00,"News Analysts, Reporters, and Journalists",Multimedia Journalist,N
27-3023.00,"News Analysts, Reporters, and Journalists",News Anchor,Y
27-3023.00,"News Analysts, Reporters, and Journalists",News Reporter,Y
27-3023.00,"News Analysts, Reporters, and Journalists",Reporter,Y
27-3023.00,"News Analysts, Reporters, and Journalists",Staff Writer,N
27-3023.00,"News Analysts, Reporters, and Journalists",TV News Anchor (Television News Anchor),N
27-3023.00,"News Analysts, Reporters, and Journalists",TV News Reporter (Television News Reporter),N
27-3023.00,"News Analysts, Reporters, and Journalists",TV Reporter (Television Reporter),N
27-3031.00,Public Relations Specialists,Communications Specialist,Y
27-3031.00,Public Relations Specialists,Community Relations Coordinator,N
27-3031.00,Public Relations Specialists,Corporate Communications Specialist,N
27-3031.00,Public Relations Specialists,Information and Communications Specialist,N
27-3031.00,Public Relations Specialists,Media Relations Specialist,N
27-3031.00,Public Relations Specialists,Public Affairs Specialist,Y
27-3031.00,Public Relations Specialists,Public Information Officer,Y
27-3031.00,Public Relations Specialists,Public Information Specialist,N
27-3031.00,Public Relations Specialists,Public Relations Coordinator (PR Coordinator),N
27-3031.00,Public Relations Specialists,Public Relations Specialist (PR Specialist),Y
27-3041.00,Editors,Acquisitions Editor,N
27-3041.00,Editors,Assignment Editor,N
27-3041.00,Editors,Business Editor,N
27-3041.00,Editors,Features Editor,Y
27-3041.00,Editors,Legal Editor,N
27-3041.00,Editors,Newspaper Copy Editor,Y
27-3041.00,Editors,Opinions Page Editor,Y
27-3041.00,Editors,Publishing Editor,N
27-3041.00,Editors,Science Editor,N
27-3041.00,Editors,Sports Editor,Y
27-3042.00,Technical Writers,Com Writer,N
27-3042.00,Technical Writers,Engineering Writer,Y
27-3042.00,Technical Writers,Global Technical Writer,N
27-3042.00,Technical Writers,Grant Writer,Y
27-3042.00,Technical Writers,Medical Writer,N
27-3042.00,Technical Writers,Narrative Writer,Y
27-3042.00,Technical Writers,Principal Technical Writer,N
27-3042.00,Technical Writers,Requirements Analyst,Y
27-3042.00,Technical Writers,Technical Report Writer,N
27-3043.00,Writers and Authors,Advertising Copywriter,N
27-3043.00,Writers and Authors,Advertising Writer,N
27-3043.00,Writers and Authors,Author,Y
27-3043.00,Writers and Authors,Content Marketing Writer,N
27-3043.00,Writers and Authors,Copywriter,Y
27-3043.00,Writers and Authors,Freelance Copywriter,N
27-3043.00,Writers and Authors,Freelance Writer,Y
27-3043.00,Writers and Authors,Search Engine Optimization Copywriter (SEO Copywriter),N
27-3043.00,Writers and Authors,Web Content Writer,N
27-3043.00,Writers and Authors,Writer,Y
27-3043.05,"Poets, Lyricists and Creative Writers",Author,Y
27-3043.05,"Poets, Lyricists and Creative Writers",Creative Writer,N
27-3043.05,"Poets, Lyricists and Creative Writers",Fiction Writer,N
27-3043.05,"Poets, Lyricists and Creative Writers",Freelance Writer,Y
27-3043.05,"Poets, Lyricists and Creative Writers",Librettist,N
27-3043.05,"Poets, Lyricists and Creative Writers",Lyricist,N
27-3043.05,"Poets, Lyricists and Creative Writers",Nonfiction Writer,N
27-3043.05,"Poets, Lyricists and Creative Writers",Novelist,Y
27-3043.05,"Poets, Lyricists and Creative Writers",Poet,N
27-3043.05,"Poets, Lyricists and Creative Writers",Songwriter,Y
27-3091.00,Interpreters and Translators,American Sign Language Interpreter (ASL Interpreter),N
27-3091.00,Interpreters and Translators,Court Interpreter,N
27-3091.00,Interpreters and Translators,Educational Interpreter,N
27-3091.00,Interpreters and Translators,Interpreter,Y
27-3091.00,Interpreters and Translators,Linguist,N
27-3091.00,Interpreters and Translators,Medical Interpreter,Y
27-3091.00,Interpreters and Translators,Sign Language Interpreter,Y
27-3091.00,Interpreters and Translators,Spanish Interpreter,N
27-3091.00,Interpreters and Translators,Spanish Translator,N
27-3091.00,Interpreters and Translators,Translator,Y
27-3092.00,Court Reporters and Simultaneous Captioners,Captioner,N
27-3092.00,Court Reporters and Simultaneous Captioners,Certified Shorthand Reporter (CSR),Y
27-3092.00,Court Reporters and Simultaneous Captioners,Court Recorder,N
27-3092.00,Court Reporters and Simultaneous Captioners,Court Reporter,Y
27-3092.00,Court Reporters and Simultaneous Captioners,Court Stenographer,Y
27-3092.00,Court Reporters and Simultaneous Captioners,Deposition Reporter,N
27-3092.00,Court Reporters and Simultaneous Captioners,Digital Court Reporter,N
27-3092.00,Court Reporters and Simultaneous Captioners,Official Court Reporter,Y
27-3092.00,Court Reporters and Simultaneous Captioners,Realtime Court Reporter,N
27-3092.00,Court Reporters and Simultaneous Captioners,Stenographer,N
27-4011.00,Audio and Video Technicians,Audio Technician,N
27-4011.00,Audio and Video Technicians,Audio Visual Specialist (AV Specialist),Y
27-4011.00,Audio and Video Technicians,AV Tech (Audio Visual Technician),Y
27-4011.00,Audio and Video Technicians,Media Technician,Y
27-4011.00,Audio and Video Technicians,Operations Technician,Y
27-4011.00,Audio and Video Technicians,Stagehand,N
27-4011.00,Audio and Video Technicians,Video Technician,N
27-4012.00,Broadcast Technicians,Audio Engineer,N
27-4012.00,Broadcast Technicians,Board Operator,Y
27-4012.00,Broadcast Technicians,Broadcast Engineer,Y
27-4012.00,Broadcast Technicians,Broadcast Maintenance Engineer,Y
27-4012.00,Broadcast Technicians,Broadcast Operations Engineer,N
27-4012.00,Broadcast Technicians,Broadcast Operations Technician (Broadcast Ops Tech),N
27-4012.00,Broadcast Technicians,Broadcast Systems Support Engineer,N
27-4012.00,Broadcast Technicians,Control Operator,Y
27-4012.00,Broadcast Technicians,Production Engineer,N
27-4012.00,Broadcast Technicians,Radio Technician (Radio Tech),N
27-4014.00,Sound Engineering Technicians,Audio Engineer,Y
27-4014.00,Sound Engineering Technicians,Audio Operator,N
27-4014.00,Sound Engineering Technicians,Mastering Engineer,N
27-4014.00,Sound Engineering Technicians,Mixing Engineer,Y
27-4014.00,Sound Engineering Technicians,Mixing Technician (Mixing Tech),N
27-4014.00,Sound Engineering Technicians,Music Producer,N
27-4014.00,Sound Engineering Technicians,Recording Engineer,Y
27-4014.00,Sound Engineering Technicians,Sound Editor,N
27-4014.00,Sound Engineering Technicians,Sound Engineer,Y
27-4014.00,Sound Engineering Technicians,Sound Technician (Sound Tech),N
27-4021.00,Photographers,Advertising Photographer,N
27-4021.00,Photographers,Commercial Photographer,Y
27-4021.00,Photographers,Graduation Photographer,N
27-4021.00,Photographers,Newspaper Photographer,N
27-4021.00,Photographers,Photo Editor,N
27-4021.00,Photographers,Photographer,Y
27-4021.00,Photographers,Photojournalist,Y
27-4021.00,Photographers,Portrait Photographer,Y
27-4021.00,Photographers,Sports Photographer,N
27-4021.00,Photographers,Studio Photographer,N
27-4031.00,"Camera Operators, Television, Video, and Film",Camera Operator,Y
27-4031.00,"Camera Operators, Television, Video, and Film",Cameraman,Y
27-4031.00,"Camera Operators, Television, Video, and Film",Master Control Operator (MCO),N
27-4031.00,"Camera Operators, Television, Video, and Film",News Videographer,N
27-4031.00,"Camera Operators, Television, Video, and Film",Production Technician,N
27-4031.00,"Camera Operators, Television, Video, and Film",Studio Camera Operator,N
27-4031.00,"Camera Operators, Television, Video, and Film",Television News Photographer,Y
27-4031.00,"Camera Operators, Television, Video, and Film",Videographer,Y
27-4032.00,Film and Video Editors,Editor,Y
27-4032.00,Film and Video Editors,Film Editor,Y
27-4032.00,Film and Video Editors,News Editor,Y
27-4032.00,Film and Video Editors,News Video Editor,N
27-4032.00,Film and Video Editors,News Videotape Editor,N
27-4032.00,Film and Video Editors,Non-Linear Editor,N
27-4032.00,Film and Video Editors,Online Editor,N
27-4032.00,Film and Video Editors,Tape Editor,N
27-4032.00,Film and Video Editors,Television News Video Editor,N
27-4032.00,Film and Video Editors,Video Editor,Y
29-1011.00,Chiropractors,Chiropractic Doctor (DC),Y
29-1011.00,Chiropractors,Chiropractic Neurologist,Y
29-1011.00,Chiropractors,Chiropractic Physician,Y
29-1021.00,"Dentists, General",DDS (Dental Surgery Doctor),Y
29-1021.00,"Dentists, General",Dentist,Y
29-1021.00,"Dentists, General",DMD (Dental Medicine Doctor),N
29-1021.00,"Dentists, General",Endodontist,N
29-1021.00,"Dentists, General",Family Dentist,Y
29-1021.00,"Dentists, General",General Dentist,Y
29-1021.00,"Dentists, General",Pediatric Dentist,N
29-1021.00,"Dentists, General",Pedodontist,N
29-1021.00,"Dentists, General",Periodontist,N
29-1022.00,Oral and Maxillofacial Surgeons,DDS (Dental Surgery Doctor),Y
29-1022.00,Oral and Maxillofacial Surgeons,Maxillofacial Surgeon,Y
29-1022.00,Oral and Maxillofacial Surgeons,Oral and Maxillofacial Surgery Resident,N
29-1022.00,Oral and Maxillofacial Surgeons,Oral Surgeon,Y
29-1022.00,Oral and Maxillofacial Surgeons,Surgeon,Y
29-1023.00,Orthodontists,Board Certified Orthodontist,N
29-1023.00,Orthodontists,Orthodontic Dentist,Y
29-1023.00,Orthodontists,Orthodontic Specialist,Y
29-1023.00,Orthodontists,Orthodontics and Dentofacial Orthopedics Specialist,N
29-1023.00,Orthodontists,Orthodontics Doctor,Y
29-1023.00,Orthodontists,Orthodontist,Y
29-1024.00,Prosthodontists,DDS (Doctor of Dental Surgery),Y
29-1024.00,Prosthodontists,Dental Science Dr (Dental Science Doctor),N
29-1024.00,Prosthodontists,Denturist,Y
29-1024.00,Prosthodontists,Maxillofacial Prosthodontist,Y
29-1024.00,Prosthodontists,Prosthetic Dentist,N
29-1024.00,Prosthodontists,Prosthodontist,Y
29-1024.00,Prosthodontists,Reconstructive Dentist,N
29-1024.00,Prosthodontists,Removable Prosthodontist,N
29-1024.00,Prosthodontists,Restorative Dentist,N
29-1031.00,Dietitians and Nutritionists,Clinical Dietician,N
29-1031.00,Dietitians and Nutritionists,Clinical Dietitian,Y
29-1031.00,Dietitians and Nutritionists,Clinical Nutritionist,N
29-1031.00,Dietitians and Nutritionists,Dietitian,Y
29-1031.00,Dietitians and Nutritionists,Nutritionist,Y
29-1031.00,Dietitians and Nutritionists,Oncology Dietitian,N
29-1031.00,Dietitians and Nutritionists,Outpatient Dietitian,N
29-1031.00,Dietitians and Nutritionists,Registered Dietician,N
29-1031.00,Dietitians and Nutritionists,Registered Dietitian,Y
29-1031.00,Dietitians and Nutritionists,Renal Dietitian,N
29-1041.00,Optometrists,Optometrist,Y
29-1041.00,Optometrists,Optometry Doctor (OD),Y
29-1041.00,Optometrists,Therapeutic Optometrist,Y
29-1051.00,Pharmacists,Clinical Pharmacist,Y
29-1051.00,Pharmacists,Clinical Pharmacy Specialist (CPS),Y
29-1051.00,Pharmacists,Community Pharmacist,N
29-1051.00,Pharmacists,Hospital Pharmacist,Y
29-1051.00,Pharmacists,Inpatient Pharmacist,N
29-1051.00,Pharmacists,Pharm D (Pharmacy Doctor),N
29-1051.00,Pharmacists,Pharmacy Informaticist,N
29-1051.00,Pharmacists,Pharmacy Services Clinical Coordinator,N
29-1051.00,Pharmacists,Registered Pharmacist,Y
29-1051.00,Pharmacists,Retail Pharmacist,N
29-1071.00,Physician Assistants,Cardiology Physician Assistant,N
29-1071.00,Physician Assistants,Certified Physician Assistant (PA-C),Y
29-1071.00,Physician Assistants,Emergency Medicine Physician Assistant (Emergency Medicine PA),N
29-1071.00,Physician Assistants,Family Practice Physician Assistant,Y
29-1071.00,Physician Assistants,Orthopaedic Physician Assistant,N
29-1071.00,Physician Assistants,Orthopedic Physician Assistant,N
29-1071.00,Physician Assistants,Physician Assistant (PA),Y
29-1071.00,Physician Assistants,Physician's Assistant,Y
29-1071.00,Physician Assistants,Surgical Critical Care Physician Assistant (Surgical Critical Care PA),N
29-1071.00,Physician Assistants,Surgical Physician Assistant (Surgical PA),N
29-1071.01,Anesthesiologist Assistants,Anesthesia Assistant,Y
29-1071.01,Anesthesiologist Assistants,Anesthesia Orderly,N
29-1071.01,Anesthesiologist Assistants,Anesthesia Technician (Anesthesia Tech),Y
29-1071.01,Anesthesiologist Assistants,Anesthesiology Assistant,N
29-1071.01,Anesthesiologist Assistants,Anesthesiology Technician (Anesthesiology Tech),N
29-1071.01,Anesthesiologist Assistants,CAA (Certified Anesthesiologist Assistant),Y
29-1071.01,Anesthesiologist Assistants,CAA (Certified Anesthesiology Assistant),Y
29-1071.01,Anesthesiologist Assistants,Cardiothoracic Anesthesia Technician (Cardiothoracic Anesthesia Tech),N
29-1071.01,Anesthesiologist Assistants,Cer.AT (Certified Anesthesia Technician),N
29-1071.01,Anesthesiologist Assistants,Cer.ATT (Certified Anesthesia Technologist),N
29-1081.00,Podiatrists,Attending Physician,N
29-1081.00,Podiatrists,Doctor of Podiatric Medicine (DPM),Y
29-1081.00,Podiatrists,Doctor of Podiatric Medicine and Surgery (DPM and Surgery),N
29-1081.00,Podiatrists,Doctor Podiatric Medicine (DPM),Y
29-1081.00,Podiatrists,Foot and Ankle Surgeon,N
29-1081.00,Podiatrists,Physician,N
29-1081.00,Podiatrists,Podiatric Physician,N
29-1081.00,Podiatrists,Podiatric Surgeon,Y
29-1081.00,Podiatrists,Podiatrist,Y
29-1122.00,Occupational Therapists,Assistive Technology Trainer,N
29-1122.00,Occupational Therapists,Certified Hand Therapist (CHT),Y
29-1122.00,Occupational Therapists,Early Intervention Occupational Therapist,N
29-1122.00,Occupational Therapists,Home Health Occupational Therapist,N
29-1122.00,Occupational Therapists,Industrial Rehabilitation Consultant,N
29-1122.00,Occupational Therapists,Occupational Therapist (OT),Y
29-1122.00,Occupational Therapists,Pediatric Occupational Therapist (Pediatric OT),Y
29-1122.00,Occupational Therapists,Pediatrics and Acute Care Occupational Therapist,N
29-1122.00,Occupational Therapists,Registered Occupational Therapist (OTR),Y
29-1122.01,"Low Vision Therapists, Orientation and Mobility Specialists, and Vision Rehabilitation Therapists",Certified Low Vision Therapist (CLVT),N
29-1122.01,"Low Vision Therapists, Orientation and Mobility Specialists, and Vision Rehabilitation Therapists",Certified Orientation and Mobility Specialist (COMS),Y
29-1122.01,"Low Vision Therapists, Orientation and Mobility Specialists, and Vision Rehabilitation Therapists",Mobility Specialist,N
29-1122.01,"Low Vision Therapists, Orientation and Mobility Specialists, and Vision Rehabilitation Therapists",Orientation and Mobility Instructor (O and M Instructor),N
29-1122.01,"Low Vision Therapists, Orientation and Mobility Specialists, and Vision Rehabilitation Therapists",Orientation and Mobility Specialist (O and M Specialist),Y
29-1122.01,"Low Vision Therapists, Orientation and Mobility Specialists, and Vision Rehabilitation Therapists",Rehabilitation Teacher,N
29-1122.01,"Low Vision Therapists, Orientation and Mobility Specialists, and Vision Rehabilitation Therapists",Rehabilitation Therapist,N
29-1122.01,"Low Vision Therapists, Orientation and Mobility Specialists, and Vision Rehabilitation Therapists",Students with Visual Impairments Teacher (TVI),N
29-1122.01,"Low Vision Therapists, Orientation and Mobility Specialists, and Vision Rehabilitation Therapists",Vision Rehabilitation Therapist (VRT),Y
29-1122.01,"Low Vision Therapists, Orientation and Mobility Specialists, and Vision Rehabilitation Therapists",Visually Impaired Teacher (TVI),Y
29-1123.00,Physical Therapists,Acute Care PT (Acute Care Physical Therapist),N
29-1123.00,Physical Therapists,Doctor of Physical Therapy (DPT),Y
29-1123.00,Physical Therapists,Home Care Physical Therapist (Home Care PT),Y
29-1123.00,Physical Therapists,Inpatient Physical Therapist (Inpatient PT),Y
29-1123.00,Physical Therapists,Outpatient Physical Therapist (Outpatient PT),N
29-1123.00,Physical Therapists,Pediatric Physical Therapist (Pediatric PT),Y
29-1123.00,Physical Therapists,Registered Physical Therapist (RPT),N
29-1123.00,Physical Therapists,Therapist,N
29-1124.00,Radiation Therapists,Computed Tomography Simulation Therapist (CT Simulation Therapist),N
29-1124.00,Radiation Therapists,Dosimetrist,Y
29-1124.00,Radiation Therapists,Radiation Therapist (RT),Y
29-1124.00,Radiation Therapists,Radiation Therapy Technologist (RTT),N
29-1124.00,Radiation Therapists,Registered Radiation Therapist,Y
29-1124.00,Radiation Therapists,Staff Radiation Therapist,Y
29-1125.00,Recreational Therapists,Activities Coordinator,N
29-1125.00,Recreational Therapists,Certified Therapeutic Recreation Specialist (CTRS),Y
29-1125.00,Recreational Therapists,General Activities Therapist,N
29-1125.00,Recreational Therapists,Recreation Therapist,Y
29-1125.00,Recreational Therapists,Recreational Therapist,Y
29-1125.00,Recreational Therapists,Recreational Therapy Program Coordinator,N
29-1125.00,Recreational Therapists,Rehabilitation Therapist,Y
29-1125.00,Recreational Therapists,Therapeutic Recreation Specialist,N
29-1125.00,Recreational Therapists,Therapeutic Specialist,N
29-1125.00,Recreational Therapists,Therapist,N
29-1126.00,Respiratory Therapists,CRRT (Cardiopulmonary Rehabilitation Respiratory Therapist),N
29-1126.00,Respiratory Therapists,CRT (Certified Respiratory Therapist),Y
29-1126.00,Respiratory Therapists,Diagnostics RRT (Diagnostics Registered Respiratory Therapist),Y
29-1126.00,Respiratory Therapists,Infant RT (Infant Respiratory Therapist),N
29-1126.00,Respiratory Therapists,Licensed CRT (Licensed Certified Respiratory Therapist),Y
29-1126.00,Respiratory Therapists,Licensed RT (Licensed Respiratory Therapist),N
29-1126.00,Respiratory Therapists,Registered Respiratory Care Practitioner (Registered RCP),N
29-1126.00,Respiratory Therapists,Registered Respiratory Practitioner,N
29-1126.00,Respiratory Therapists,Respiratory Care Practitioner (RCP),Y
29-1126.00,Respiratory Therapists,RRT (Registered Respiratory Therapist),N
29-1127.00,Speech-Language Pathologists,Bilingual Speech-Language Pathologist (Bilingual SLP),Y
29-1127.00,Speech-Language Pathologists,Pediatric Speech-Language Pathologist (Pediatric SLP),N
29-1127.00,Speech-Language Pathologists,Speech and Language Clinician,N
29-1127.00,Speech-Language Pathologists,Speech and Language Specialist,Y
29-1127.00,Speech-Language Pathologists,Speech and Language Teacher,N
29-1127.00,Speech-Language Pathologists,Speech and Language Therapist,N
29-1127.00,Speech-Language Pathologists,Speech Clinician,N
29-1127.00,Speech-Language Pathologists,Speech Pathologist,Y
29-1127.00,Speech-Language Pathologists,Speech Therapist,N
29-1127.00,Speech-Language Pathologists,Speech-Language Pathologist (SLP),Y
29-1128.00,Exercise Physiologists,Bariatric Weight Loss Counselor,Y
29-1128.00,Exercise Physiologists,Cardiopulmonary Rehabilitation Practitioner,N
29-1128.00,Exercise Physiologists,Cardiopulmonary Rehabilitation Therapist,Y
29-1128.00,Exercise Physiologists,Certified Exercise Physiologist (Certified EP),N
29-1128.00,Exercise Physiologists,Clinical Cardiac Exercise Physiologist,Y
29-1128.00,Exercise Physiologists,Clinical Exercise Physiologist,Y
29-1128.00,Exercise Physiologists,Clinical Exercise Specialist,N
29-1128.00,Exercise Physiologists,Exercise Scientist,N
29-1128.00,Exercise Physiologists,Exercise Specialist,N
29-1128.00,Exercise Physiologists,Lifestyle and Weight Management Consultant,N
29-1129.01,Art Therapists,Activity Therapy Specialist,N
29-1129.01,Art Therapists,Art Psychotherapist,Y
29-1129.01,Art Therapists,ATR (Registered Art Therapist),Y
29-1129.01,Art Therapists,ATR-BC (Board Certified Art Therapist),Y
29-1129.01,Art Therapists,Clinical Art Therapist,N
29-1129.01,Art Therapists,Creative Arts Therapist,N
29-1129.01,Art Therapists,Expressive Arts Therapist,N
29-1129.01,Art Therapists,Oncology Art Therapist,N
29-1129.01,Art Therapists,Therapist,Y
29-1129.02,Music Therapists,Board Certified Music Therapist (MT-BC),Y
29-1129.02,Music Therapists,LCAT (Licensed Creative Arts Therapist),Y
29-1129.02,Music Therapists,Music Therapist,Y
29-1129.02,Music Therapists,Neurologic Music Therapist,Y
29-1129.02,Music Therapists,Public School System Music Therapist,N
29-1129.02,Music Therapists,Therapist,N
29-1131.00,Veterinarians,Companion Animal Practitioner,N
29-1131.00,Veterinarians,Doctor of Veterinary Medicine (DVM),Y
29-1131.00,Veterinarians,Emergency Veterinarian (Emergency Vet),Y
29-1131.00,Veterinarians,Large Animal Veterinarian (Large Animal Vet),N
29-1131.00,Veterinarians,Mixed Animal Veterinarian (Mixed Animal Vet),N
29-1131.00,Veterinarians,Small Animal Veterinarian (Small Animal Vet),Y
29-1131.00,Veterinarians,Veterinary Medicine Doctor (DVM),Y
29-1131.00,Veterinarians,Veterinary Surgeon (Vet Surgeon),N
29-1131.00,Veterinarians,Veterinary Surgical Specialist (Vet Surgical Specialist),N
29-1131.00,Veterinarians,Zoo Veterinarian (Zoo Vet),N
29-1141.00,Registered Nurses,Certified Operating Room Nurse (CNOR),N
29-1141.00,Registered Nurses,Charge Nurse,Y
29-1141.00,Registered Nurses,Emergency Department RN (Emergency Department Registered Nurse),Y
29-1141.00,Registered Nurses,Oncology RN (Oncology Registered Nurse),N
29-1141.00,Registered Nurses,Operating Room Registered Nurse (OR RN),Y
29-1141.00,Registered Nurses,Psychiatric RN (Psychiatric Registered Nurse),N
29-1141.00,Registered Nurses,Relief Charge Nurse,N
29-1141.00,Registered Nurses,School Nurse,N
29-1141.00,Registered Nurses,Staff Nurse,Y
29-1141.00,Registered Nurses,Staff RN (Staff Registered Nurse),N
29-1141.01,Acute Care Nurses,Acute Care Nurse,N
29-1141.01,Acute Care Nurses,Cardiac Interventional Care Nurse,N
29-1141.01,Acute Care Nurses,Cardiovascular ICU Nurse (Cardiovascular Intense Care Unit Nurse),Y
29-1141.01,Acute Care Nurses,Cardiovascular Surgery Acute Care Nurse Practitioner (Cardiovascular Surgery ACNP),Y
29-1141.01,Acute Care Nurses,Charge Nurse,Y
29-1141.01,Acute Care Nurses,DSU Nurse (Day Surgery Unit Nurse),N
29-1141.01,Acute Care Nurses,MSN (Medical Surgical Nurse),N
29-1141.01,Acute Care Nurses,PCU RN (Progressive Care Unit Registered Nurse),N
29-1141.01,Acute Care Nurses,Staff Nurse,Y
29-1141.01,Acute Care Nurses,Vascular Access Registered Nurse (Vascular Access RN),N
29-1141.02,Advanced Practice Psychiatric Nurses,Adult Psychiatric Mental Health APRN (Adult Psychiatric Mental Health Advanced Practice Registered Nurse),N
29-1141.02,Advanced Practice Psychiatric Nurses,Advanced Practice Psychiatric Nurse,Y
29-1141.02,Advanced Practice Psychiatric Nurses,APN (Advanced Practice Nurse),N
29-1141.02,Advanced Practice Psychiatric Nurses,Board Certified Psychiatric Mental Health Clinical Nurse Specialist (BC PMH-CNS),N
29-1141.02,Advanced Practice Psychiatric Nurses,PMHNP (Psychiatric-Mental Health Nurse Practitioner),Y
29-1141.02,Advanced Practice Psychiatric Nurses,Psychiatric APN (Psychiatric Advanced Practice Nurse),N
29-1141.02,Advanced Practice Psychiatric Nurses,Psychiatric Clinical Nurse Specialist (Psychiatric CNS),Y
29-1141.02,Advanced Practice Psychiatric Nurses,Psychiatric NP (Psychiatric Nurse Practitioner),Y
29-1141.02,Advanced Practice Psychiatric Nurses,Psychiatric Provider,N
29-1141.02,Advanced Practice Psychiatric Nurses,Psychiatry APRN (Psychiatry Advanced Practice Registered Nurse),N
29-1141.03,Critical Care Nurses,Certified Critical Care Nurse,N
29-1141.03,Critical Care Nurses,Critical Care Nurse Practitioner,Y
29-1141.03,Critical Care Nurses,Critical Care Registered Nurse (CCRN),Y
29-1141.03,Critical Care Nurses,ICU Critical Care NP (Intensive Care Unit Critical Care Nurse Practitioner),N
29-1141.03,Critical Care Nurses,ICU Nurse (Intensive Care Unit Nurse),Y
29-1141.03,Critical Care Nurses,Intensive Care Unit Registered Nurse (ICU RN),N
29-1141.03,Critical Care Nurses,Newborn ICU RN (Newborn Intensive Care Unit Registered Nurse),N
29-1141.03,Critical Care Nurses,Nurse,N
29-1141.03,Critical Care Nurses,Pediatric Critical Care Nurse Practitioner,N
29-1141.03,Critical Care Nurses,Staff Nurse,Y
29-1141.04,Clinical Nurse Specialists,APN (Advanced Practice Nurse),Y
29-1141.04,Clinical Nurse Specialists,Board Certified Clinical Nurse Specialist (CNS-BC),N
29-1141.04,Clinical Nurse Specialists,CNS (Clinical Nurse Specialist),Y
29-1141.04,Clinical Nurse Specialists,Critical Care CNS (Critical Care Clinical Nurse Specialist),Y
29-1141.04,Clinical Nurse Specialists,Emergency Clinical Nurse Specialist (Emergency CNS),N
29-1141.04,Clinical Nurse Specialists,ICU CNS (Intensive Care Unit Clinical Nurse Specialist),N
29-1141.04,Clinical Nurse Specialists,Neuroscience Clinical Nurse Specialist (Neuroscience CNS),Y
29-1141.04,Clinical Nurse Specialists,Pediatric Clinical Nurse Specialist (Pediatric CNS),N
29-1141.04,Clinical Nurse Specialists,Psychiatric Adult Clinical Nurse Specialist (Psychiatric Adult CNS),N
29-1141.04,Clinical Nurse Specialists,Trauma ICU CNS (Trauma Intensive Care Unit Clinical Nurse Specialist),N
29-1151.00,Nurse Anesthetists,Certified Registered Nurse Anesthetist (CRNA),Y
29-1151.00,Nurse Anesthetists,Nurse Anesthetist,Y
29-1151.00,Nurse Anesthetists,Staff Certified Registered Nurse Anesthetist (Staff CRNA),Y
29-1151.00,Nurse Anesthetists,Staff Nurse Anesthetist,Y
29-1161.00,Nurse Midwives,Certified Nurse-Midwife (CNM),Y
29-1161.00,Nurse Midwives,Nurse Midwife,Y
29-1161.00,Nurse Midwives,Staff Certified Nurse Midwife,Y
29-1161.00,Nurse Midwives,Staff Nurse Midwife,Y
29-1171.00,Nurse Practitioners,ACNP (Acute Care Nurse Practitioner),Y
29-1171.00,Nurse Practitioners,Adult Nurse Practitioner,N
29-1171.00,Nurse Practitioners,Advanced Practice Registered Nurse (APRN),N
29-1171.00,Nurse Practitioners,ARNP Specialist (Advanced Registered Nurse Practitioner Specialist),N
29-1171.00,Nurse Practitioners,Family Nurse Practitioner (FNP),Y
29-1171.00,Nurse Practitioners,Family Practice Certified Advanced Registered Nurse Practitioner,N
29-1171.00,Nurse Practitioners,Gastroenterology Nurse Practitioner,Y
29-1171.00,Nurse Practitioners,Nurse Practitioner (NP),Y
29-1171.00,Nurse Practitioners,Pediatric Nurse Practitioner (PNP),N
29-1171.00,Nurse Practitioners,Women's Health Care Nurse Practitioner,N
29-1181.00,Audiologists,Audiologist,Y
29-1181.00,Audiologists,Audiology Doctor (AUD),Y
29-1181.00,Audiologists,Certificate of Clinical Competence in Audiology Licensed Audiologist (CCC-A Licensed Audiologist),N
29-1181.00,Audiologists,Clinical Audiologist,Y
29-1181.00,Audiologists,Dispensing Audiologist,N
29-1181.00,Audiologists,Educational Audiologist,Y
29-1181.00,Audiologists,Forensic Audiologist,N
29-1181.00,Audiologists,Industrial Audiologist,N
29-1181.00,Audiologists,Pediatric Audiologist,N
29-1181.00,Audiologists,Staff Audiologist,N
29-1211.00,Anesthesiologists,Anesthesiologist MD (Anesthesiologist Medical Doctor),Y
29-1211.00,Anesthesiologists,Anesthesiology Resident,Y
29-1211.00,Anesthesiologists,Attending Anesthesiologist,N
29-1211.00,Anesthesiologists,Cardiothoracic Anesthesiologist,N
29-1211.00,Anesthesiologists,Critical Care Anesthesiologist,N
29-1211.00,Anesthesiologists,Medical Doctor (MD),N
29-1211.00,Anesthesiologists,Obstetrical Anesthesiologist,N
29-1211.00,Anesthesiologists,Pediatric Anesthesiologist,Y
29-1211.00,Anesthesiologists,Physician,Y
29-1211.00,Anesthesiologists,Physician Anesthesiologist,N
29-1213.00,Dermatologists,Board Certified Dermatologist,Y
29-1213.00,Dermatologists,Dermatologist MD (Dermatologist Medical Doctor),N
29-1213.00,Dermatologists,Dermatologist Physician,Y
29-1213.00,Dermatologists,Dermatopathologist,N
29-1213.00,Dermatologists,Doctor,N
29-1213.00,Dermatologists,MD (Medical Doctor),Y
29-1213.00,Dermatologists,Mohs Micrographic Surgeon,N
29-1213.00,Dermatologists,Mohs Surgeon,Y
29-1213.00,Dermatologists,Pediatric Dermatologist,N
29-1213.00,Dermatologists,Practicing Dermatologist,N
29-1214.00,Emergency Medicine Physicians,Attending Emergency Physician,Y
29-1214.00,Emergency Medicine Physicians,Attending Physician,N
29-1214.00,Emergency Medicine Physicians,Emergency MD (Emergency Medicine Doctor),N
29-1214.00,Emergency Medicine Physicians,Emergency Medicine Physician (EM Physician),Y
29-1214.00,Emergency Medicine Physicians,Emergency Physician,Y
29-1214.00,Emergency Medicine Physicians,MD (Medical Doctor),N
29-1214.00,Emergency Medicine Physicians,Physician,Y
29-1215.00,Family Medicine Physicians,Board Certified Family Physician,N
29-1215.00,Family Medicine Physicians,Family Medicine Physician,N
29-1215.00,Family Medicine Physicians,Family Physician,Y
29-1215.00,Family Medicine Physicians,Family Practice Medical Doctor (FP MD),N
29-1215.00,Family Medicine Physicians,Family Practice Physician (FP Physician),Y
29-1215.00,Family Medicine Physicians,Family Practitioner,N
29-1215.00,Family Medicine Physicians,Medical Doctor (MD),Y
29-1215.00,Family Medicine Physicians,Medical Staff Physician,N
29-1215.00,Family Medicine Physicians,Physician,Y
29-1215.00,Family Medicine Physicians,Primary Care Physician,N
29-1216.00,General Internal Medicine Physicians,Doctor,N
29-1216.00,General Internal Medicine Physicians,Gastroenterologist,N
29-1216.00,General Internal Medicine Physicians,General Internal Medicine Physician,N
29-1216.00,General Internal Medicine Physicians,General Internist,N
29-1216.00,General Internal Medicine Physicians,Internal Medicine Doctor,N
29-1216.00,General Internal Medicine Physicians,Internal Medicine Physician (IM Physician),Y
29-1216.00,General Internal Medicine Physicians,Internist,Y
29-1216.00,General Internal Medicine Physicians,Medical Doctor (MD),Y
29-1216.00,General Internal Medicine Physicians,Physician,Y
29-1216.00,General Internal Medicine Physicians,Primary Care Physician,N
29-1217.00,Neurologists,Adult and Pediatric Neurologist,Y
29-1217.00,Neurologists,Adult Neurologist,N
29-1217.00,Neurologists,General Neurologist,N
29-1217.00,Neurologists,Neurologist,Y
29-1217.00,Neurologists,Pediatric Neurologist,Y
29-1217.00,Neurologists,Physician,Y
29-1218.00,Obstetricians and Gynecologists,GYN (Gynecologist),N
29-1218.00,Obstetricians and Gynecologists,MD (Medical Doctor),Y
29-1218.00,Obstetricians and Gynecologists,OB (Obstetrician),N
29-1218.00,Obstetricians and Gynecologists,OB/GYN (Obstetrician Gynecologist),N
29-1218.00,Obstetricians and Gynecologists,OBGYN (Obstetrician and Gynecologist),Y
29-1218.00,Obstetricians and Gynecologists,OBGYN MD (Obstetrics Gynecology Medical Doctor),N
29-1218.00,Obstetricians and Gynecologists,OBGYN Physician (Obstetrics and Gynecology Physician),Y
29-1218.00,Obstetricians and Gynecologists,Physician,Y
29-1218.00,Obstetricians and Gynecologists,Physician GYN (Physician Gynecologist),N
29-1218.00,Obstetricians and Gynecologists,Physician OB (Physician Obstetrician),N
29-1221.00,"Pediatricians, General",Developmental Pediatrician,N
29-1221.00,"Pediatricians, General",Emergency Room Pediatrician (ER Pediatrician),N
29-1221.00,"Pediatricians, General",General Pediatrician,Y
29-1221.00,"Pediatricians, General",Group Practice Pediatrician,Y
29-1221.00,"Pediatricians, General",Medical Doctor (MD),Y
29-1221.00,"Pediatricians, General",Pediatric Emergency Medicine Physician,N
29-1221.00,"Pediatricians, General",Pediatric Physician,N
29-1221.00,"Pediatricians, General",Physician,Y
29-1221.00,"Pediatricians, General",Primary Care Pediatrician,N
29-1222.00,"Physicians, Pathologists",Anatomic Pathologist,Y
29-1222.00,"Physicians, Pathologists",Cytopathologist,N
29-1222.00,"Physicians, Pathologists",Dermatopathologist,Y
29-1222.00,"Physicians, Pathologists",Forensic Pathologist,Y
29-1222.00,"Physicians, Pathologists",Hematopathologist,N
29-1222.00,"Physicians, Pathologists",Neuropathologist,N
29-1222.00,"Physicians, Pathologists",Oral Pathologist,N
29-1222.00,"Physicians, Pathologists",Pathologist,Y
29-1222.00,"Physicians, Pathologists",Surgical Pathologist,N
29-1223.00,Psychiatrists,Adolescent Psychiatrist,N
29-1223.00,Psychiatrists,Adult Psychiatrist,Y
29-1223.00,Psychiatrists,Attending Psychiatrist,Y
29-1223.00,Psychiatrists,Board Certified Psychiatrist,N
29-1223.00,Psychiatrists,Child and Adolescent Psychiatrist,N
29-1223.00,Psychiatrists,Child Psychiatrist,Y
29-1223.00,Psychiatrists,Consulting Psychiatrist,N
29-1223.00,Psychiatrists,Forensic Psychiatrist,N
29-1223.00,Psychiatrists,Medical Doctor (MD),Y
29-1223.00,Psychiatrists,Physician,N
29-1224.00,Radiologists,Attending Physician,N
29-1224.00,Radiologists,Diagnostic Radiologist,Y
29-1224.00,Radiologists,Interventional Neuroradiologist,N
29-1224.00,Radiologists,Interventional Radiologist,N
29-1224.00,Radiologists,Musculoskeletal Specialty Radiologist (MSK Specialty Radiologist),N
29-1224.00,Radiologists,Neuroradiologist,N
29-1224.00,Radiologists,Nuclear Medicine Physician,Y
29-1224.00,Radiologists,Nuclear Medicine Specialist,N
29-1224.00,Radiologists,Physician,Y
29-1224.00,Radiologists,Radiologist,Y
29-1229.01,Allergists and Immunologists,Adult and Pediatric Allergy Partner,N
29-1229.01,Allergists and Immunologists,Allergist,Y
29-1229.01,Allergists and Immunologists,Allergy and Immunology Physician,N
29-1229.01,Allergists and Immunologists,Allergy and Immunology Specialist,N
29-1229.01,Allergists and Immunologists,Allergy Physician,N
29-1229.01,Allergists and Immunologists,Immunologist,Y
29-1229.01,Allergists and Immunologists,Immunology Physician,N
29-1229.01,Allergists and Immunologists,MD (Medical Doctor),Y
29-1229.01,Allergists and Immunologists,Pediatric Pulmonologist,N
29-1229.01,Allergists and Immunologists,Physician,Y
29-1229.02,Hospitalists,Academic Hospitalist,N
29-1229.02,Hospitalists,Consultant Physician,N
29-1229.02,Hospitalists,Hospitalist,Y
29-1229.02,Hospitalists,Hospitalist Medical Doctor (Hospitalist MD),Y
29-1229.02,Hospitalists,MD (Medical Doctor),Y
29-1229.02,Hospitalists,Physician,Y
29-1229.03,Urologists,Acute Care Physician,N
29-1229.03,Urologists,MD (Medical Doctor),Y
29-1229.03,Urologists,Owner,N
29-1229.03,Urologists,Physician,Y
29-1229.03,Urologists,Practicing Urologist,N
29-1229.03,Urologists,Surgeon,N
29-1229.03,Urologists,Urologic Surgeon,N
29-1229.03,Urologists,Urologist,Y
29-1229.03,Urologists,Urology MD (Urology Medical Doctor),Y
29-1229.04,Physical Medicine and Rehabilitation Physicians,Acute Rehabilitation Unit Physiatrist,N
29-1229.04,Physical Medicine and Rehabilitation Physicians,Attending Physician,N
29-1229.04,Physical Medicine and Rehabilitation Physicians,EDX Medicine MD (Electrodiagnostic Medicine Medical Doctor),N
29-1229.04,Physical Medicine and Rehabilitation Physicians,MD (Medical Doctor),Y
29-1229.04,Physical Medicine and Rehabilitation Physicians,Pain Management Physician,N
29-1229.04,Physical Medicine and Rehabilitation Physicians,Pediatric Physiatrist,N
29-1229.04,Physical Medicine and Rehabilitation Physicians,Physiatrist,Y
29-1229.04,Physical Medicine and Rehabilitation Physicians,Physician,Y
29-1229.04,Physical Medicine and Rehabilitation Physicians,PM and R MD (Physical Medicine and Rehabilitation Medical Doctor),Y
29-1229.04,Physical Medicine and Rehabilitation Physicians,Rehabilitation Physician,N
29-1229.05,Preventive Medicine Physicians,Occupational Medicine Physician,Y
29-1229.05,Preventive Medicine Physicians,Occupational Physician,N
29-1229.05,Preventive Medicine Physicians,Physician,Y
29-1229.05,Preventive Medicine Physicians,Preventive Medicine Physician,N
29-1229.05,Preventive Medicine Physicians,Primary Clinician,N
29-1229.05,Preventive Medicine Physicians,Public Health Officer,Y
29-1229.05,Preventive Medicine Physicians,Public Health Physician,Y
29-1229.06,Sports Medicine Physicians,Athletic Team Physician,N
29-1229.06,Sports Medicine Physicians,MD (Medical Doctor),Y
29-1229.06,Sports Medicine Physicians,Nonsurgical Primary Care Sports Medicine Physician,N
29-1229.06,Sports Medicine Physicians,Orthopedic Team Physician,N
29-1229.06,Sports Medicine Physicians,Pediatric Sports Medicine Physician,Y
29-1229.06,Sports Medicine Physicians,Physician,N
29-1229.06,Sports Medicine Physicians,Sports Medicine Medical Doctor (Sports Medicine MD),N
29-1229.06,Sports Medicine Physicians,Sports Medicine Primary Care Physician,Y
29-1229.06,Sports Medicine Physicians,Sports Medicine Specialist,Y
29-1229.06,Sports Medicine Physicians,Team Physician,N
29-1241.00,"Ophthalmologists, Except Pediatric",Clinical Ophthalmologist,N
29-1241.00,"Ophthalmologists, Except Pediatric",Cornea Specialist,N
29-1241.00,"Ophthalmologists, Except Pediatric",Glaucoma Specialist,Y
29-1241.00,"Ophthalmologists, Except Pediatric",Oculoplastic Specialist,N
29-1241.00,"Ophthalmologists, Except Pediatric",Ophthalmic Surgeon,N
29-1241.00,"Ophthalmologists, Except Pediatric",Ophthalmologist,Y
29-1241.00,"Ophthalmologists, Except Pediatric",Ophthalmologist Specialist,N
29-1241.00,"Ophthalmologists, Except Pediatric",Physician,Y
29-1241.00,"Ophthalmologists, Except Pediatric",Retina Specialist,Y
29-1241.00,"Ophthalmologists, Except Pediatric",Surgical Ophthalmologist,N
29-1242.00,"Orthopedic Surgeons, Except Pediatric",General Surgeon,N
29-1242.00,"Orthopedic Surgeons, Except Pediatric",Hand Surgeon,Y
29-1242.00,"Orthopedic Surgeons, Except Pediatric",Orthopaedic Surgeon,N
29-1242.00,"Orthopedic Surgeons, Except Pediatric",Orthopedic Surgeon,Y
29-1242.00,"Orthopedic Surgeons, Except Pediatric",Physician,Y
29-1242.00,"Orthopedic Surgeons, Except Pediatric",Surgeon,Y
29-1243.00,Pediatric Surgeons,Cardiovascular Surgeon,N
29-1243.00,Pediatric Surgeons,General Surgeon,Y
29-1243.00,Pediatric Surgeons,Hand Surgeon,N
29-1243.00,Pediatric Surgeons,Physician,Y
29-1243.00,Pediatric Surgeons,Plastic Surgeon,N
29-1243.00,Pediatric Surgeons,Surgeon,Y
29-1243.00,Pediatric Surgeons,Thoracic Surgeon,Y
29-1243.00,Pediatric Surgeons,Vascular Surgeon,N
29-1291.00,Acupuncturists,Acupuncture Doctor,N
29-1291.00,Acupuncturists,Acupuncture Physician,Y
29-1291.00,Acupuncturists,Acupuncture Provider,N
29-1291.00,Acupuncturists,Acupuncturist,Y
29-1291.00,Acupuncturists,Chinese Medical Doctor (Chinese MD),N
29-1291.00,Acupuncturists,Chinese Medicine Doctor,N
29-1291.00,Acupuncturists,Herbalist,Y
29-1291.00,Acupuncturists,Licensed Acupuncturist (LAC),Y
29-1291.00,Acupuncturists,Oriental Medicine Provider,N
29-1291.00,Acupuncturists,Traditional Chinese Medicine Doctor,N
29-1292.00,Dental Hygienists,Dental Hygienist,Y
29-1292.00,Dental Hygienists,Hygienist,Y
29-1292.00,Dental Hygienists,Licensed Dental Hygienist,Y
29-1292.00,Dental Hygienists,Pediatric Dental Hygienist,N
29-1292.00,Dental Hygienists,Registered Dental Hygienist (RDH),Y
29-1299.01,Naturopathic Physicians,Doctor (Dr),Y
29-1299.01,Naturopathic Physicians,Naturopathic Doctor,Y
29-1299.01,Naturopathic Physicians,Naturopathic Endocrinologist,N
29-1299.01,Naturopathic Physicians,Naturopathic Medicine Doctor,Y
29-1299.01,Naturopathic Physicians,Naturopathic Oncologist,N
29-1299.01,Naturopathic Physicians,Naturopathic Oncology Provider,N
29-1299.01,Naturopathic Physicians,Physician,Y
29-1299.02,Orthoptists,Clinical Orthoptist (CO),Y
29-1299.02,Orthoptists,CO (Certified Orthoptist),Y
29-2011.00,Medical and Clinical Laboratory Technologists,Clinical Chemist,N
29-2011.00,Medical and Clinical Laboratory Technologists,Clinical Laboratory Scientist (CLS),Y
29-2011.00,Medical and Clinical Laboratory Technologists,Clinical Laboratory Technologist,Y
29-2011.00,Medical and Clinical Laboratory Technologists,Histologist Technologist,N
29-2011.00,Medical and Clinical Laboratory Technologists,Lab Tech (Laboratory Technologist),N
29-2011.00,Medical and Clinical Laboratory Technologists,Medical Lab Technologist (Medical Laboratory Technologist),Y
29-2011.00,Medical and Clinical Laboratory Technologists,Medical Technologist (MT),Y
29-2011.00,Medical and Clinical Laboratory Technologists,Microbiology Technologist (MT),N
29-2011.00,Medical and Clinical Laboratory Technologists,MLS (Medical Laboratory Scientist),N
29-2011.00,Medical and Clinical Laboratory Technologists,Technologist,N
29-2011.01,Cytogenetic Technologists,Certified Cytogenetic Technologist,Y
29-2011.01,Cytogenetic Technologists,Clinical Cytogeneticist Scientist (CCS),N
29-2011.01,Cytogenetic Technologists,Cytogenetics Clinical Laboratory Specialist (CG CLSp),Y
29-2011.01,Cytogenetic Technologists,Cytogenetics Specialist,Y
29-2011.01,Cytogenetic Technologists,Cytogenetics Technical Specialist,N
29-2011.01,Cytogenetic Technologists,Lab Technologist (Laboratory Technologist),N
29-2011.01,Cytogenetic Technologists,Microarray Laboratory Technologist (Microarray Lab Technologist),N
29-2011.01,Cytogenetic Technologists,Molecular Genetics Technologist,Y
29-2011.02,Cytotechnologists,Cytologist,Y
29-2011.02,Cytotechnologists,Cytology Applications Specialist,Y
29-2011.02,Cytotechnologists,Cytology Coordinator,Y
29-2011.02,Cytotechnologists,Cytology Technical Specialist,N
29-2011.02,Cytotechnologists,Cytotechnologist,Y
29-2011.04,Histotechnologists,Clinical Lab Manager (Clinical Laboratory Manager),N
29-2011.04,Histotechnologists,Histology Lab Manager (Histology Laboratory Manager),Y
29-2011.04,Histotechnologists,Histology Specialist,Y
29-2011.04,Histotechnologists,Histology Technologist,Y
29-2011.04,Histotechnologists,Histotechnologist,Y
29-2012.00,Medical and Clinical Laboratory Technicians,Clinical Lab Tech (Clinical Laboratory Technician),Y
29-2012.00,Medical and Clinical Laboratory Technicians,Lab Assistant (Laboratory Assistant),N
29-2012.00,Medical and Clinical Laboratory Technicians,Lab Associate (Laboratory Associate),N
29-2012.00,Medical and Clinical Laboratory Technicians,Lab Tech (Laboratory Technician),Y
29-2012.00,Medical and Clinical Laboratory Technicians,Medical Lab Assistant (Medical Laboratory Assistant),N
29-2012.00,Medical and Clinical Laboratory Technicians,Medical Technician (Medical Tech),Y
29-2012.00,Medical and Clinical Laboratory Technicians,Microbiology MLT (Microbiology Medical Laboratory Technician),N
29-2012.00,Medical and Clinical Laboratory Technicians,MLT (Medical Laboratory Technician),Y
29-2012.00,Medical and Clinical Laboratory Technicians,Specimen Processor,N
29-2012.00,Medical and Clinical Laboratory Technicians,Travel Medical Lab Tech (Travel Medical Laboratory Technician),N
29-2012.01,Histology Technicians,Clinical Histology Technician (Clinical Histology Tech),N
29-2012.01,Histology Technicians,Histologic Technician (HT),Y
29-2012.01,Histology Technicians,Histologist,Y
29-2012.01,Histology Technicians,Histology Consultant,N
29-2012.01,Histology Technicians,Histology Coordinator,N
29-2012.01,Histology Technicians,Histology Technician (HT),Y
29-2012.01,Histology Technicians,Histotechnician,Y
29-2031.00,Cardiovascular Technologists and Technicians,Cardiac Cath Lab Technologist (Cardiac Catheterization Laboratory Technologist),N
29-2031.00,Cardiovascular Technologists and Technicians,Cardiac Catheterization Technician,N
29-2031.00,Cardiovascular Technologists and Technicians,Cardiac Technician,N
29-2031.00,Cardiovascular Technologists and Technicians,Cardio Tech (Cardiovascular Technician),Y
29-2031.00,Cardiovascular Technologists and Technicians,Cardiology Technician,Y
29-2031.00,Cardiovascular Technologists and Technicians,Cardiopulmonary Technician,N
29-2031.00,Cardiovascular Technologists and Technicians,Cardiovascular Technologist (CVT),Y
29-2031.00,Cardiovascular Technologists and Technicians,Electrocardiogram Technician (EKG Tech),N
29-2031.00,Cardiovascular Technologists and Technicians,Registered Cardiovascular Invasive Specialist (RCIS),Y
29-2032.00,Diagnostic Medical Sonographers,Cardiovascular Sonographer,N
29-2032.00,Diagnostic Medical Sonographers,Echo Tech (Echocardiographic Technician),N
29-2032.00,Diagnostic Medical Sonographers,Echosonographer Technologist (Echo Technologist),N
29-2032.00,Diagnostic Medical Sonographers,Medical Sonographer,N
29-2032.00,Diagnostic Medical Sonographers,RDMS (Registered Diagnostic Medical Sonographer),Y
29-2032.00,Diagnostic Medical Sonographers,Registered Diagnostic Cardiac Sonographer,N
29-2032.00,Diagnostic Medical Sonographers,RVT (Registered Vascular Technologist),N
29-2032.00,Diagnostic Medical Sonographers,Staff Sonographer,Y
29-2032.00,Diagnostic Medical Sonographers,Ultrasound Technician (Ultrasound Tech),Y
29-2032.00,Diagnostic Medical Sonographers,Ultrasound Technologist (Ultrasound Tech),Y
29-2033.00,Nuclear Medicine Technologists,Certified Nuclear Medicine Technologist (CNMT),Y
29-2033.00,Nuclear Medicine Technologists,Nuclear Cardiology Technologist,Y
29-2033.00,Nuclear Medicine Technologists,Nuclear Medicine PET-CT Technologist (Nuclear Medicine Positron Emission Tomography - Computed Tomography Technologist),N
29-2033.00,Nuclear Medicine Technologists,Nuclear Medicine Technologist (NMT),Y
29-2033.00,Nuclear Medicine Technologists,Radiation Safety Officer,N
29-2033.00,Nuclear Medicine Technologists,Registered Nuclear Medicine Technologist,N
29-2033.00,Nuclear Medicine Technologists,Staff Nuclear Medicine Technologist,Y
29-2034.00,Radiologic Technologists and Technicians,CT Tech (Computed Tomography Technologist),Y
29-2034.00,Radiologic Technologists and Technicians,Mammographer,N
29-2034.00,Radiologic Technologists and Technicians,Multimodality Technologist,Y
29-2034.00,Radiologic Technologists and Technicians,Radiographer,N
29-2034.00,Radiologic Technologists and Technicians,Radiologic Technician (RAD Tech),N
29-2034.00,Radiologic Technologists and Technicians,Radiology Technician (Radiology Tech),N
29-2034.00,Radiologic Technologists and Technicians,Registered Radiologic Technologist (RT (R)),N
29-2034.00,Radiologic Technologists and Technicians,RT (Radiologic Technologist),Y
29-2034.00,Radiologic Technologists and Technicians,X-Ray Tech (X-Ray Technician),N
29-2034.00,Radiologic Technologists and Technicians,X-Ray Tech (X-Ray Technologist),Y
29-2035.00,Magnetic Resonance Imaging Technologists,MRI Coordinator (Magnetic Resonance Imaging Coordinator),Y
29-2035.00,Magnetic Resonance Imaging Technologists,MRI QA Coordinator (Magnetic Resonance Imaging Quality Assurance Coordinator),Y
29-2035.00,Magnetic Resonance Imaging Technologists,MRI Radiographer (Magnetic Resonance Imaging Radiographer),N
29-2035.00,Magnetic Resonance Imaging Technologists,MRI Specialist (Magnetic Resonance Imaging Specialist),N
29-2035.00,Magnetic Resonance Imaging Technologists,MRI Tech (Magnetic Resonance Imaging Technician),Y
29-2035.00,Magnetic Resonance Imaging Technologists,MRI Technologist (Magnetic Resonance Imaging Technologist),Y
29-2035.00,Magnetic Resonance Imaging Technologists,Research MRI Technologist (Research Magnetic Resonance Imaging Technologist),N
29-2036.00,Medical Dosimetrists,CMD (Certified Medical Dosimetrist),Y
29-2036.00,Medical Dosimetrists,Dosimetrist,Y
29-2036.00,Medical Dosimetrists,Medical Dosimetrist,Y
29-2036.00,Medical Dosimetrists,Medical Physicist,Y
29-2036.00,Medical Dosimetrists,Radiation Oncology Medical Physicist,N
29-2042.00,Emergency Medical Technicians,Emergency Medical Technician (EMT),Y
29-2042.00,Emergency Medical Technicians,First Responder,Y
29-2043.00,Paramedics,Critical Care Paramedic,Y
29-2043.00,Paramedics,Firefighter Paramedic,Y
29-2043.00,Paramedics,First Responder,Y
29-2043.00,Paramedics,Flight Paramedic,Y
29-2051.00,Dietetic Technicians,Cook Chill Technician (CCT),N
29-2051.00,Dietetic Technicians,Diet Assistant,N
29-2051.00,Dietetic Technicians,Diet Clerk,N
29-2051.00,Dietetic Technicians,Diet Tech (Diet Technician),N
29-2051.00,Dietetic Technicians,Diet Tech (Dietetic Technician),Y
29-2051.00,Dietetic Technicians,Diet Technician Registered (DTR),Y
29-2051.00,Dietetic Technicians,Dietary Aide,Y
29-2051.00,Dietetic Technicians,Dietetic Assistant,N
29-2051.00,Dietetic Technicians,Dietetic Technician Registered (DTR),N
29-2051.00,Dietetic Technicians,Nutrition Technician,Y
29-2052.00,Pharmacy Technicians,Accredited Pharmacy Technician,N
29-2052.00,Pharmacy Technicians,Certified Pharmacy Technician (CPhT),Y
29-2052.00,Pharmacy Technicians,Chemotherapy Pharmacy Technician (Chemo Pharmacy Technician),Y
29-2052.00,Pharmacy Technicians,Compounding Technician,N
29-2052.00,Pharmacy Technicians,OR Pharmacy Tech (Operating Room Pharmacy Tech),Y
29-2052.00,Pharmacy Technicians,RPhT (Registered Pharmacy Technician),Y
29-2053.00,Psychiatric Technicians,BHT (Behavioral Health Technician),N
29-2053.00,Psychiatric Technicians,Health Care Technician (Health Care Tech),N
29-2053.00,Psychiatric Technicians,LPT (Licensed Psychiatric Technician),N
29-2053.00,Psychiatric Technicians,Mental Health Associate,Y
29-2053.00,Psychiatric Technicians,Mental Health Specialist,N
29-2053.00,Psychiatric Technicians,Mental Health Technician (MHT),Y
29-2053.00,Psychiatric Technicians,MHA (Mental Health Assistant),N
29-2053.00,Psychiatric Technicians,MHW (Mental Health Worker),Y
29-2053.00,Psychiatric Technicians,Psychiatric Technician (PT),Y
29-2053.00,Psychiatric Technicians,Residential Aide (RA),N
29-2055.00,Surgical Technologists,Central Supply Technician (Central Supply Tech),N
29-2055.00,Surgical Technologists,Certified Scrub Technician (Certified Scrub Tech),N
29-2055.00,Surgical Technologists,CST (Certified Surgical Technologist),Y
29-2055.00,Surgical Technologists,OR Surgical Tech (Operating Room Surgical Technician),Y
29-2055.00,Surgical Technologists,OR Tech (Operating Room Technician),N
29-2055.00,Surgical Technologists,OR Technologist (Operating Room Technologist),Y
29-2055.00,Surgical Technologists,Scrub Technician (Scrub Tech),N
29-2055.00,Surgical Technologists,Scrub Technologist (Scrub Tech),N
29-2055.00,Surgical Technologists,Surgical Scrub Technician (Surgical Scrub Tech),N
29-2055.00,Surgical Technologists,Surgical Scrub Technologist (Surgical Scrub Tech),Y
29-2056.00,Veterinary Technologists and Technicians,Certified Veterinary Technician (CVT),Y
29-2056.00,Veterinary Technologists and Technicians,Emergency Veterinary Technician (Emergency Vet Tech),N
29-2056.00,Veterinary Technologists and Technicians,Internal Medicine Veterinary Technician (Internal Medicine Vet Tech),N
29-2056.00,Veterinary Technologists and Technicians,Licensed Veterinary Technician (LVT),Y
29-2056.00,Veterinary Technologists and Technicians,Registered Veterinary Technician (RVT),Y
29-2056.00,Veterinary Technologists and Technicians,Veterinarian Technician (Vet Tech),N
29-2056.00,Veterinary Technologists and Technicians,Veterinary Laboratory Technician (Vet Lab Tech),N
29-2056.00,Veterinary Technologists and Technicians,Veterinary Nurse (Vet Nurse),N
29-2056.00,Veterinary Technologists and Technicians,Veterinary Technician (Vet Tech),Y
29-2056.00,Veterinary Technologists and Technicians,Veterinary Technologist,N
29-2057.00,Ophthalmic Medical Technicians,Certified Ophthalmic Medical Technician (Certified Ophthalmic Medical Tech),N
29-2057.00,Ophthalmic Medical Technicians,Certified Ophthalmic Surgical Assistant,Y
29-2057.00,Ophthalmic Medical Technicians,Certified Ophthalmic Technician (COT),Y
29-2057.00,Ophthalmic Medical Technicians,Certified Ophthalmic Technician-Surgical Assistant (COT-SA),N
29-2057.00,Ophthalmic Medical Technicians,Health Technician (Health Tech),N
29-2057.00,Ophthalmic Medical Technicians,Ophthalmic Assistant,Y
29-2057.00,Ophthalmic Medical Technicians,Ophthalmic Diagnostic Sonographer,N
29-2057.00,Ophthalmic Medical Technicians,Ophthalmic Medical Assistant,N
29-2057.00,Ophthalmic Medical Technicians,Ophthalmic Medical Technician (Ophthalmic Medical Tech),N
29-2057.00,Ophthalmic Medical Technicians,Ophthalmic Tech (Ophthalmic Technician),Y
29-2061.00,Licensed Practical and Licensed Vocational Nurses,Charge Nurse,Y
29-2061.00,Licensed Practical and Licensed Vocational Nurses,Clinic Licensed Practical Nurse (Clinic LPN),N
29-2061.00,Licensed Practical and Licensed Vocational Nurses,Clinic Nurse,Y
29-2061.00,Licensed Practical and Licensed Vocational Nurses,Home Health Licensed Practical Nurse (Home Health LPN),N
29-2061.00,Licensed Practical and Licensed Vocational Nurses,Licensed Vocational Nurse (LVN),Y
29-2061.00,Licensed Practical and Licensed Vocational Nurses,Office Nurse,N
29-2061.00,Licensed Practical and Licensed Vocational Nurses,Pediatric LPN (Pediatric Licensed Practical Nurse),Y
29-2061.00,Licensed Practical and Licensed Vocational Nurses,Private Duty Nurse,N
29-2061.00,Licensed Practical and Licensed Vocational Nurses,Radiation Oncology Nurse,N
29-2061.00,Licensed Practical and Licensed Vocational Nurses,Triage LPN (Triage Licensed Practical Nurse),N
29-2072.00,Medical Records Specialists,Coder,N
29-2072.00,Medical Records Specialists,Health Information Clerk,Y
29-2072.00,Medical Records Specialists,Health Information Specialist,N
29-2072.00,Medical Records Specialists,Health Information Technician (Health Information Tech),N
29-2072.00,Medical Records Specialists,Health Records Specialist,N
29-2072.00,Medical Records Specialists,HIM Clerk (Health Information Management Clerk),N
29-2072.00,Medical Records Specialists,Medical Coder,Y
29-2072.00,Medical Records Specialists,Medical Records Clerk,Y
29-2072.00,Medical Records Specialists,Medical Records Technician (Medical Records Tech),Y
29-2072.00,Medical Records Specialists,RHIT (Registered Health Information Technician),N
29-2081.00,"Opticians, Dispensing",Certified Optician,N
29-2081.00,"Opticians, Dispensing",Contact Lens Technician,N
29-2081.00,"Opticians, Dispensing",Dispensing Optician,Y
29-2081.00,"Opticians, Dispensing",Licensed Dispensing Optician (LDO),Y
29-2081.00,"Opticians, Dispensing",Licensed Optician,Y
29-2081.00,"Opticians, Dispensing",Ophthalmic Dispenser,N
29-2081.00,"Opticians, Dispensing",Optical Technician,N
29-2081.00,"Opticians, Dispensing",Optician,Y
29-2081.00,"Opticians, Dispensing",Optometric Technician,N
29-2081.00,"Opticians, Dispensing",Registered Optician,N
29-2091.00,Orthotists and Prosthetists,Certified Orthotist (CO),Y
29-2091.00,Orthotists and Prosthetists,Certified Pedorthist,N
29-2091.00,Orthotists and Prosthetists,Certified Prosthetist (CP),Y
29-2091.00,Orthotists and Prosthetists,Certified Prosthetist Orthotist (CPO),Y
29-2091.00,Orthotists and Prosthetists,Licensed Orthotist,N
29-2091.00,Orthotists and Prosthetists,LPO (Licensed Prosthetist Orthotist),N
29-2091.00,Orthotists and Prosthetists,Orthotic Practitioner,N
29-2091.00,Orthotists and Prosthetists,Orthotist,Y
29-2091.00,Orthotists and Prosthetists,Prosthetic Practitioner,N
29-2091.00,Orthotists and Prosthetists,Prosthetist,N
29-2092.00,Hearing Aid Specialists,Audioprosthologist,N
29-2092.00,Hearing Aid Specialists,Hearing Aid Consultant,N
29-2092.00,Hearing Aid Specialists,Hearing Aid Specialist,Y
29-2092.00,Hearing Aid Specialists,Hearing Care Practitioner,N
29-2092.00,Hearing Aid Specialists,Hearing Care Specialist,N
29-2092.00,Hearing Aid Specialists,Hearing Instrument Dispenser,Y
29-2092.00,Hearing Aid Specialists,Hearing Instrument Specialist (HIS),Y
29-2092.00,Hearing Aid Specialists,Hearing Specialist,Y
29-2092.00,Hearing Aid Specialists,Licensed Hearing Instrument Specialist (Licensed HIS),N
29-2092.00,Hearing Aid Specialists,National Board Certified Hearing Instrument Specialist (National Board Certified HIS),N
29-2099.01,Neurodiagnostic Technologists,Certified Intraoperative Neurophysiology Technologist (Certified Intraoperative Neurophysiology Tech),N
29-2099.01,Neurodiagnostic Technologists,Certified Neurodiagnostic Technologist,Y
29-2099.01,Neurodiagnostic Technologists,Electroneurodiagnostic Technologist (END Technologist),Y
29-2099.01,Neurodiagnostic Technologists,Intraoperative Neuromonitoring Technologist (IONM Tech),N
29-2099.01,Neurodiagnostic Technologists,Neurodiagnostic Technologist (Neurodiagnostic Tech),N
29-2099.01,Neurodiagnostic Technologists,Neurophysiology Technical Specialist,N
29-2099.01,Neurodiagnostic Technologists,Registered Electroencephalogram Technologist (Registered EEG Tech),Y
29-2099.01,Neurodiagnostic Technologists,Registered Electroencephalography Technologist (R. EEG. T),N
29-2099.01,Neurodiagnostic Technologists,Registered Electroneurodiagnostic Technologist (Registered END Tech),N
29-2099.01,Neurodiagnostic Technologists,Registered Polysomnographic Technologist (RPSGT),Y
29-2099.05,Ophthalmic Medical Technologists,Certified Diagnostic Ophthalmic Sonographer (CDOS),N
29-2099.05,Ophthalmic Medical Technologists,Certified Ophthalmic Medical Technologist (COMT),Y
29-2099.05,Ophthalmic Medical Technologists,Ophthalmic Echographer,N
29-2099.05,Ophthalmic Medical Technologists,Ophthalmic Medical Technologist (Ophthalmic Medical Tech),Y
29-2099.05,Ophthalmic Medical Technologists,Ophthalmic Photographer,N
29-2099.05,Ophthalmic Medical Technologists,Ophthalmic Sonographer,N
29-2099.05,Ophthalmic Medical Technologists,Ophthalmic Technologist (Ophthalmic Tech),Y
29-2099.05,Ophthalmic Medical Technologists,Ophthalmic Ultrasonographer,N
29-2099.05,Ophthalmic Medical Technologists,Registered Ophthalmic Ultrasound Biometrist (ROUB),N
29-2099.05,Ophthalmic Medical Technologists,Surgical Coordinator,Y
29-2099.08,Patient Representatives,Access Representative (Access Rep),N
29-2099.08,Patient Representatives,Admissions Coordinator,N
29-2099.08,Patient Representatives,BCPA (Board Certified Patient Advocate),N
29-2099.08,Patient Representatives,Case Manager,Y
29-2099.08,Patient Representatives,Patient Access Specialist,N
29-2099.08,Patient Representatives,Patient Advocate,Y
29-2099.08,Patient Representatives,Patient Navigator,N
29-2099.08,Patient Representatives,Patient Resource Worker,N
29-2099.08,Patient Representatives,Patient Service Representative (Patient Service Rep),Y
29-2099.08,Patient Representatives,Service Coordinator,Y
29-9021.00,Health Information Technologists and Medical Registrars,Medical Records Analyst,Y
29-9021.00,Health Information Technologists and Medical Registrars,Medical Records Director,Y
29-9091.00,Athletic Trainers,Athletic Instructor,Y
29-9091.00,Athletic Trainers,Athletic Lecturer,N
29-9091.00,Athletic Trainers,Athletic Trainer,Y
29-9091.00,Athletic Trainers,Certified Athletic Trainer,Y
29-9091.00,Athletic Trainers,Personal Trainer,Y
29-9091.00,Athletic Trainers,Resident Athletic Trainer,N
29-9091.00,Athletic Trainers,Women's Athletic Trainer,N
29-9092.00,Genetic Counselors,Cardiovascular Genetics Counselor,N
29-9092.00,Genetic Counselors,Certified Genetic Counselor (CGC),Y
29-9092.00,Genetic Counselors,Clinical Genetic Counselor,Y
29-9092.00,Genetic Counselors,Genetic Services Coordinator,Y
29-9092.00,Genetic Counselors,Hereditary Cancer Program Coordinator,N
29-9092.00,Genetic Counselors,Lab Genetic Counselor (Laboratory Genetic Counselor),Y
29-9092.00,Genetic Counselors,Medical Science Liaison,N
29-9092.00,Genetic Counselors,Pediatric Genetics Clinical Coordinator,N
29-9092.00,Genetic Counselors,Prenatal Genetic Counselor,N
29-9092.00,Genetic Counselors,Reproductive Genetic Counseling Coordinator,N
29-9093.00,Surgical Assistants,Certified Surgical Technician (Certified Surgical Tech),N
29-9093.00,Surgical Assistants,CRNFA (Certified Registered Nurse First Assistant),N
29-9093.00,Surgical Assistants,CSA (Certified Surgical Assistant),N
29-9093.00,Surgical Assistants,CSFA (Certified Surgical First Assistant),Y
29-9093.00,Surgical Assistants,GI Technician (Gastrointestinal Technician),N
29-9093.00,Surgical Assistants,RNFA (Registered Nurse First Assistant),Y
29-9093.00,Surgical Assistants,Scrub Technician (Scrub Tech),N
29-9093.00,Surgical Assistants,Surgical First Assistant,Y
29-9093.00,Surgical Assistants,Surgical Scrub Technician (Surgical Scrub Tech),N
29-9093.00,Surgical Assistants,Surgical Technician (Surgical Tech),Y
29-9099.01,Midwives,Birth Center Midwife,N
29-9099.01,Midwives,Certified Direct-Entry Midwife,N
29-9099.01,Midwives,Certified Professional Midwife (CPM),Y
29-9099.01,Midwives,Homebirth Midwife,Y
29-9099.01,Midwives,Lay Midwife,N
29-9099.01,Midwives,Licensed and Certified Midwife,N
29-9099.01,Midwives,Licensed Certified Professional Midwife,Y
29-9099.01,Midwives,Licensed Direct Entry Midwife,N
29-9099.01,Midwives,Licensed Midwife (LM),Y
31-1121.00,Home Health Aides,Caregiver,Y
31-1121.00,Home Health Aides,CHHA (Certified Home Health Aide),Y
31-1121.00,Home Health Aides,CMA (Certified Medical Aide),Y
31-1121.00,Home Health Aides,CNA (Certified Nurses Aide),N
31-1121.00,Home Health Aides,Direct Care Professional,N
31-1121.00,Home Health Aides,Home Care Aide,Y
31-1121.00,Home Health Aides,Home Health Provider,N
31-1121.00,Home Health Aides,Hospice Aide,N
31-1121.00,Home Health Aides,In Home Caregiver,N
31-1121.00,Home Health Aides,Residential Assistant (RA),N
31-1122.00,Personal Care Aides,Care Provider,N
31-1122.00,Personal Care Aides,Caregiver,Y
31-1122.00,Personal Care Aides,Direct Care Worker,N
31-1122.00,Personal Care Aides,Home Care Aide,Y
31-1122.00,Personal Care Aides,Medication Aide,N
31-1122.00,Personal Care Aides,Personal Care Aide,Y
31-1122.00,Personal Care Aides,Personal Care Assistant (PCA),N
31-1122.00,Personal Care Aides,Personal Care Attendant (PCA),Y
31-1122.00,Personal Care Aides,Resident Assistant,N
31-1122.00,Personal Care Aides,Resident Care Assistant (RCA),N
31-1131.00,Nursing Assistants,Certified Medication Aide (CMA),N
31-1131.00,Nursing Assistants,Certified Nurse Aide (CNA),N
31-1131.00,Nursing Assistants,Certified Nurses Aide (CNA),Y
31-1131.00,Nursing Assistants,Certified Nursing Assistant (CNA),Y
31-1131.00,Nursing Assistants,Licensed Nursing Assistant (LNA),N
31-1131.00,Nursing Assistants,Nurses' Aide,N
31-1131.00,Nursing Assistants,Nursing Aide,N
31-1131.00,Nursing Assistants,Nursing Assistant,Y
31-1131.00,Nursing Assistants,Patient Care Assistant (PCA),Y
31-1131.00,Nursing Assistants,State Tested Nursing Assistant (STNA),N
31-1132.00,Orderlies,Attendant,N
31-1132.00,Orderlies,Operating Room Assistant,N
31-1132.00,Orderlies,Orderly,N
31-1132.00,Orderlies,Patient Care Assistant (PCA),Y
31-1132.00,Orderlies,Patient Care Technician (PCT),Y
31-1132.00,Orderlies,Patient Escort,N
31-1132.00,Orderlies,Patient Transporter,Y
31-1132.00,Orderlies,Radiology Transporter,N
31-1132.00,Orderlies,Transporter,Y
31-1133.00,Psychiatric Aides,Developmental Aide,N
31-1133.00,Psychiatric Aides,Mental Health Aide (MHA),N
31-1133.00,Psychiatric Aides,Mental Health Worker (MHW),Y
31-1133.00,Psychiatric Aides,Psychiatric Aide,Y
31-1133.00,Psychiatric Aides,Psychiatric Assistant,N
31-1133.00,Psychiatric Aides,Psychiatric Nursing Aide,N
31-1133.00,Psychiatric Aides,Qualified Medication Aide (QMA),N
31-1133.00,Psychiatric Aides,Resident Care Technician (Resident Care Tech),N
31-1133.00,Psychiatric Aides,Residential Care Tech (Residential Care Technician),Y
31-1133.00,Psychiatric Aides,Therapeutic Program Worker (TPW),Y
31-2011.00,Occupational Therapy Assistants,Acute Care Occupational Therapy Assistant (Acute Care OT Assistant),N
31-2011.00,Occupational Therapy Assistants,Certified Occupational Assistant,N
31-2011.00,Occupational Therapy Assistants,Certified Occupational Therapist Assistant (COTA),Y
31-2011.00,Occupational Therapy Assistants,Certified Occupational Therapy Assistant (COTA),Y
31-2011.00,Occupational Therapy Assistants,Licensed Occupational Therapist Assistant (LOTA),N
31-2011.00,Occupational Therapy Assistants,Licensed Occupational Therapy Assistant (LOTA),Y
31-2011.00,Occupational Therapy Assistants,Occupational Therapist Assistant (OTA),N
31-2011.00,Occupational Therapy Assistants,Occupational Therapy Assistant (OTA),Y
31-2011.00,Occupational Therapy Assistants,Registered Therapist Assistant,N
31-2011.00,Occupational Therapy Assistants,School Based Certified Occupational Therapy Assistant (School Based COTA),N
31-2012.00,Occupational Therapy Aides,Certified Occupational Rehabilitation Aide (CORA),N
31-2012.00,Occupational Therapy Aides,Direct Service Professional (DSP),N
31-2012.00,Occupational Therapy Aides,Direct Support Professional (DSP),N
31-2012.00,Occupational Therapy Aides,Occupational Rehabilitation Aide,N
31-2012.00,Occupational Therapy Aides,Occupational Therapist Aide (OT Aide),N
31-2012.00,Occupational Therapy Aides,Occupational Therapy Aide (OT Aide),Y
31-2012.00,Occupational Therapy Aides,Rehabilitation Aide (Rehab Aide),Y
31-2012.00,Occupational Therapy Aides,Rehabilitation Services Aide,Y
31-2012.00,Occupational Therapy Aides,Restorative Aide,Y
31-2021.00,Physical Therapist Assistants,Certified Physical Therapist Assistant (CPTA),Y
31-2021.00,Physical Therapist Assistants,Home Care Physical Therapy Assistant,N
31-2021.00,Physical Therapist Assistants,Home Health Physical Therapist Assistant,N
31-2021.00,Physical Therapist Assistants,Licensed Physical Therapist Assistant (LPTA),Y
31-2021.00,Physical Therapist Assistants,Licensed Physical Therapy Assistant,N
31-2021.00,Physical Therapist Assistants,Outpatient Physical Therapist Assistant,N
31-2021.00,Physical Therapist Assistants,Per Diem Physical Therapist Assistant (Per Diem PTA),N
31-2021.00,Physical Therapist Assistants,Physical Therapist Assistant (PTA),Y
31-2021.00,Physical Therapist Assistants,Physical Therapy Assistant (PTA),Y
31-2022.00,Physical Therapist Aides,Physical Therapist Aide (PTA),Y
31-2022.00,Physical Therapist Aides,Physical Therapy Aide (PTA),Y
31-2022.00,Physical Therapist Aides,PT Attendant (Physical Therapy Attendant),N
31-2022.00,Physical Therapist Aides,PT Tech (Physical Therapist Technician),N
31-2022.00,Physical Therapist Aides,PT Tech (Physical Therapy Technician),Y
31-2022.00,Physical Therapist Aides,Rehabilitation Aide,N
31-2022.00,Physical Therapist Aides,Rehabilitation Attendant,N
31-2022.00,Physical Therapist Aides,Rehabilitation Technician (Rehabilitation Tech),Y
31-2022.00,Physical Therapist Aides,Restorative Aide (RA),N
31-2022.00,Physical Therapist Aides,Therapy Aide,N
31-9011.00,Massage Therapists,BCMT (Board Certified Massage Therapist),N
31-9011.00,Massage Therapists,Bodywork Therapist,N
31-9011.00,Massage Therapists,Certified Massage Therapist (CMT),Y
31-9011.00,Massage Therapists,Clinical Massage Therapist,N
31-9011.00,Massage Therapists,Licensed Massage Practitioner (LMP),Y
31-9011.00,Massage Therapists,Licensed Massage Therapist (LMT),Y
31-9011.00,Massage Therapists,Medical Massage Practitioner,N
31-9011.00,Massage Therapists,MMT (Medical Massage Therapist),N
31-9011.00,Massage Therapists,Registered Massage Therapist (RMT),Y
31-9011.00,Massage Therapists,Soft Tissue Specialist,N
31-9091.00,Dental Assistants,Certified Dental Assistant (CDA),Y
31-9091.00,Dental Assistants,Certified Registered Dental Assistant,N
31-9091.00,Dental Assistants,Dental Assistant (DA),Y
31-9091.00,Dental Assistants,Expanded Dental Assistant,N
31-9091.00,Dental Assistants,Expanded Duty Dental Assistant (EDDA),Y
31-9091.00,Dental Assistants,Expanded Functions Dental Assistant (EFDA),N
31-9091.00,Dental Assistants,Oral Surgery Assistant,N
31-9091.00,Dental Assistants,Orthodontic Assistant (Ortho Assistant),N
31-9091.00,Dental Assistants,Registered Dental Assistant (RDA),Y
31-9091.00,Dental Assistants,Surgical Dental Assistant,N
31-9092.00,Medical Assistants,Certified Medical Assistant (CMA),Y
31-9092.00,Medical Assistants,Chiropractor Assistant,Y
31-9092.00,Medical Assistants,Clinical Medical Assistant,N
31-9092.00,Medical Assistants,Doctor's Assistant,Y
31-9092.00,Medical Assistants,Health Assistant,N
31-9092.00,Medical Assistants,Ophthalmic Assistant,N
31-9092.00,Medical Assistants,Ophthalmological Assistant,N
31-9092.00,Medical Assistants,Optometric Assistant,N
31-9092.00,Medical Assistants,Outpatient Surgery Assistant,N
31-9092.00,Medical Assistants,Registered Medical Assistant (RMA),Y
31-9093.00,Medical Equipment Preparers,Central Sterile Technician (Central Sterile Tech),Y
31-9093.00,Medical Equipment Preparers,Central Supply Processing Department Technician (CSPDT),N
31-9093.00,Medical Equipment Preparers,Certified Registered Central Service Technician (CRCST),N
31-9093.00,Medical Equipment Preparers,CRCST (Certified Registered Central Supply Technician),Y
31-9093.00,Medical Equipment Preparers,CSS Technician (Central Sterile Supply Technician),Y
31-9093.00,Medical Equipment Preparers,CST (Central Service Technician),Y
31-9093.00,Medical Equipment Preparers,Equipment Technician (Equipment Tech),N
31-9093.00,Medical Equipment Preparers,Sterile Preparation Technician (Sterile Preparation Tech),N
31-9093.00,Medical Equipment Preparers,Sterile Processing and Distribution Technician (SPD Tech),N
31-9093.00,Medical Equipment Preparers,Sterile Technician (Sterile Tech),N
31-9094.00,Medical Transcriptionists,Clinical Medical Transcriptionist,N
31-9094.00,Medical Transcriptionists,Documentation Specialist,N
31-9094.00,Medical Transcriptionists,Medical Language Specialist,N
31-9094.00,Medical Transcriptionists,Medical Scribe,Y
31-9094.00,Medical Transcriptionists,Medical Transcriber,N
31-9094.00,Medical Transcriptionists,Medical Transcriptionist,Y
31-9094.00,Medical Transcriptionists,Pathology Transcriptionist,N
31-9094.00,Medical Transcriptionists,Radiology Transcriptionist,Y
31-9094.00,Medical Transcriptionists,Scribe,N
31-9094.00,Medical Transcriptionists,Transcriptionist,Y
31-9095.00,Pharmacy Aides,Certified Pharmacist Assistant,N
31-9095.00,Pharmacy Aides,Front Counter Clerk,N
31-9095.00,Pharmacy Aides,Pharmacist Assistant,N
31-9095.00,Pharmacy Aides,Pharmacy Ancillary,N
31-9095.00,Pharmacy Aides,Pharmacy Assistant,Y
31-9095.00,Pharmacy Aides,Pharmacy Care Rep (Pharmacy Care Representative),N
31-9095.00,Pharmacy Aides,Pharmacy Cashier,Y
31-9095.00,Pharmacy Aides,Pharmacy Clerk,Y
31-9095.00,Pharmacy Aides,Pharmacy Helper,Y
31-9095.00,Pharmacy Aides,Pharmacy Support Person (PSP),N
31-9096.00,Veterinary Assistants and Laboratory Animal Caretakers,Animal Care Provider,Y
31-9096.00,Veterinary Assistants and Laboratory Animal Caretakers,Animal Caregiver,Y
31-9096.00,Veterinary Assistants and Laboratory Animal Caretakers,Avian Keeper,N
31-9096.00,Veterinary Assistants and Laboratory Animal Caretakers,Certified Veterinary Assistant,Y
31-9096.00,Veterinary Assistants and Laboratory Animal Caretakers,Emergency Veterinary Assistant,N
31-9096.00,Veterinary Assistants and Laboratory Animal Caretakers,Inpatient Technician Assistant,N
31-9096.00,Veterinary Assistants and Laboratory Animal Caretakers,Kennel Vet Assistant (Kennel Veterinary Assistant),N
31-9096.00,Veterinary Assistants and Laboratory Animal Caretakers,Research Animal Attendant,N
31-9096.00,Veterinary Assistants and Laboratory Animal Caretakers,Small Animal Caretaker,N
31-9096.00,Veterinary Assistants and Laboratory Animal Caretakers,Veterinarian Assistant (Vet Assistant),Y
31-9097.00,Phlebotomists,Lab Liaison Technician,Y
31-9097.00,Phlebotomists,Mobile Examiner,N
31-9097.00,Phlebotomists,Patient Service Technician (PST),N
31-9097.00,Phlebotomists,Phlebotomist Lab Assistant (Phlebotomist Laboratory Assistant),N
31-9097.00,Phlebotomists,Phlebotomy Technician (Phlebotomy Tech),Y
31-9097.00,Phlebotomists,Registered Phlebotomist,Y
31-9097.00,Phlebotomists,Registered Phlebotomy Technician (RPT),Y
31-9099.01,Speech-Language Pathology Assistants,Communication Assistant,Y
31-9099.01,Speech-Language Pathology Assistants,Speech Assistant,N
31-9099.01,Speech-Language Pathology Assistants,Speech Paraeducator,N
31-9099.01,Speech-Language Pathology Assistants,Speech Pathologist Assistant,Y
31-9099.01,Speech-Language Pathology Assistants,Speech Therapy Assistant,N
31-9099.01,Speech-Language Pathology Assistants,Speech-Language Assistant,N
31-9099.01,Speech-Language Pathology Assistants,Speech-Language Pathologist Assistant (SLPA),Y
31-9099.01,Speech-Language Pathology Assistants,Speech-Language Pathologists Assistant (SLPA),N
31-9099.01,Speech-Language Pathology Assistants,Speech-Language Pathology Assistant (SLPA),Y
31-9099.01,Speech-Language Pathology Assistants,Speech-Language Technician,N
31-9099.02,Endoscopy Technicians,Certified Endo Tech (Certified Endoscopy Technician),Y
31-9099.02,Endoscopy Technicians,Certified Endoscopic Reprocessor (CER),N
31-9099.02,Endoscopy Technicians,Certified Flexible Endoscope Reprocessor (CFER),Y
31-9099.02,Endoscopy Technicians,Certified Flexible Endoscopy Reprocessor (CFER),N
31-9099.02,Endoscopy Technicians,Endoscope Technician (Endoscope Tech),N
31-9099.02,Endoscopy Technicians,Endoscopy Specialty Technician (Endoscopy Specialty Tech),N
31-9099.02,Endoscopy Technicians,Endoscopy Technician (Endoscopy Tech),Y
31-9099.02,Endoscopy Technicians,GI Tech (Gastrointestinal Technician),Y
31-9099.02,Endoscopy Technicians,Procedural Assistant (Procedural Asst),N
31-9099.02,Endoscopy Technicians,Scope Tech (Scope Technician),N
33-1011.00,First-Line Supervisors of Correctional Officers,Correctional Officer Captain,Y
33-1011.00,First-Line Supervisors of Correctional Officers,Correctional Supervisor,Y
33-1012.00,First-Line Supervisors of Police and Detectives,Captain,N
33-1012.00,First-Line Supervisors of Police and Detectives,Deputy Sheriff,N
33-1012.00,First-Line Supervisors of Police and Detectives,Detective Sergeant,N
33-1012.00,First-Line Supervisors of Police and Detectives,Lieutenant,Y
33-1012.00,First-Line Supervisors of Police and Detectives,Patrol Sergeant,Y
33-1012.00,First-Line Supervisors of Police and Detectives,Police Captain,Y
33-1012.00,First-Line Supervisors of Police and Detectives,Police Chief,N
33-1012.00,First-Line Supervisors of Police and Detectives,Police Lieutenant,N
33-1012.00,First-Line Supervisors of Police and Detectives,Police Sergeant,Y
33-1012.00,First-Line Supervisors of Police and Detectives,Shift Supervisor,N
33-1021.00,First-Line Supervisors of Firefighting and Prevention Workers,Battalion Chief,N
33-1021.00,First-Line Supervisors of Firefighting and Prevention Workers,Engine Boss,Y
33-1021.00,First-Line Supervisors of Firefighting and Prevention Workers,Fire Battalion Chief,Y
33-1021.00,First-Line Supervisors of Firefighting and Prevention Workers,Fire Captain,Y
33-1021.00,First-Line Supervisors of Firefighting and Prevention Workers,Fire Chief,Y
33-1021.00,First-Line Supervisors of Firefighting and Prevention Workers,Fire Lieutenant,N
33-1021.00,First-Line Supervisors of Firefighting and Prevention Workers,Fire Marshal,N
33-1021.00,First-Line Supervisors of Firefighting and Prevention Workers,Fire Suppression Captain,N
33-1021.00,First-Line Supervisors of Firefighting and Prevention Workers,Forest Fire Specialist Supervisor,N
33-1021.00,First-Line Supervisors of Firefighting and Prevention Workers,Section Forest Fire Warden,N
33-1091.00,First-Line Supervisors of Security Workers,Campus Safety Chief,N
33-1091.00,First-Line Supervisors of Security Workers,Public Safety Manager,N
33-1091.00,First-Line Supervisors of Security Workers,Public Safety Supervisor,N
33-1091.00,First-Line Supervisors of Security Workers,Security Chief,N
33-1091.00,First-Line Supervisors of Security Workers,Security Director,Y
33-1091.00,First-Line Supervisors of Security Workers,Security Guard Supervisor,N
33-1091.00,First-Line Supervisors of Security Workers,Security Lieutenant,N
33-1091.00,First-Line Supervisors of Security Workers,Security Shift Supervisor,Y
33-1091.00,First-Line Supervisors of Security Workers,Security Supervisor,Y
33-1091.00,First-Line Supervisors of Security Workers,Shift Supervisor,Y
33-2011.00,Firefighters,Fire Engineer,Y
33-2011.00,Firefighters,Fire Equipment Operator,Y
33-2011.00,Firefighters,Fire Rescue Technician (Fire Rescue Tech),N
33-2011.00,Firefighters,Fire Technician (Fire Tech),N
33-2011.00,Firefighters,Fireman,Y
33-2011.00,Firefighters,Forest Fire Suppression Specialist,N
33-2011.00,Firefighters,Forestry Fire Technician (Forestry Fire Tech),N
33-2011.00,Firefighters,Hot Shot,N
33-2011.00,Firefighters,Rescue Firefighter,N
33-2011.00,Firefighters,Wildland Firefighter,Y
33-2021.00,Fire Inspectors and Investigators,Arson Investigator,Y
33-2021.00,Fire Inspectors and Investigators,Fire Code Inspector,N
33-2021.00,Fire Inspectors and Investigators,Fire Inspector,Y
33-2021.00,Fire Inspectors and Investigators,Fire Investigator,Y
33-2021.00,Fire Inspectors and Investigators,Fire Official,N
33-2021.00,Fire Inspectors and Investigators,Fire Prevention Inspector,Y
33-2021.00,Fire Inspectors and Investigators,Fire Prevention Specialist,N
33-2021.00,Fire Inspectors and Investigators,Fire Protection Specialist,N
33-2021.00,Fire Inspectors and Investigators,Fire Safety Inspector,N
33-2021.00,Fire Inspectors and Investigators,Fire Safety Specialist,N
33-2022.00,Forest Fire Inspectors and Prevention Specialists,Fire Management Officer,Y
33-2022.00,Forest Fire Inspectors and Prevention Specialists,Fire Operations Forester,N
33-2022.00,Forest Fire Inspectors and Prevention Specialists,Fire Prevention Officer,N
33-2022.00,Forest Fire Inspectors and Prevention Specialists,Fire Prevention Technician,Y
33-2022.00,Forest Fire Inspectors and Prevention Specialists,Fire Technician,N
33-2022.00,Forest Fire Inspectors and Prevention Specialists,Forest Officer,Y
33-2022.00,Forest Fire Inspectors and Prevention Specialists,Forest Patrolman,Y
33-2022.00,Forest Fire Inspectors and Prevention Specialists,Forestry Patrolman,N
33-2022.00,Forest Fire Inspectors and Prevention Specialists,Wildfire Mitigation Specialist,N
33-2022.00,Forest Fire Inspectors and Prevention Specialists,Wildfire Prevention Specialist,N
33-3011.00,Bailiffs,Bailiff,Y
33-3011.00,Bailiffs,Court Bailiff,Y
33-3011.00,Bailiffs,Court Constable,N
33-3011.00,Bailiffs,Court Deputy,N
33-3011.00,Bailiffs,Court Officer,Y
33-3011.00,Bailiffs,Court Security Officer,Y
33-3011.00,Bailiffs,Deputy Bailiff,N
33-3011.00,Bailiffs,Deputy Court Services Sheriff,N
33-3011.00,Bailiffs,Security Officer,N
33-3012.00,Correctional Officers and Jailers,Booking Officer,N
33-3012.00,Correctional Officers and Jailers,Community Services Officer (CSO),N
33-3012.00,Correctional Officers and Jailers,Correctional Officer,Y
33-3012.00,Correctional Officers and Jailers,Corrections Officer (CO),Y
33-3012.00,Correctional Officers and Jailers,Deputy Jailer,N
33-3012.00,Correctional Officers and Jailers,Detention Deputy,N
33-3012.00,Correctional Officers and Jailers,Detention Officer,Y
33-3012.00,Correctional Officers and Jailers,Jail Officer,N
33-3012.00,Correctional Officers and Jailers,Jailer,Y
33-3012.00,Correctional Officers and Jailers,Jailor,N
33-3021.00,Detectives and Criminal Investigators,Criminal Investigator,Y
33-3021.00,Detectives and Criminal Investigators,CSI (Crime Scene Investigator),N
33-3021.00,Detectives and Criminal Investigators,Detective,Y
33-3021.00,Detectives and Criminal Investigators,Fugitive Detective,N
33-3021.00,Detectives and Criminal Investigators,Fugitive Investigator,N
33-3021.00,Detectives and Criminal Investigators,Investigator,Y
33-3021.00,Detectives and Criminal Investigators,Narcotics Detective,N
33-3021.00,Detectives and Criminal Investigators,Narcotics Investigator,N
33-3021.00,Detectives and Criminal Investigators,Police Detective,Y
33-3021.00,Detectives and Criminal Investigators,Special Agent,N
33-3021.02,Police Identification and Records Officers,Crime Lab Analyst (Crime Laboratory Analyst),N
33-3021.02,Police Identification and Records Officers,Crime Scene Investigator (CSI),Y
33-3021.02,Police Identification and Records Officers,Crime Scene Technician,Y
33-3021.02,Police Identification and Records Officers,Criminalist,Y
33-3021.02,Police Identification and Records Officers,Evidence Technician (Evidence Tech),N
33-3021.02,Police Identification and Records Officers,Field Identification Specialist,N
33-3021.02,Police Identification and Records Officers,Forensic Specialist,Y
33-3021.02,Police Identification and Records Officers,Identification Technician (Identification Tech),N
33-3021.02,Police Identification and Records Officers,Latent Fingerprint Examiner,N
33-3021.02,Police Identification and Records Officers,Police Officer,N
33-3021.06,Intelligence Analysts,Anti-Terrorist Analyst,N
33-3021.06,Intelligence Analysts,Crime Analyst (Criminal Analyst),Y
33-3021.06,Intelligence Analysts,Crime and Intelligence Analyst (Criminal and Intelligence Analyst),N
33-3021.06,Intelligence Analysts,Crime Intelligence Analyst (Criminal Intelligence Analyst),Y
33-3021.06,Intelligence Analysts,Crime Research Specialist (Criminal Research Specialist),N
33-3021.06,Intelligence Analysts,Intel Analyst (Intelligence Analyst),Y
33-3021.06,Intelligence Analysts,Intel Research Specialist (Intelligence Research Specialist),Y
33-3021.06,Intelligence Analysts,Investigative Intel Analysts (Investigative Intelligence Analysts),N
33-3021.06,Intelligence Analysts,Police Crime and Intel Analyst (Police Crime and Intelligence Analyst),N
33-3021.06,Intelligence Analysts,Terrorism Research Specialist,N
33-3031.00,Fish and Game Wardens,Conservation Enforcement Officer,N
33-3031.00,Fish and Game Wardens,Conservation Officer,N
33-3031.00,Fish and Game Wardens,Conservation Warden,N
33-3031.00,Fish and Game Wardens,Fish and Game Constable,N
33-3031.00,Fish and Game Wardens,Game Warden,Y
33-3031.00,Fish and Game Wardens,Refuge Officer,N
33-3031.00,Fish and Game Wardens,State Game Warden,N
33-3031.00,Fish and Game Wardens,State Wildlife Officer,Y
33-3031.00,Fish and Game Wardens,Wildlife Conservation Officer,Y
33-3031.00,Fish and Game Wardens,Wildlife Officer,Y
33-3041.00,Parking Enforcement Workers,Meter Maid,N
33-3041.00,Parking Enforcement Workers,Parking Control Officer,Y
33-3041.00,Parking Enforcement Workers,Parking Enforcement Officer (PEO),Y
33-3041.00,Parking Enforcement Workers,Parking Enforcement Technician (Parking Enforcement Tech),N
33-3041.00,Parking Enforcement Workers,Parking Enforcer,Y
33-3041.00,Parking Enforcement Workers,Parking Officer,N
33-3041.00,Parking Enforcement Workers,Parking Patroller,N
33-3041.00,Parking Enforcement Workers,Parking Regulation Enforcement Officer,N
33-3041.00,Parking Enforcement Workers,Parking Technician (Parking Tech),N
33-3041.00,Parking Enforcement Workers,Ticket Writer,Y
33-3051.00,Police and Sheriff's Patrol Officers,Deputy Sheriff,Y
33-3051.00,Police and Sheriff's Patrol Officers,K-9 Handler (Canine Handler),N
33-3051.00,Police and Sheriff's Patrol Officers,Law Enforcement Officer,N
33-3051.00,Police and Sheriff's Patrol Officers,Patrol Officer,Y
33-3051.00,Police and Sheriff's Patrol Officers,Peace Officer,N
33-3051.00,Police and Sheriff's Patrol Officers,Police Officer,Y
33-3051.00,Police and Sheriff's Patrol Officers,Police Patrol Officer,N
33-3051.00,Police and Sheriff's Patrol Officers,Public Safety Officer (PSO),N
33-3051.00,Police and Sheriff's Patrol Officers,SRO (School Resource Officer),N
33-3051.00,Police and Sheriff's Patrol Officers,State Trooper,Y
33-3051.04,Customs and Border Protection Officers,Canine Enforcement Officer (K-9 Enforcement Officer),N
33-3051.04,Customs and Border Protection Officers,Customs Inspector,Y
33-3051.04,Customs and Border Protection Officers,Customs Officer,Y
33-3051.04,Customs and Border Protection Officers,Import Specialist,N
33-3051.04,Customs and Border Protection Officers,Special Agent,Y
33-3051.04,Customs and Border Protection Officers,US Customs and Border Protection Officer (US CBPO),Y
33-3052.00,Transit and Railroad Police,Law Enforcement Officer,N
33-3052.00,Transit and Railroad Police,Patrol Man,N
33-3052.00,Transit and Railroad Police,Patrol Officer,N
33-3052.00,Transit and Railroad Police,Patrolman,Y
33-3052.00,Transit and Railroad Police,Police Captain,N
33-3052.00,Transit and Railroad Police,Police Specialist,N
33-3052.00,Transit and Railroad Police,Railroad Police,Y
33-3052.00,Transit and Railroad Police,Railroad Police Officer,Y
33-3052.00,Transit and Railroad Police,Transit Police Officer,Y
33-9011.00,Animal Control Workers,ACO (Animal Control Officer),Y
33-9011.00,Animal Control Workers,Animal Attendant,N
33-9011.00,Animal Control Workers,Animal Cruelty Investigator,N
33-9011.00,Animal Control Workers,Animal Enforcement Officer,Y
33-9011.00,Animal Control Workers,Animal Instructor Officer,N
33-9011.00,Animal Control Workers,Animal Ordinance Enforcement Officer,N
33-9011.00,Animal Control Workers,Animal Park Code Enforcement Officer,Y
33-9011.00,Animal Control Workers,Animal Safety Officer,N
33-9011.00,Animal Control Workers,Animal Services Officer,Y
33-9011.00,Animal Control Workers,Community Service Officer,N
33-9021.00,Private Detectives and Investigators,Asset Protection Detective,N
33-9021.00,Private Detectives and Investigators,Field Investigator,N
33-9021.00,Private Detectives and Investigators,Investigator,Y
33-9021.00,Private Detectives and Investigators,Loss Prevention Agent,N
33-9021.00,Private Detectives and Investigators,Loss Prevention Associate,N
33-9021.00,Private Detectives and Investigators,Loss Prevention Detective,Y
33-9021.00,Private Detectives and Investigators,Loss Prevention Investigator,N
33-9021.00,Private Detectives and Investigators,Loss Prevention Officer,Y
33-9021.00,Private Detectives and Investigators,Private Investigator,Y
33-9021.00,Private Detectives and Investigators,Special Investigator,N
33-9031.00,Gambling Surveillance Officers and Gambling Investigators,Casino Enforcement Agent,N
33-9031.00,Gambling Surveillance Officers and Gambling Investigators,Gaming Investigator,N
33-9031.00,Gambling Surveillance Officers and Gambling Investigators,Security Officer,N
33-9031.00,Gambling Surveillance Officers and Gambling Investigators,Surveillance Agent,Y
33-9031.00,Gambling Surveillance Officers and Gambling Investigators,Surveillance Investigator,N
33-9031.00,Gambling Surveillance Officers and Gambling Investigators,Surveillance Monitor,N
33-9031.00,Gambling Surveillance Officers and Gambling Investigators,Surveillance Observer,Y
33-9031.00,Gambling Surveillance Officers and Gambling Investigators,Surveillance Officer,Y
33-9031.00,Gambling Surveillance Officers and Gambling Investigators,Surveillance Operator,Y
33-9031.00,Gambling Surveillance Officers and Gambling Investigators,Surveillance Technician,N
33-9032.00,Security Guards,Armed Security Officer,N
33-9032.00,Security Guards,Campus Security Officer (CSO),N
33-9032.00,Security Guards,Custom Protection Officer (CPO),N
33-9032.00,Security Guards,Customer Service Security Officer,N
33-9032.00,Security Guards,Hotel Security Officer,N
33-9032.00,Security Guards,Loss Prevention Officer,N
33-9032.00,Security Guards,Safety and Security Officer,Y
33-9032.00,Security Guards,Security Agent,Y
33-9032.00,Security Guards,Security Guard,Y
33-9032.00,Security Guards,Security Officer,Y
33-9091.00,Crossing Guards and Flaggers,Adult Crossing Guard,Y
33-9091.00,Crossing Guards and Flaggers,Community Service Officer,Y
33-9091.00,Crossing Guards and Flaggers,Crossing Guard,Y
33-9091.00,Crossing Guards and Flaggers,Road Crossing Guard,N
33-9091.00,Crossing Guards and Flaggers,School Crossing Guard,Y
33-9091.00,Crossing Guards and Flaggers,Substitute Crossing Guard,N
33-9092.00,"Lifeguards, Ski Patrol, and Other Recreational Protective Service Workers",Beach Attendant,N
33-9092.00,"Lifeguards, Ski Patrol, and Other Recreational Protective Service Workers",Beach Lifeguard,N
33-9092.00,"Lifeguards, Ski Patrol, and Other Recreational Protective Service Workers",Lifeguard,Y
33-9092.00,"Lifeguards, Ski Patrol, and Other Recreational Protective Service Workers",Marine Safety Officer,N
33-9092.00,"Lifeguards, Ski Patrol, and Other Recreational Protective Service Workers",Ocean Lifeguard,Y
33-9092.00,"Lifeguards, Ski Patrol, and Other Recreational Protective Service Workers",Ocean Lifeguard Specialist,N
33-9092.00,"Lifeguards, Ski Patrol, and Other Recreational Protective Service Workers",Pool Attendant,Y
33-9092.00,"Lifeguards, Ski Patrol, and Other Recreational Protective Service Workers",Pool Lifeguard,N
33-9092.00,"Lifeguards, Ski Patrol, and Other Recreational Protective Service Workers",Ski Patrol Paramedic,N
33-9092.00,"Lifeguards, Ski Patrol, and Other Recreational Protective Service Workers",Ski Patroller,Y
33-9093.00,Transportation Security Screeners,Security Screener,Y
33-9093.00,Transportation Security Screeners,Transportation Security Officer (TSO),Y
33-9094.00,School Bus Monitors,Bus Aide,Y
33-9094.00,School Bus Monitors,Bus Assistant,Y
33-9094.00,School Bus Monitors,Bus Attendant,N
33-9094.00,School Bus Monitors,Bus Monitor,Y
33-9094.00,School Bus Monitors,Bus Paraeducator,Y
33-9094.00,School Bus Monitors,School Bus Aide,N
33-9094.00,School Bus Monitors,School Transportation Aide,N
33-9094.00,School Bus Monitors,SPED Bus Aide (Special Ed Bus Aide),N
33-9094.00,School Bus Monitors,SPED Bus Paraeducator (Special Education Bus Paraeducator),N
33-9094.00,School Bus Monitors,SPED School Bus Monitor (Special Education School Bus Monitor),N
33-9099.02,Retail Loss Prevention Specialists,Asset Protection Associate (APA),N
33-9099.02,Retail Loss Prevention Specialists,Loss Prevention Agent,Y
33-9099.02,Retail Loss Prevention Specialists,Loss Prevention Associate (LPA),Y
33-9099.02,Retail Loss Prevention Specialists,Loss Prevention Detective,Y
33-9099.02,Retail Loss Prevention Specialists,Loss Prevention Investigator,N
33-9099.02,Retail Loss Prevention Specialists,Loss Prevention Officer,Y
33-9099.02,Retail Loss Prevention Specialists,Loss Prevention Specialist,N
33-9099.02,Retail Loss Prevention Specialists,Retail Asset Protection Specialist,N
35-1011.00,Chefs and Head Cooks,Banquet Chef,N
35-1011.00,Chefs and Head Cooks,Chef,Y
35-1011.00,Chefs and Head Cooks,Cook,N
35-1011.00,Chefs and Head Cooks,Executive Chef (Ex Chef),Y
35-1011.00,Chefs and Head Cooks,Executive Pastry Chef,N
35-1011.00,Chefs and Head Cooks,Executive Sous Chef,N
35-1011.00,Chefs and Head Cooks,Food and Beverage Director,N
35-1011.00,Chefs and Head Cooks,Head Cook,N
35-1011.00,Chefs and Head Cooks,Kitchen Manager,Y
35-1011.00,Chefs and Head Cooks,Sous Chef,Y
35-1012.00,First-Line Supervisors of Food Preparation and Serving Workers,Cafeteria Manager,N
35-1012.00,First-Line Supervisors of Food Preparation and Serving Workers,Dietary Supervisor,Y
35-1012.00,First-Line Supervisors of Food Preparation and Serving Workers,Dining Services Director,N
35-1012.00,First-Line Supervisors of Food Preparation and Serving Workers,Food and Beverage Director,N
35-1012.00,First-Line Supervisors of Food Preparation and Serving Workers,Food and Nutrition Services Supervisor,N
35-1012.00,First-Line Supervisors of Food Preparation and Serving Workers,Food Production Supervisor,N
35-1012.00,First-Line Supervisors of Food Preparation and Serving Workers,Food Service Supervisor,Y
35-1012.00,First-Line Supervisors of Food Preparation and Serving Workers,Kitchen Manager,Y
35-1012.00,First-Line Supervisors of Food Preparation and Serving Workers,Kitchen Supervisor,N
35-1012.00,First-Line Supervisors of Food Preparation and Serving Workers,Restaurant Manager,Y
35-2011.00,"Cooks, Fast Food",Cook,Y
35-2011.00,"Cooks, Fast Food",Cook Line Worker,N
35-2011.00,"Cooks, Fast Food",Fast Food Cook,N
35-2011.00,"Cooks, Fast Food",Food Cook,N
35-2011.00,"Cooks, Fast Food",Fry Cook,N
35-2011.00,"Cooks, Fast Food",Fryer,N
35-2011.00,"Cooks, Fast Food",Grill Cook,Y
35-2011.00,"Cooks, Fast Food",Line Cook,Y
35-2011.00,"Cooks, Fast Food",Pizza Cook,Y
35-2011.00,"Cooks, Fast Food",Pizza Maker,N
35-2012.00,"Cooks, Institution and Cafeteria",Cafeteria Cook,Y
35-2012.00,"Cooks, Institution and Cafeteria",Cook,Y
35-2012.00,"Cooks, Institution and Cafeteria",Dietary Cook,Y
35-2012.00,"Cooks, Institution and Cafeteria",Dinner Cook,N
35-2012.00,"Cooks, Institution and Cafeteria",Food Service Specialist,N
35-2012.00,"Cooks, Institution and Cafeteria",Food Service Worker,N
35-2012.00,"Cooks, Institution and Cafeteria",Prep Cook (Preparatory Cook),N
35-2012.00,"Cooks, Institution and Cafeteria",School Cook,Y
35-2012.00,"Cooks, Institution and Cafeteria",Sous Chef,N
35-2013.00,"Cooks, Private Household",Certified Personal Chef (CPC),Y
35-2013.00,"Cooks, Private Household",Personal Chef,Y
35-2013.00,"Cooks, Private Household",Personal Private Chef,Y
35-2013.00,"Cooks, Private Household",Private Chef,Y
35-2014.00,"Cooks, Restaurant",Back Line Cook,N
35-2014.00,"Cooks, Restaurant",Banquet Cook,Y
35-2014.00,"Cooks, Restaurant",Breakfast Cook,N
35-2014.00,"Cooks, Restaurant",Cook,N
35-2014.00,"Cooks, Restaurant",Fry Cook,N
35-2014.00,"Cooks, Restaurant",Grill Cook,Y
35-2014.00,"Cooks, Restaurant",Line Cook,Y
35-2014.00,"Cooks, Restaurant",Prep Cook (Preparation Cook),Y
35-2014.00,"Cooks, Restaurant",Prep Person (Preparation Person),N
35-2014.00,"Cooks, Restaurant",Saucier,N
35-2015.00,"Cooks, Short Order",Broiler Cook,N
35-2015.00,"Cooks, Short Order",Cook,Y
35-2015.00,"Cooks, Short Order",Deli Cook (Delicatessen Cook),N
35-2015.00,"Cooks, Short Order",Food and Beverage Attendant,N
35-2015.00,"Cooks, Short Order",Grill Cook,Y
35-2015.00,"Cooks, Short Order",Line Cook,Y
35-2015.00,"Cooks, Short Order",Pizza Maker,N
35-2015.00,"Cooks, Short Order",Prep Cook (Preparation Cook),N
35-2015.00,"Cooks, Short Order",Short Order Cook,Y
35-2015.00,"Cooks, Short Order",Snack Bar Cook,N
35-2021.00,Food Preparation Workers,Cook,Y
35-2021.00,Food Preparation Workers,Cook Aide,N
35-2021.00,Food Preparation Workers,Deli Clerk (Delicatessen Clerk),Y
35-2021.00,Food Preparation Workers,Diet Aide,N
35-2021.00,Food Preparation Workers,Dietary Aide,Y
35-2021.00,Food Preparation Workers,Food Prep (Food Preparer),N
35-2021.00,Food Preparation Workers,Food Service Aide,N
35-2021.00,Food Preparation Workers,Food Service Worker (FSW),Y
35-2021.00,Food Preparation Workers,Line Cook,N
35-2021.00,Food Preparation Workers,Nutrition Aide,N
35-3011.00,Bartenders,Banquet Bartender,Y
35-3011.00,Bartenders,Bar Captain,Y
35-3011.00,Bartenders,Bartender,Y
35-3011.00,Bartenders,Mixologist,Y
35-3023.00,Fast Food and Counter Workers,Cafe Server,N
35-3023.00,Fast Food and Counter Workers,Cafeteria Server,N
35-3023.00,Fast Food and Counter Workers,Cafeteria Worker,Y
35-3023.00,Fast Food and Counter Workers,Counter Worker,Y
35-3023.00,Fast Food and Counter Workers,Deli Worker (Delicatessen Worker),N
35-3023.00,Fast Food and Counter Workers,Dietary Aide,N
35-3023.00,Fast Food and Counter Workers,Food Server,N
35-3023.00,Fast Food and Counter Workers,Food Service Worker,Y
35-3023.00,Fast Food and Counter Workers,Server,Y
35-3023.00,Fast Food and Counter Workers,Snack Bar Attendant,N
35-3023.01,Baristas,Bobarista,Y
35-3023.01,Baristas,Catering Barista,Y
35-3031.00,Waiters and Waitresses,Banquet Server,N
35-3031.00,Waiters and Waitresses,Busser,N
35-3031.00,Waiters and Waitresses,Cocktail Server,N
35-3031.00,Waiters and Waitresses,Food Runner,N
35-3031.00,Waiters and Waitresses,Food Server,Y
35-3031.00,Waiters and Waitresses,Restaurant Server,N
35-3031.00,Waiters and Waitresses,Room Service Server,N
35-3031.00,Waiters and Waitresses,Server,Y
35-3031.00,Waiters and Waitresses,Waiter,Y
35-3031.00,Waiters and Waitresses,Waitress,Y
35-3041.00,"Food Servers, Nonrestaurant",Food Server,N
35-3041.00,"Food Servers, Nonrestaurant",Food Service Worker,Y
35-3041.00,"Food Servers, Nonrestaurant",Kitchen Runner,N
35-3041.00,"Food Servers, Nonrestaurant",Room Server,Y
35-3041.00,"Food Servers, Nonrestaurant",Room Service Server,Y
35-3041.00,"Food Servers, Nonrestaurant",Tray Server,Y
35-9011.00,Dining Room and Cafeteria Attendants and Bartender Helpers,Barback,Y
35-9011.00,Dining Room and Cafeteria Attendants and Bartender Helpers,Buffet Attendant,N
35-9011.00,Dining Room and Cafeteria Attendants and Bartender Helpers,Bus Boy,Y
35-9011.00,Dining Room and Cafeteria Attendants and Bartender Helpers,Bus Person,Y
35-9011.00,Dining Room and Cafeteria Attendants and Bartender Helpers,Busser,Y
35-9011.00,Dining Room and Cafeteria Attendants and Bartender Helpers,Dining Room Attendant,N
35-9011.00,Dining Room and Cafeteria Attendants and Bartender Helpers,Food Service Aide,N
35-9011.00,Dining Room and Cafeteria Attendants and Bartender Helpers,Food Service Helper,N
35-9011.00,Dining Room and Cafeteria Attendants and Bartender Helpers,Server Assistant,N
35-9011.00,Dining Room and Cafeteria Attendants and Bartender Helpers,Server's Assistant,N
35-9021.00,Dishwashers,Busser,Y
35-9021.00,Dishwashers,Dish Machine Operator (DMO),N
35-9021.00,Dishwashers,Dish Room Worker,N
35-9021.00,Dishwashers,Dish Runner,N
35-9021.00,Dishwashers,Dish Technician (Dish Tech),N
35-9021.00,Dishwashers,Dishwasher,Y
35-9021.00,Dishwashers,Kitchen Helper,N
35-9021.00,Dishwashers,Kitchen Steward,Y
35-9021.00,Dishwashers,Steward,Y
35-9021.00,Dishwashers,Utility Worker,N
35-9031.00,"Hosts and Hostesses, Restaurant, Lounge, and Coffee Shop",Buffet Hostess,Y
35-9031.00,"Hosts and Hostesses, Restaurant, Lounge, and Coffee Shop",Dining Coordinator,N
35-9031.00,"Hosts and Hostesses, Restaurant, Lounge, and Coffee Shop",Greeter,Y
35-9031.00,"Hosts and Hostesses, Restaurant, Lounge, and Coffee Shop",Host,Y
35-9031.00,"Hosts and Hostesses, Restaurant, Lounge, and Coffee Shop",Host Coordinator,N
35-9031.00,"Hosts and Hostesses, Restaurant, Lounge, and Coffee Shop",Hostess,Y
35-9031.00,"Hosts and Hostesses, Restaurant, Lounge, and Coffee Shop",Private Dining Coordinator,N
35-9031.00,"Hosts and Hostesses, Restaurant, Lounge, and Coffee Shop",Seater,N
37-1011.00,First-Line Supervisors of Housekeeping and Janitorial Workers,Building Services Supervisor,N
37-1011.00,First-Line Supervisors of Housekeeping and Janitorial Workers,Buildings and Grounds Supervisor,N
37-1011.00,First-Line Supervisors of Housekeeping and Janitorial Workers,Custodian Supervisor,N
37-1011.00,First-Line Supervisors of Housekeeping and Janitorial Workers,Environmental Services Supervisor (EVS),Y
37-1011.00,First-Line Supervisors of Housekeeping and Janitorial Workers,Executive Housekeeper,Y
37-1011.00,First-Line Supervisors of Housekeeping and Janitorial Workers,Housekeeping Supervisor,Y
37-1011.00,First-Line Supervisors of Housekeeping and Janitorial Workers,Janitorial Supervisor,N
37-1011.00,First-Line Supervisors of Housekeeping and Janitorial Workers,Laundry Supervisor,N
37-1011.00,First-Line Supervisors of Housekeeping and Janitorial Workers,Maintenance Supervisor,Y
37-1012.00,"First-Line Supervisors of Landscaping, Lawn Service, and Groundskeeping Workers",Field Manager,N
37-1012.00,"First-Line Supervisors of Landscaping, Lawn Service, and Groundskeeping Workers",Golf Course Superintendent,Y
37-1012.00,"First-Line Supervisors of Landscaping, Lawn Service, and Groundskeeping Workers",Grounds Crew Supervisor,N
37-1012.00,"First-Line Supervisors of Landscaping, Lawn Service, and Groundskeeping Workers",Grounds Foreman,N
37-1012.00,"First-Line Supervisors of Landscaping, Lawn Service, and Groundskeeping Workers",Grounds Maintenance Supervisor,N
37-1012.00,"First-Line Supervisors of Landscaping, Lawn Service, and Groundskeeping Workers",Grounds Manager,Y
37-1012.00,"First-Line Supervisors of Landscaping, Lawn Service, and Groundskeeping Workers",Grounds Supervisor,Y
37-1012.00,"First-Line Supervisors of Landscaping, Lawn Service, and Groundskeeping Workers",Groundskeeper Supervisor,N
37-1012.00,"First-Line Supervisors of Landscaping, Lawn Service, and Groundskeeping Workers",Landscape Manager,N
37-1012.00,"First-Line Supervisors of Landscaping, Lawn Service, and Groundskeeping Workers",Landscape Supervisor,Y
37-2011.00,"Janitors and Cleaners, Except Maids and Housekeeping Cleaners",Building Custodian,N
37-2011.00,"Janitors and Cleaners, Except Maids and Housekeeping Cleaners",Building Services Technician (Building Services Tech),N
37-2011.00,"Janitors and Cleaners, Except Maids and Housekeeping Cleaners",Building Services Worker,N
37-2011.00,"Janitors and Cleaners, Except Maids and Housekeeping Cleaners",Cleaner,Y
37-2011.00,"Janitors and Cleaners, Except Maids and Housekeeping Cleaners",Custodial Worker,Y
37-2011.00,"Janitors and Cleaners, Except Maids and Housekeeping Cleaners",Custodian,Y
37-2011.00,"Janitors and Cleaners, Except Maids and Housekeeping Cleaners",Facilities Worker,N
37-2011.00,"Janitors and Cleaners, Except Maids and Housekeeping Cleaners",Heavy Duty Custodian,N
37-2011.00,"Janitors and Cleaners, Except Maids and Housekeeping Cleaners",Janitor,Y
37-2011.00,"Janitors and Cleaners, Except Maids and Housekeeping Cleaners",School Custodian,N
37-2012.00,Maids and Housekeeping Cleaners,Chambermaid,N
37-2012.00,Maids and Housekeeping Cleaners,Cleaner,N
37-2012.00,Maids and Housekeeping Cleaners,Cottage Attendant,N
37-2012.00,Maids and Housekeeping Cleaners,Environmental Services Aide,Y
37-2012.00,Maids and Housekeeping Cleaners,Environmental Services Worker,Y
37-2012.00,Maids and Housekeeping Cleaners,Guest Room Attendant (GRA),N
37-2012.00,Maids and Housekeeping Cleaners,Housekeeper,Y
37-2012.00,Maids and Housekeeping Cleaners,Housekeeping Laundry Worker,Y
37-2012.00,Maids and Housekeeping Cleaners,Room Cleaner,N
37-2021.00,Pest Control Workers,Commercial Pest Control Technician (Commercial Pest Control Tech),N
37-2021.00,Pest Control Workers,Exterminator,N
37-2021.00,Pest Control Workers,Pest Control Applicator,Y
37-2021.00,Pest Control Workers,Pest Control Chemical Technician (Pest Control Chemical Tech),N
37-2021.00,Pest Control Workers,Pest Control Operator,N
37-2021.00,Pest Control Workers,Pest Control Technician (Pest Control Tech),Y
37-2021.00,Pest Control Workers,Pest Technician (Pest Tech),Y
37-2021.00,Pest Control Workers,Residential Pest Control Technician (Residential Pest Control Tech),N
37-2021.00,Pest Control Workers,Route Technician (Route Tech),N
37-2021.00,Pest Control Workers,Termite Technician (Termite Tech),Y
37-3011.00,Landscaping and Groundskeeping Workers,Athletic Fieldskeeper,N
37-3011.00,Landscaping and Groundskeeping Workers,Greenskeeper,Y
37-3011.00,Landscaping and Groundskeeping Workers,Grounds Maintenance Worker,N
37-3011.00,Landscaping and Groundskeeping Workers,Grounds Specialist,N
37-3011.00,Landscaping and Groundskeeping Workers,Groundskeeper,Y
37-3011.00,Landscaping and Groundskeeping Workers,Groundsman,Y
37-3011.00,Landscaping and Groundskeeping Workers,Landscape Specialist,N
37-3011.00,Landscaping and Groundskeeping Workers,Landscape Technician (Landscape Tech),N
37-3011.00,Landscaping and Groundskeeping Workers,Landscaper,Y
37-3011.00,Landscaping and Groundskeeping Workers,Outside Maintenance Worker,N
37-3012.00,"Pesticide Handlers, Sprayers, and Applicators, Vegetation",Applicator,Y
37-3012.00,"Pesticide Handlers, Sprayers, and Applicators, Vegetation",Chemical Applicator,Y
37-3012.00,"Pesticide Handlers, Sprayers, and Applicators, Vegetation",Herbicide Applicator,N
37-3012.00,"Pesticide Handlers, Sprayers, and Applicators, Vegetation",IPM Technician (Integrated Pest Management Technician),N
37-3012.00,"Pesticide Handlers, Sprayers, and Applicators, Vegetation",Lawn Specialist,N
37-3012.00,"Pesticide Handlers, Sprayers, and Applicators, Vegetation",Pesticide Applicator,Y
37-3012.00,"Pesticide Handlers, Sprayers, and Applicators, Vegetation",Shrub Technician (Shrub Tech),N
37-3012.00,"Pesticide Handlers, Sprayers, and Applicators, Vegetation",Spray Applicator,N
37-3012.00,"Pesticide Handlers, Sprayers, and Applicators, Vegetation",Spray Technician (Spray Tech),Y
37-3012.00,"Pesticide Handlers, Sprayers, and Applicators, Vegetation",Sprayer,N
37-3013.00,Tree Trimmers and Pruners,Arborist,Y
37-3013.00,Tree Trimmers and Pruners,Climber,N
37-3013.00,Tree Trimmers and Pruners,Grounds Worker,N
37-3013.00,Tree Trimmers and Pruners,Groundsman,Y
37-3013.00,Tree Trimmers and Pruners,Laborer,N
37-3013.00,Tree Trimmers and Pruners,Plant Health Care Technician,N
37-3013.00,Tree Trimmers and Pruners,Tree Climber,Y
37-3013.00,Tree Trimmers and Pruners,Tree Trimmer,Y
37-3013.00,Tree Trimmers and Pruners,Trimmer,N
39-1013.00,First-Line Supervisors of Gambling Services Workers,Casino Manager,N
39-1013.00,First-Line Supervisors of Gambling Services Workers,Casino Shift Manager (CSM),Y
39-1013.00,First-Line Supervisors of Gambling Services Workers,Floor Supervisor,Y
39-1013.00,First-Line Supervisors of Gambling Services Workers,Pit Boss,N
39-1013.00,First-Line Supervisors of Gambling Services Workers,Pit Supervisor,N
39-1013.00,First-Line Supervisors of Gambling Services Workers,Slot Floor Person,N
39-1013.00,First-Line Supervisors of Gambling Services Workers,Slot Shift Manager,N
39-1013.00,First-Line Supervisors of Gambling Services Workers,Slot Shift Supervisor,N
39-1013.00,First-Line Supervisors of Gambling Services Workers,Slot Supervisor,Y
39-1013.00,First-Line Supervisors of Gambling Services Workers,Table Games Supervisor,Y
39-1014.00,"First-Line Supervisors of Entertainment and Recreation Workers, Except Gambling Services",Caddymaster,N
39-1014.00,"First-Line Supervisors of Entertainment and Recreation Workers, Except Gambling Services",Community Life Director,N
39-1014.00,"First-Line Supervisors of Entertainment and Recreation Workers, Except Gambling Services",Guest Services Manager,Y
39-1014.00,"First-Line Supervisors of Entertainment and Recreation Workers, Except Gambling Services",Guest Services Supervisor,N
39-1014.00,"First-Line Supervisors of Entertainment and Recreation Workers, Except Gambling Services",Hair Salon Manager,Y
39-1014.00,"First-Line Supervisors of Entertainment and Recreation Workers, Except Gambling Services",Recreation Coordinator,Y
39-1014.00,"First-Line Supervisors of Entertainment and Recreation Workers, Except Gambling Services",Recreation Supervisor,N
39-1014.00,"First-Line Supervisors of Entertainment and Recreation Workers, Except Gambling Services",Salon Manager,Y
39-1014.00,"First-Line Supervisors of Entertainment and Recreation Workers, Except Gambling Services",Summer Camp Supervisor,N
39-1014.00,"First-Line Supervisors of Entertainment and Recreation Workers, Except Gambling Services",Visitor Experience Supervisor,N
39-1022.00,First-Line Supervisors of Personal Service Workers,Adult Family Home Program Manager,N
39-1022.00,First-Line Supervisors of Personal Service Workers,Aquatics Supervisor,Y
39-1022.00,First-Line Supervisors of Personal Service Workers,Bar and Restaurant Manager,N
39-1022.00,First-Line Supervisors of Personal Service Workers,Clinical Care Coordinator,Y
39-1022.00,First-Line Supervisors of Personal Service Workers,Clinical Coordinator,N
39-1022.00,First-Line Supervisors of Personal Service Workers,Clinical Services Program Manager,N
39-1022.00,First-Line Supervisors of Personal Service Workers,Direct Care Supervisor,Y
39-1022.00,First-Line Supervisors of Personal Service Workers,Housekeeping Supervisor,N
39-1022.00,First-Line Supervisors of Personal Service Workers,Resident Care Supervisor,Y
39-2011.00,Animal Trainers,Agility Instructor,N
39-2011.00,Animal Trainers,Dog Obedience Instructor,N
39-2011.00,Animal Trainers,Dog Trainer,Y
39-2011.00,Animal Trainers,Guide Dog Instructor,N
39-2011.00,Animal Trainers,Guide Dog Mobility Instructor (GDMI),Y
39-2011.00,Animal Trainers,Guide Dog Trainer,N
39-2011.00,Animal Trainers,Horse Trainer,Y
39-2011.00,Animal Trainers,Racehorse Trainer,N
39-2011.00,Animal Trainers,Service Dog Trainer,N
39-2011.00,Animal Trainers,Trainer,Y
39-2021.00,Animal Caretakers,Animal Care Giver (ACG),N
39-2021.00,Animal Caretakers,Aquarist,Y
39-2021.00,Animal Caretakers,Dog Bather,N
39-2021.00,Animal Caretakers,Dog Groomer,Y
39-2021.00,Animal Caretakers,Groomer,Y
39-2021.00,Animal Caretakers,Kennel Attendant,N
39-2021.00,Animal Caretakers,Kennel Technician (Kennel Tech),Y
39-2021.00,Animal Caretakers,Pet Groomer,N
39-2021.00,Animal Caretakers,Pet Stylist,N
39-2021.00,Animal Caretakers,Zookeeper,N
39-3011.00,Gambling Dealers,Black Jack Dealer,N
39-3011.00,Gambling Dealers,Blackjack Dealer,Y
39-3011.00,Gambling Dealers,Card Dealer,N
39-3011.00,Gambling Dealers,Casino Dealer,Y
39-3011.00,Gambling Dealers,Dealer,N
39-3011.00,Gambling Dealers,Dual Rate Dealer,N
39-3011.00,Gambling Dealers,Games Dealer,N
39-3011.00,Gambling Dealers,Poker Dealer,N
39-3011.00,Gambling Dealers,Table Games Dealer,Y
39-3011.00,Gambling Dealers,Twenty-One Dealer,Y
39-3012.00,Gambling and Sports Book Writers and Runners,Bingo Caller,N
39-3012.00,Gambling and Sports Book Writers and Runners,Casino Attendant,Y
39-3012.00,Gambling and Sports Book Writers and Runners,Casino Floor Runner,Y
39-3012.00,Gambling and Sports Book Writers and Runners,Casino Runner,N
39-3012.00,Gambling and Sports Book Writers and Runners,Floor Runner,Y
39-3012.00,Gambling and Sports Book Writers and Runners,Gaming Floor Attendant,N
39-3012.00,Gambling and Sports Book Writers and Runners,Keno Attendant,N
39-3012.00,Gambling and Sports Book Writers and Runners,Keno Runner,Y
39-3012.00,Gambling and Sports Book Writers and Runners,Racebook Writer,N
39-3012.00,Gambling and Sports Book Writers and Runners,Sportsbook Writer,N
39-3021.00,Motion Picture Projectionists,Booth Operator,Y
39-3021.00,Motion Picture Projectionists,Cinema Projectionist,N
39-3021.00,Motion Picture Projectionists,Digital Projectionist,N
39-3021.00,Motion Picture Projectionists,Film Specialist,N
39-3021.00,Motion Picture Projectionists,Motion Picture Projectionist,N
39-3021.00,Motion Picture Projectionists,Movie Projectionist,Y
39-3021.00,Motion Picture Projectionists,Projection Technician,N
39-3021.00,Motion Picture Projectionists,Projectionist,Y
39-3021.00,Motion Picture Projectionists,Projector Booth Operator,N
39-3021.00,Motion Picture Projectionists,Technical Projection Guide,Y
39-3031.00,"Ushers, Lobby Attendants, and Ticket Takers",Lobby Attendant,Y
39-3031.00,"Ushers, Lobby Attendants, and Ticket Takers",Theater Attendant,N
39-3031.00,"Ushers, Lobby Attendants, and Ticket Takers",Theatre Usher,N
39-3031.00,"Ushers, Lobby Attendants, and Ticket Takers",Ticket Attendant,N
39-3031.00,"Ushers, Lobby Attendants, and Ticket Takers",Ticket Taker,Y
39-3031.00,"Ushers, Lobby Attendants, and Ticket Takers",Usher,Y
39-3031.00,"Ushers, Lobby Attendants, and Ticket Takers",Visitor Services Assistant,N
39-3031.00,"Ushers, Lobby Attendants, and Ticket Takers",Visitor Services Associate,Y
39-3031.00,"Ushers, Lobby Attendants, and Ticket Takers",Visitor Services Representative,N
39-3031.00,"Ushers, Lobby Attendants, and Ticket Takers",Visitor Services Specialist,N
39-3091.00,Amusement and Recreation Attendants,Activities Attendant,N
39-3091.00,Amusement and Recreation Attendants,Coaster Attendant,N
39-3091.00,Amusement and Recreation Attendants,Golf Course Ranger,Y
39-3091.00,Amusement and Recreation Attendants,Golf Course Starter,N
39-3091.00,Amusement and Recreation Attendants,Recreation Aide,N
39-3091.00,Amusement and Recreation Attendants,Recreation Attendant,Y
39-3091.00,Amusement and Recreation Attendants,Recreation Clerk,N
39-3091.00,Amusement and Recreation Attendants,Ride Operator,Y
39-3091.00,Amusement and Recreation Attendants,Ski Lift Operator,Y
39-3091.00,Amusement and Recreation Attendants,Sports Complex Attendant,N
39-3092.00,Costume Attendants,Costume Draper,N
39-3092.00,Costume Attendants,Costume Seamstress,N
39-3092.00,Costume Attendants,Costumer,Y
39-3092.00,Costume Attendants,Draper,N
39-3092.00,Costume Attendants,Dresser,Y
39-3092.00,Costume Attendants,Wardrobe Assistant,Y
39-3092.00,Costume Attendants,Wardrobe Attendant,N
39-3092.00,Costume Attendants,Wardrobe Supervisor,Y
39-3093.00,"Locker Room, Coatroom, and Dressing Room Attendants",Attendant,N
39-3093.00,"Locker Room, Coatroom, and Dressing Room Attendants",Coat Check Attendant,N
39-3093.00,"Locker Room, Coatroom, and Dressing Room Attendants",Coat Checker,N
39-3093.00,"Locker Room, Coatroom, and Dressing Room Attendants",Coat Room Attendant,N
39-3093.00,"Locker Room, Coatroom, and Dressing Room Attendants",Fitting Room Attendant,N
39-3093.00,"Locker Room, Coatroom, and Dressing Room Attendants",Ladies Locker Room Attendant,Y
39-3093.00,"Locker Room, Coatroom, and Dressing Room Attendants",Locker Attendant,Y
39-3093.00,"Locker Room, Coatroom, and Dressing Room Attendants",Locker Room Attendant,Y
39-3093.00,"Locker Room, Coatroom, and Dressing Room Attendants",Mens Locker Room Attendant,N
39-3093.00,"Locker Room, Coatroom, and Dressing Room Attendants",Spa Attendant,Y
39-4011.00,Embalmers,Embalmer,Y
39-4011.00,Embalmers,Licensed Embalmer,Y
39-4011.00,Embalmers,Trade Embalmer,Y
39-4021.00,Funeral Attendants,Funeral Assistant,Y
39-4021.00,Funeral Attendants,Funeral Associate,N
39-4021.00,Funeral Attendants,Funeral Attendant,Y
39-4021.00,Funeral Attendants,Funeral Director,Y
39-4021.00,Funeral Attendants,Funeral Greeter,N
39-4021.00,Funeral Attendants,Funeral Home Assistant,Y
39-4021.00,Funeral Attendants,Funeral Home Associate,N
39-4021.00,Funeral Attendants,Funeral Home Attendant,N
39-4031.00,"Morticians, Undertakers, and Funeral Arrangers",Funeral Arrangement Director,N
39-4031.00,"Morticians, Undertakers, and Funeral Arrangers",Funeral Arranger,Y
39-4031.00,"Morticians, Undertakers, and Funeral Arrangers",Funeral Counselor,Y
39-4031.00,"Morticians, Undertakers, and Funeral Arrangers",Funeral Director,Y
39-4031.00,"Morticians, Undertakers, and Funeral Arrangers",Funeral Family Service Assistant,N
39-4031.00,"Morticians, Undertakers, and Funeral Arrangers",Funeral Location Manager,N
39-4031.00,"Morticians, Undertakers, and Funeral Arrangers",Funeral Prearrangement Counselor,N
39-4031.00,"Morticians, Undertakers, and Funeral Arrangers",Licensed Funeral Director,N
39-4031.00,"Morticians, Undertakers, and Funeral Arrangers",Licensed Mortician,N
39-4031.00,"Morticians, Undertakers, and Funeral Arrangers",Mortician,Y
39-5011.00,Barbers,Barber Shop Operator,Y
39-5011.00,Barbers,Barber Stylist,Y
39-5011.00,Barbers,Hair Stylist,Y
39-5011.00,Barbers,Stylist,Y
39-5012.00,"Hairdressers, Hairstylists, and Cosmetologists",Beautician,N
39-5012.00,"Hairdressers, Hairstylists, and Cosmetologists",Beauty Specialist,N
39-5012.00,"Hairdressers, Hairstylists, and Cosmetologists",Cosmetologist,Y
39-5012.00,"Hairdressers, Hairstylists, and Cosmetologists",Hair Artist,N
39-5012.00,"Hairdressers, Hairstylists, and Cosmetologists",Hair Dresser,N
39-5012.00,"Hairdressers, Hairstylists, and Cosmetologists",Hair Stylist,Y
39-5012.00,"Hairdressers, Hairstylists, and Cosmetologists",Hairdresser,Y
39-5012.00,"Hairdressers, Hairstylists, and Cosmetologists",Hairstylist,N
39-5012.00,"Hairdressers, Hairstylists, and Cosmetologists",Lash Technician (Lash Tech),N
39-5012.00,"Hairdressers, Hairstylists, and Cosmetologists",Stylist,Y
39-5091.00,"Makeup Artists, Theatrical and Performance",Commercial Makeup Artist (Commercial MUA),N
39-5091.00,"Makeup Artists, Theatrical and Performance",Hair and Makeup Designer,Y
39-5091.00,"Makeup Artists, Theatrical and Performance",Makeup Artist (MUA),Y
39-5091.00,"Makeup Artists, Theatrical and Performance",Prosthetic Makeup Designer,N
39-5091.00,"Makeup Artists, Theatrical and Performance",Special Effects Makeup Artist (Special Effects MUA),Y
39-5091.00,"Makeup Artists, Theatrical and Performance",Special Makeup Effects Artist,N
39-5091.00,"Makeup Artists, Theatrical and Performance",TV and Film Makeup Artist (Television and Film Makeup Artist),Y
39-5092.00,Manicurists and Pedicurists,Manicurist,Y
39-5092.00,Manicurists and Pedicurists,Nail Technician (Nail Tech),Y
39-5092.00,Manicurists and Pedicurists,Pedicurist,Y
39-5093.00,Shampooers,Hair Assistant,N
39-5093.00,Shampooers,Shampoo Assistant,Y
39-5093.00,Shampooers,Shampoo Person,N
39-5093.00,Shampooers,Shampoo Technician,Y
39-5093.00,Shampooers,Shampooer,Y
39-5093.00,Shampooers,Stylist Assistant,Y
39-5094.00,Skincare Specialists,Aesthetician,Y
39-5094.00,Skincare Specialists,Clinical Esthetician,N
39-5094.00,Skincare Specialists,Electrologist,N
39-5094.00,Skincare Specialists,Esthetician,Y
39-5094.00,Skincare Specialists,Facialist,N
39-5094.00,Skincare Specialists,Medical Esthetician,Y
39-5094.00,Skincare Specialists,Skin Therapist,N
39-5094.00,Skincare Specialists,Skincare Specialist,Y
39-5094.00,Skincare Specialists,Skincare Therapist,N
39-5094.00,Skincare Specialists,Spa Technician (Spa Tech),N
39-6011.00,Baggage Porters and Bellhops,Bell Captain,Y
39-6011.00,Baggage Porters and Bellhops,Bell Person,N
39-6011.00,Baggage Porters and Bellhops,Bellhop,N
39-6011.00,Baggage Porters and Bellhops,Bellman,Y
39-6011.00,Baggage Porters and Bellhops,Bellperson,N
39-6011.00,Baggage Porters and Bellhops,Doorman,N
39-6011.00,Baggage Porters and Bellhops,Ground Support Agent,N
39-6011.00,Baggage Porters and Bellhops,Sky Cap,N
39-6011.00,Baggage Porters and Bellhops,Skycap,Y
39-6011.00,Baggage Porters and Bellhops,Valet,Y
39-6012.00,Concierges,Activities Concierge,N
39-6012.00,Concierges,Chef Concierge,Y
39-6012.00,Concierges,Club Concierge,N
39-6012.00,Concierges,Concierge,Y
39-6012.00,Concierges,Conference Concierge,N
39-6012.00,Concierges,Front Desk Agent,N
39-6012.00,Concierges,Guest Service Agent,Y
39-6012.00,Concierges,Hotel Concierge,Y
39-6012.00,Concierges,Lobby Concierge,N
39-6012.00,Concierges,Service Concierge,N
39-7011.00,Tour Guides and Escorts,Art Museum Docent,N
39-7011.00,Tour Guides and Escorts,Discovery Guide,N
39-7011.00,Tour Guides and Escorts,Docent,Y
39-7011.00,Tour Guides and Escorts,Guide,N
39-7011.00,Tour Guides and Escorts,Historical Interpreter,Y
39-7011.00,Tour Guides and Escorts,Museum Docent,N
39-7011.00,Tour Guides and Escorts,Museum Educator,N
39-7011.00,Tour Guides and Escorts,Museum Guide,Y
39-7011.00,Tour Guides and Escorts,Science Interpreter,N
39-7011.00,Tour Guides and Escorts,Tour Guide,Y
39-7012.00,Travel Guides,Cruise Counselor,N
39-7012.00,Travel Guides,Guide,Y
39-7012.00,Travel Guides,Naturalist Guide,N
39-7012.00,Travel Guides,Tour Coordinator,N
39-7012.00,Travel Guides,Tour Escort,Y
39-7012.00,Travel Guides,Tour Manager,Y
39-7012.00,Travel Guides,Tour Operations Specialist,N
39-7012.00,Travel Guides,Tour Operator,N
39-7012.00,Travel Guides,Travel Consultant,Y
39-7012.00,Travel Guides,Whitewater Rafting Guide,N
39-9011.00,Childcare Workers,Caregiver,N
39-9011.00,Childcare Workers,Child Care Worker,Y
39-9011.00,Childcare Workers,Child Caregiver,N
39-9011.00,Childcare Workers,Childcare Provider,Y
39-9011.00,Childcare Workers,Childcare Worker,N
39-9011.00,Childcare Workers,Daycare Teacher,N
39-9011.00,Childcare Workers,Daycare Worker,N
39-9011.00,Childcare Workers,Infant Teacher,Y
39-9011.00,Childcare Workers,Toddler Teacher,Y
39-9011.01,Nannies,Family Assistant,Y
39-9011.01,Nannies,Family Manager,N
39-9011.01,Nannies,Governess,N
39-9011.01,Nannies,House Manager,Y
39-9011.01,Nannies,Household Manager,Y
39-9011.01,Nannies,Nanny,Y
39-9011.01,Nannies,Special Needs Nanny,N
39-9011.01,Nannies,Travel Nanny,N
39-9031.00,Exercise Trainers and Group Fitness Instructors,Aerobics Instructor,Y
39-9031.00,Exercise Trainers and Group Fitness Instructors,Fitness Instructor,Y
39-9031.00,Exercise Trainers and Group Fitness Instructors,Fitness Specialist,N
39-9031.00,Exercise Trainers and Group Fitness Instructors,Fitness Trainer,N
39-9031.00,Exercise Trainers and Group Fitness Instructors,Group Exercise Instructor,N
39-9031.00,Exercise Trainers and Group Fitness Instructors,Group Fitness Instructor,Y
39-9031.00,Exercise Trainers and Group Fitness Instructors,Personal Trainer,Y
39-9031.00,Exercise Trainers and Group Fitness Instructors,Private Trainer,N
39-9031.00,Exercise Trainers and Group Fitness Instructors,Strength and Conditioning Coach,N
39-9031.00,Exercise Trainers and Group Fitness Instructors,Yoga Instructor,N
39-9032.00,Recreation Workers,Activities Assistant,N
39-9032.00,Recreation Workers,Activities Director,Y
39-9032.00,Recreation Workers,Activity Aide,Y
39-9032.00,Recreation Workers,Activity Assistant,N
39-9032.00,Recreation Workers,Activity Coordinator,N
39-9032.00,Recreation Workers,Activity Director,Y
39-9032.00,Recreation Workers,Recreation Assistant,N
39-9032.00,Recreation Workers,Recreation Coordinator,N
39-9032.00,Recreation Workers,Recreation Supervisor,Y
39-9041.00,Residential Advisors,Hall Coordinator,N
39-9041.00,Residential Advisors,Residence Director,N
39-9041.00,Residential Advisors,Residence Hall Director,Y
39-9041.00,Residential Advisors,Residence Life Coordinator,N
39-9041.00,Residential Advisors,Residence Life Director,Y
39-9041.00,Residential Advisors,Resident Advisor,N
39-9041.00,Residential Advisors,Resident Assistant,Y
39-9041.00,Residential Advisors,Resident Director,Y
39-9041.00,Residential Advisors,Residential Coordinator,N
39-9041.00,Residential Advisors,Residential Life Director,N
41-1011.00,First-Line Supervisors of Retail Sales Workers,Bakery Manager,N
41-1011.00,First-Line Supervisors of Retail Sales Workers,Delicatessen Manager,N
41-1011.00,First-Line Supervisors of Retail Sales Workers,Department Manager,Y
41-1011.00,First-Line Supervisors of Retail Sales Workers,Department Supervisor,N
41-1011.00,First-Line Supervisors of Retail Sales Workers,Grocery Manager,N
41-1011.00,First-Line Supervisors of Retail Sales Workers,Key Carrier,N
41-1011.00,First-Line Supervisors of Retail Sales Workers,Meat Department Manager,Y
41-1011.00,First-Line Supervisors of Retail Sales Workers,Parts Sales Manager,N
41-1011.00,First-Line Supervisors of Retail Sales Workers,Shift Manager,Y
41-1011.00,First-Line Supervisors of Retail Sales Workers,Store Manager,Y
41-1012.00,First-Line Supervisors of Non-Retail Sales Workers,Customer Service Department Supervisor,N
41-1012.00,First-Line Supervisors of Non-Retail Sales Workers,Customer Service Supervisor,Y
41-1012.00,First-Line Supervisors of Non-Retail Sales Workers,Driver Sales Supervisor,N
41-1012.00,First-Line Supervisors of Non-Retail Sales Workers,Information Center Supervisor,N
41-1012.00,First-Line Supervisors of Non-Retail Sales Workers,Inside Sales Supervisor,N
41-1012.00,First-Line Supervisors of Non-Retail Sales Workers,Reservations Supervisor,Y
41-1012.00,First-Line Supervisors of Non-Retail Sales Workers,Sales Department Supervisor,N
41-1012.00,First-Line Supervisors of Non-Retail Sales Workers,Sales Leader,Y
41-1012.00,First-Line Supervisors of Non-Retail Sales Workers,Sales Supervisor,Y
41-1012.00,First-Line Supervisors of Non-Retail Sales Workers,Sales Team Leader,N
41-2011.00,Cashiers,Cage Cashier,N
41-2011.00,Cashiers,Cashier,Y
41-2011.00,Cashiers,Center Aisle Cashier,N
41-2011.00,Cashiers,Central Aisle Cashier,N
41-2011.00,Cashiers,Checker,Y
41-2011.00,Cashiers,Customer Assistant,N
41-2011.00,Cashiers,Sales Associate,Y
41-2011.00,Cashiers,Store Attendant,N
41-2011.00,Cashiers,Store Clerk,Y
41-2011.00,Cashiers,Toll Collector,N
41-2012.00,Gambling Change Persons and Booth Cashiers,Booth Cashier,N
41-2012.00,Gambling Change Persons and Booth Cashiers,Cage Cashier,Y
41-2012.00,Gambling Change Persons and Booth Cashiers,Cashier,Y
41-2012.00,Gambling Change Persons and Booth Cashiers,Casino Banker,N
41-2012.00,Gambling Change Persons and Booth Cashiers,Casino Cashier,N
41-2012.00,Gambling Change Persons and Booth Cashiers,Change Person,Y
41-2012.00,Gambling Change Persons and Booth Cashiers,Slot Attendant,Y
41-2012.00,Gambling Change Persons and Booth Cashiers,Slot Floor Person,N
41-2012.00,Gambling Change Persons and Booth Cashiers,Slot Technician,N
41-2012.00,Gambling Change Persons and Booth Cashiers,Vault Cashier,N
41-2021.00,Counter and Rental Clerks,Counter Clerk,Y
41-2021.00,Counter and Rental Clerks,Counter Service Representative,N
41-2021.00,Counter and Rental Clerks,Leasing Consultant,N
41-2021.00,Counter and Rental Clerks,Rental Agent,Y
41-2021.00,Counter and Rental Clerks,Rental Assistant,N
41-2021.00,Counter and Rental Clerks,Rental Associate,N
41-2021.00,Counter and Rental Clerks,Rental Clerk,N
41-2021.00,Counter and Rental Clerks,Rental Counter Clerk,N
41-2021.00,Counter and Rental Clerks,Rental Sales Representative,Y
41-2021.00,Counter and Rental Clerks,Video Clerk,Y
41-2022.00,Parts Salespersons,Parts Advisor,N
41-2022.00,Parts Salespersons,Parts Consultant,Y
41-2022.00,Parts Salespersons,Parts Counter Salesperson,N
41-2022.00,Parts Salespersons,Parts Counterman,N
41-2022.00,Parts Salespersons,Parts Counterperson,Y
41-2022.00,Parts Salespersons,Parts Person,N
41-2022.00,Parts Salespersons,Parts Salesman,Y
41-2022.00,Parts Salespersons,Parts Salesperson,Y
41-2022.00,Parts Salespersons,Parts Specialist,N
41-2022.00,Parts Salespersons,Wholesale Parts Salesperson,N
41-2031.00,Retail Salespersons,Car Salesman,N
41-2031.00,Retail Salespersons,Customer Assistant,N
41-2031.00,Retail Salespersons,Retail Salesperson,N
41-2031.00,Retail Salespersons,Sales Associate,Y
41-2031.00,Retail Salespersons,Sales Clerk,Y
41-2031.00,Retail Salespersons,Sales Consultant,Y
41-2031.00,Retail Salespersons,Sales Person,Y
41-2031.00,Retail Salespersons,Sales Representative,N
41-2031.00,Retail Salespersons,Salesman,N
41-3011.00,Advertising Sales Agents,Advertising Account Executive,Y
41-3011.00,Advertising Sales Agents,Advertising Account Representative,N
41-3011.00,Advertising Sales Agents,Advertising Consultant,N
41-3011.00,Advertising Sales Agents,Advertising Representative,Y
41-3011.00,Advertising Sales Agents,Advertising Sales Representative (Ad Sales Representative),Y
41-3011.00,Advertising Sales Agents,Directory Advertising Sales Representative (Directory Advertising Sales Rep),N
41-3011.00,Advertising Sales Agents,Display Advertising Sales Representative (Display Advertising Sales Rep),N
41-3011.00,Advertising Sales Agents,Media Consultant,Y
41-3011.00,Advertising Sales Agents,Multimedia Sales Consultant,N
41-3011.00,Advertising Sales Agents,Retail Advertising Account Executive,N
41-3021.00,Insurance Sales Agents,Insurance Agent,Y
41-3021.00,Insurance Sales Agents,Insurance Broker,Y
41-3021.00,Insurance Sales Agents,Insurance Sales Agent,N
41-3021.00,Insurance Sales Agents,Sales Agent,Y
41-3021.00,Insurance Sales Agents,Sales Associate,N
41-3021.00,Insurance Sales Agents,Sales Representative,Y
41-3021.00,Insurance Sales Agents,Underwriting Sales Representative,N
41-3031.00,"Securities, Commodities, and Financial Services Sales Agents",Broker,Y
41-3031.00,"Securities, Commodities, and Financial Services Sales Agents",Commodities Broker,N
41-3031.00,"Securities, Commodities, and Financial Services Sales Agents",Equity Trader,Y
41-3031.00,"Securities, Commodities, and Financial Services Sales Agents",Financial Advisor,Y
41-3031.00,"Securities, Commodities, and Financial Services Sales Agents",Financial Consultant,Y
41-3031.00,"Securities, Commodities, and Financial Services Sales Agents",Investment Representative,N
41-3031.00,"Securities, Commodities, and Financial Services Sales Agents",Investments Advisor,N
41-3031.00,"Securities, Commodities, and Financial Services Sales Agents",Investments Specialist,N
41-3031.00,"Securities, Commodities, and Financial Services Sales Agents",Personal Banker,N
41-3031.00,"Securities, Commodities, and Financial Services Sales Agents",Trader,N
41-3041.00,Travel Agents,Auto Travel Counselor,N
41-3041.00,Travel Agents,Beach Expert,N
41-3041.00,Travel Agents,Corporate Travel Consultant,N
41-3041.00,Travel Agents,Destination Specialist,Y
41-3041.00,Travel Agents,International Travel Consultant,N
41-3041.00,Travel Agents,Tour Coordinator,N
41-3041.00,Travel Agents,Tour Counselor,N
41-3041.00,Travel Agents,Travel Agent,Y
41-3041.00,Travel Agents,Travel Consultant,Y
41-3041.00,Travel Agents,Travel Counselor,Y
41-3091.00,"Sales Representatives of Services, Except Advertising, Insurance, Financial Services, and Travel",National Sales Executive,Y
41-3091.00,"Sales Representatives of Services, Except Advertising, Insurance, Financial Services, and Travel",Sales Representative (Sales Rep),Y
41-4011.00,"Sales Representatives, Wholesale and Manufacturing, Technical and Scientific Products",Inside Sales Representative,Y
41-4011.00,"Sales Representatives, Wholesale and Manufacturing, Technical and Scientific Products",Marketing Representative,Y
41-4011.00,"Sales Representatives, Wholesale and Manufacturing, Technical and Scientific Products",Sales Representative,Y
41-4011.07,Solar Sales Representatives and Assessors,Energy Consultant,Y
41-4011.07,Solar Sales Representatives and Assessors,Sales Associate,N
41-4011.07,Solar Sales Representatives and Assessors,Sales Consultant,N
41-4011.07,Solar Sales Representatives and Assessors,Sales Representative (Sales Rep),N
41-4011.07,Solar Sales Representatives and Assessors,Salesman,N
41-4011.07,Solar Sales Representatives and Assessors,Solar Consultant,Y
41-4011.07,Solar Sales Representatives and Assessors,Solar Energy Consultant,N
41-4011.07,Solar Sales Representatives and Assessors,Solar Sales Consultant,Y
41-4011.07,Solar Sales Representatives and Assessors,Solar Sales Representative (Solar Sales Rep),Y
41-4011.07,Solar Sales Representatives and Assessors,Solar Sales Specialist,N
41-4012.00,"Sales Representatives, Wholesale and Manufacturing, Except Technical and Scientific Products",Account Representative,N
41-4012.00,"Sales Representatives, Wholesale and Manufacturing, Except Technical and Scientific Products",Customer Account Technician,N
41-4012.00,"Sales Representatives, Wholesale and Manufacturing, Except Technical and Scientific Products",Inside Salesperson,N
41-4012.00,"Sales Representatives, Wholesale and Manufacturing, Except Technical and Scientific Products",Outside Sales Representative,Y
41-4012.00,"Sales Representatives, Wholesale and Manufacturing, Except Technical and Scientific Products",Route Sales Representative,N
41-4012.00,"Sales Representatives, Wholesale and Manufacturing, Except Technical and Scientific Products",Sales Consultant,Y
41-4012.00,"Sales Representatives, Wholesale and Manufacturing, Except Technical and Scientific Products",Sales Professional,N
41-4012.00,"Sales Representatives, Wholesale and Manufacturing, Except Technical and Scientific Products",Sales Representative (Sales Rep),Y
41-4012.00,"Sales Representatives, Wholesale and Manufacturing, Except Technical and Scientific Products",Salesman,Y
41-4012.00,"Sales Representatives, Wholesale and Manufacturing, Except Technical and Scientific Products",Salesperson,N
41-9011.00,Demonstrators and Product Promoters,Brand Ambassador,N
41-9011.00,Demonstrators and Product Promoters,Demo Specialist (Demonstration Specialist),N
41-9011.00,Demonstrators and Product Promoters,Demonstrator,Y
41-9011.00,Demonstrators and Product Promoters,Event Specialist,N
41-9011.00,Demonstrators and Product Promoters,Field Merchandiser,N
41-9011.00,Demonstrators and Product Promoters,Food Demonstrator,N
41-9011.00,Demonstrators and Product Promoters,In Store Demonstrator,Y
41-9011.00,Demonstrators and Product Promoters,Merchandiser,Y
41-9011.00,Demonstrators and Product Promoters,Product Ambassador,N
41-9011.00,Demonstrators and Product Promoters,Product Demonstrator,Y
41-9012.00,Models,Art Class Model,N
41-9012.00,Models,Art Model,Y
41-9012.00,Models,Artist's Model,Y
41-9012.00,Models,Figure Model,Y
41-9012.00,Models,Fine Arts Model,N
41-9012.00,Models,Life Drawing Model,N
41-9012.00,Models,Model,Y
41-9012.00,Models,Nude Model,N
41-9012.00,Models,Studio Model,N
41-9012.00,Models,Undraped Artist Model,N
41-9021.00,Real Estate Brokers,Broker,Y
41-9021.00,Real Estate Brokers,Broker Associate,Y
41-9021.00,Real Estate Brokers,Commercial Leasing Broker,N
41-9021.00,Real Estate Brokers,Commercial Real Estate Advisor,N
41-9021.00,Real Estate Brokers,Commercial Real Estate Broker,N
41-9021.00,Real Estate Brokers,Designated Broker,N
41-9021.00,Real Estate Brokers,Managing Broker,Y
41-9021.00,Real Estate Brokers,Real Estate Associate,N
41-9021.00,Real Estate Brokers,Real Estate Sales Associate,N
41-9021.00,Real Estate Brokers,Realtor,Y
41-9022.00,Real Estate Sales Agents,Real Estate Agent,Y
41-9022.00,Real Estate Sales Agents,Real Estate Salesperson,Y
41-9022.00,Real Estate Sales Agents,Realtor,Y
41-9022.00,Real Estate Sales Agents,Realtor Associate,Y
41-9031.00,Sales Engineers,Business Development Engineer,Y
41-9031.00,Sales Engineers,Inside Sales Engineer,N
41-9031.00,Sales Engineers,Product Sales Engineer,Y
41-9031.00,Sales Engineers,Sales Applications Engineer,N
41-9031.00,Sales Engineers,Sales Engineer,Y
41-9031.00,Sales Engineers,Technical Marketing Engineer,Y
41-9031.00,Sales Engineers,Technical Sales Engineer,N
41-9041.00,Telemarketers,Call Agent,N
41-9041.00,Telemarketers,Inside Sales Representative (Inside Sales Rep),N
41-9041.00,Telemarketers,Telemarketer,Y
41-9041.00,Telemarketers,Telemarketing Sales Representative (Telemarketing Sales Rep),N
41-9041.00,Telemarketers,Telephone Sales Representative (TSR),Y
41-9041.00,Telemarketers,Telephone Service Representative (TSR),Y
41-9041.00,Telemarketers,Telesales Representative (Telesales Rep),Y
41-9041.00,Telemarketers,Telesales Specialist,N
41-9091.00,"Door-to-Door Sales Workers, News and Street Vendors, and Related Workers",Direct Sales Coach,Y
41-9091.00,"Door-to-Door Sales Workers, News and Street Vendors, and Related Workers",Door-to-Door Sales Trainer,Y
41-9091.00,"Door-to-Door Sales Workers, News and Street Vendors, and Related Workers",Independent Beauty Consultant,N
41-9091.00,"Door-to-Door Sales Workers, News and Street Vendors, and Related Workers",Independent Distributor,N
41-9091.00,"Door-to-Door Sales Workers, News and Street Vendors, and Related Workers",Independent Sales Associate,Y
41-9091.00,"Door-to-Door Sales Workers, News and Street Vendors, and Related Workers",Independent Sales Representative,Y
41-9091.00,"Door-to-Door Sales Workers, News and Street Vendors, and Related Workers",Sales Representative (Sales Rep),N
41-9091.00,"Door-to-Door Sales Workers, News and Street Vendors, and Related Workers",Street Vendor,N
43-1011.00,First-Line Supervisors of Office and Administrative Support Workers,Accounting Manager,Y
43-1011.00,First-Line Supervisors of Office and Administrative Support Workers,Accounts Payable Supervisor,N
43-1011.00,First-Line Supervisors of Office and Administrative Support Workers,Accounts Receivable Manager,N
43-1011.00,First-Line Supervisors of Office and Administrative Support Workers,Administrative Supervisor,N
43-1011.00,First-Line Supervisors of Office and Administrative Support Workers,Customer Service Manager,Y
43-1011.00,First-Line Supervisors of Office and Administrative Support Workers,Customer Service Supervisor,Y
43-1011.00,First-Line Supervisors of Office and Administrative Support Workers,Office Coordinator,N
43-1011.00,First-Line Supervisors of Office and Administrative Support Workers,Office Manager,Y
43-1011.00,First-Line Supervisors of Office and Administrative Support Workers,Office Supervisor,N
43-1011.00,First-Line Supervisors of Office and Administrative Support Workers,Staff Services Manager,N
43-2011.00,"Switchboard Operators, Including Answering Service",CBX Operator (Computerized Branch Exchange Operator),Y
43-2011.00,"Switchboard Operators, Including Answering Service",Central Communications Specialist,N
43-2011.00,"Switchboard Operators, Including Answering Service",Communications Operator,N
43-2011.00,"Switchboard Operators, Including Answering Service",Communications Specialist,Y
43-2011.00,"Switchboard Operators, Including Answering Service",Information Specialist,N
43-2011.00,"Switchboard Operators, Including Answering Service",PBX Operator (Private Branch Exchange Operator),Y
43-2011.00,"Switchboard Operators, Including Answering Service",Switchboard Operator (SB Operator),Y
43-2011.00,"Switchboard Operators, Including Answering Service",Switchboard Receptionist (SB Receptionist),N
43-2011.00,"Switchboard Operators, Including Answering Service",Telecommunications Clerk,N
43-2011.00,"Switchboard Operators, Including Answering Service",Telecommunications Operator,N
43-2021.00,Telephone Operators,411 Directory Assistance Operator (411 Directory Assistance Op),Y
43-2021.00,Telephone Operators,Directory Assistance Operator (Directory Assistance Op),Y
43-2021.00,Telephone Operators,Information Specialist,N
43-2021.00,Telephone Operators,Live Source Operator (Live Source Op),N
43-2021.00,Telephone Operators,Long Distance Operator (LD Operator),N
43-2021.00,Telephone Operators,PBX Operator (Post Box Exchange Operator),N
43-2021.00,Telephone Operators,Phone Operator (Telephone Operator),Y
43-2021.00,Telephone Operators,Phone Secretary (Telephone Secretary),N
43-2021.00,Telephone Operators,TELECOM Op (Telecommunications Operator),Y
43-2021.00,Telephone Operators,Toll Operator (Toll Op),N
43-3011.00,Bill and Account Collectors,Account Representative,N
43-3011.00,Bill and Account Collectors,Accounts Receivable Specialist (AR Specialist),N
43-3011.00,Bill and Account Collectors,Collection Agent,N
43-3011.00,Bill and Account Collectors,Collection Specialist,N
43-3011.00,Bill and Account Collectors,Collector,Y
43-3011.00,Bill and Account Collectors,Debt Collector,Y
43-3011.00,Bill and Account Collectors,Patient Access Specialist,Y
43-3011.00,Bill and Account Collectors,Patient Account Representative,Y
43-3011.00,Bill and Account Collectors,Telephone Collector,N
43-3021.00,Billing and Posting Clerks,Biller,N
43-3021.00,Billing and Posting Clerks,Billing Accounts Representative,N
43-3021.00,Billing and Posting Clerks,Billing Clerk,Y
43-3021.00,Billing and Posting Clerks,Billing Coordinator,Y
43-3021.00,Billing and Posting Clerks,Billing Specialist,N
43-3021.00,Billing and Posting Clerks,IP Clerk (Item Processing Clerk),N
43-3021.00,Billing and Posting Clerks,Pre Audit Clerk,Y
43-3021.00,Billing and Posting Clerks,Statement Clerk,Y
43-3021.00,Billing and Posting Clerks,Statement Distribution Clerk,N
43-3031.00,"Bookkeeping, Accounting, and Auditing Clerks",Account Clerk,Y
43-3031.00,"Bookkeeping, Accounting, and Auditing Clerks",Accounting Assistant,Y
43-3031.00,"Bookkeeping, Accounting, and Auditing Clerks",Accounting Associate,N
43-3031.00,"Bookkeeping, Accounting, and Auditing Clerks",Accounting Clerk,Y
43-3031.00,"Bookkeeping, Accounting, and Auditing Clerks",Accounting Specialist,N
43-3031.00,"Bookkeeping, Accounting, and Auditing Clerks",Accounting Technician,N
43-3031.00,"Bookkeeping, Accounting, and Auditing Clerks",Accounts Payable Clerk,N
43-3031.00,"Bookkeeping, Accounting, and Auditing Clerks",Accounts Payable Specialist,N
43-3031.00,"Bookkeeping, Accounting, and Auditing Clerks",Accounts Payables Clerk,Y
43-3031.00,"Bookkeeping, Accounting, and Auditing Clerks",Accounts Receivable Clerk,N
43-3041.00,Gambling Cage Workers,Cage and Players Club Rep (Cage and Players Club Representative),N
43-3041.00,Gambling Cage Workers,Cage Cashier,Y
43-3041.00,Gambling Cage Workers,Casino Cage Cashier,Y
43-3041.00,Gambling Cage Workers,Casino Cashier,Y
43-3041.00,Gambling Cage Workers,Casino Services Rep (Casino Services Representative),N
43-3041.00,Gambling Cage Workers,Dual Rate Banker,N
43-3041.00,Gambling Cage Workers,Gaming Cage Worker,N
43-3041.00,Gambling Cage Workers,Gaming Cashier,N
43-3041.00,Gambling Cage Workers,Mutuel Clerk,N
43-3041.00,Gambling Cage Workers,Vault Cashier,Y
43-3051.00,Payroll and Timekeeping Clerks,Payroll Assistant,Y
43-3051.00,Payroll and Timekeeping Clerks,Payroll Clerk,Y
43-3051.00,Payroll and Timekeeping Clerks,Payroll Coordinator,Y
43-3051.00,Payroll and Timekeeping Clerks,Payroll Representative,N
43-3051.00,Payroll and Timekeeping Clerks,Payroll Specialist,Y
43-3051.00,Payroll and Timekeeping Clerks,Payroll Technician,N
43-3051.00,Payroll and Timekeeping Clerks,Personnel Assistant,N
43-3051.00,Payroll and Timekeeping Clerks,Personnel Technician,N
43-3051.00,Payroll and Timekeeping Clerks,Timekeeper,N
43-3061.00,Procurement Clerks,Buyer,Y
43-3061.00,Procurement Clerks,Procurement Assistant,N
43-3061.00,Procurement Clerks,Procurement Officer,N
43-3061.00,Procurement Clerks,Procurement Specialist,Y
43-3061.00,Procurement Clerks,Purchasing Assistant,N
43-3061.00,Procurement Clerks,Purchasing Associate,N
43-3061.00,Procurement Clerks,Purchasing Clerk,Y
43-3061.00,Procurement Clerks,Purchasing Coordinator,N
43-3061.00,Procurement Clerks,Purchasing Specialist,Y
43-3061.00,Procurement Clerks,Warehouse Clerk,N
43-3071.00,Tellers,Account Representative,N
43-3071.00,Tellers,Bank Teller,Y
43-3071.00,Tellers,Branch Operations Specialist,N
43-3071.00,Tellers,Customer Relationship Specialist,N
43-3071.00,Tellers,Customer Service Associate (CSA),N
43-3071.00,Tellers,Financial Services Representative (FSR),Y
43-3071.00,Tellers,Member Services Representative,Y
43-3071.00,Tellers,Personal Banking Representative,N
43-3071.00,Tellers,Roving Teller,N
43-3071.00,Tellers,Teller,Y
43-4011.00,Brokerage Clerks,Account Administrator,N
43-4011.00,Brokerage Clerks,Client Associate,N
43-4011.00,Brokerage Clerks,Client Service Associate,N
43-4011.00,Brokerage Clerks,Operations Clerk,N
43-4011.00,Brokerage Clerks,Operations Coordinator,N
43-4011.00,Brokerage Clerks,Registered Account Administrator,N
43-4011.00,Brokerage Clerks,Registered Sales Assistant,Y
43-4011.00,Brokerage Clerks,Sales Assistant,Y
43-4011.00,Brokerage Clerks,Sales Trader,Y
43-4011.00,Brokerage Clerks,Trading Assistant,Y
43-4021.00,Correspondence Clerks,Chargeback Specialist,N
43-4021.00,Correspondence Clerks,Claims Correspondence Clerk,N
43-4021.00,Correspondence Clerks,Correspondence Clerk,Y
43-4021.00,Correspondence Clerks,Correspondence Coordinator,Y
43-4021.00,Correspondence Clerks,Correspondence Representative (Correspondence Rep),Y
43-4021.00,Correspondence Clerks,Correspondent,N
43-4021.00,Correspondence Clerks,Dispute Resolution Analyst,Y
43-4021.00,Correspondence Clerks,Dispute Specialist,N
43-4021.00,Correspondence Clerks,Office Technician (Office Tech),N
43-4021.00,Correspondence Clerks,Technical Clerk,N
43-4031.00,"Court, Municipal, and License Clerks",City Clerk,Y
43-4031.00,"Court, Municipal, and License Clerks",City Recorder,N
43-4031.00,"Court, Municipal, and License Clerks",City Secretary,N
43-4031.00,"Court, Municipal, and License Clerks",Court Clerk,Y
43-4031.00,"Court, Municipal, and License Clerks",License Clerk,Y
43-4031.00,"Court, Municipal, and License Clerks",License Specialist,N
43-4031.00,"Court, Municipal, and License Clerks",Motor Vehicle Licensing Clerk,N
43-4031.00,"Court, Municipal, and License Clerks",Municipal Clerk,N
43-4031.00,"Court, Municipal, and License Clerks",Permit Service Representative (Permit Service Rep),N
43-4031.00,"Court, Municipal, and License Clerks",Town Clerk,Y
43-4041.00,"Credit Authorizers, Checkers, and Clerks",Commercial Credit Reviewer,Y
43-4041.00,"Credit Authorizers, Checkers, and Clerks",Commercial Loan Reviewer,N
43-4041.00,"Credit Authorizers, Checkers, and Clerks",Credit Investigator,Y
43-4041.00,"Credit Authorizers, Checkers, and Clerks",Credit Processor,Y
43-4041.00,"Credit Authorizers, Checkers, and Clerks",Credit Representative,Y
43-4051.00,Customer Service Representatives,Account Representative,Y
43-4051.00,Customer Service Representatives,Call Center Representative,N
43-4051.00,Customer Service Representatives,Client Services Representative,N
43-4051.00,Customer Service Representatives,Customer Care Representative (CCR),N
43-4051.00,Customer Service Representatives,Customer Service Agent,N
43-4051.00,Customer Service Representatives,Customer Service Representative (CSR),Y
43-4051.00,Customer Service Representatives,Customer Service Specialist,Y
43-4051.00,Customer Service Representatives,Customer Support Representative (Customer Support Rep),N
43-4051.00,Customer Service Representatives,Guest Service Agent,N
43-4051.00,Customer Service Representatives,Member Services Representative (Member Services Rep),Y
43-4061.00,"Eligibility Interviewers, Government Programs",Benefits Program Tech (Benefits Program Technician),N
43-4061.00,"Eligibility Interviewers, Government Programs",Business and Employment Specialist,N
43-4061.00,"Eligibility Interviewers, Government Programs",Case Manager,N
43-4061.00,"Eligibility Interviewers, Government Programs",Eligibility Examiner,N
43-4061.00,"Eligibility Interviewers, Government Programs",Eligibility Specialist,Y
43-4061.00,"Eligibility Interviewers, Government Programs",Eligibility Worker,Y
43-4061.00,"Eligibility Interviewers, Government Programs",Program Eligibility Specialist,N
43-4061.00,"Eligibility Interviewers, Government Programs",Social Welfare Examiner (SWEX),Y
43-4061.00,"Eligibility Interviewers, Government Programs",Workforce Advisor,N
43-4061.00,"Eligibility Interviewers, Government Programs",Workforce Services Representative (WSR),Y
43-4071.00,File Clerks,Claims Clerk,N
43-4071.00,File Clerks,Clerk,Y
43-4071.00,File Clerks,Clerk Typist,N
43-4071.00,File Clerks,Documentation Specialist,N
43-4071.00,File Clerks,File Clerk,Y
43-4071.00,File Clerks,Medical Records Clerk,N
43-4071.00,File Clerks,Office Assistant,Y
43-4071.00,File Clerks,Police Records Clerk,N
43-4071.00,File Clerks,Records Clerk,Y
43-4071.00,File Clerks,Records Custodian,N
43-4081.00,"Hotel, Motel, and Resort Desk Clerks",Desk Clerk,N
43-4081.00,"Hotel, Motel, and Resort Desk Clerks",Front Desk Agent,Y
43-4081.00,"Hotel, Motel, and Resort Desk Clerks",Front Desk Associate,N
43-4081.00,"Hotel, Motel, and Resort Desk Clerks",Front Desk Attendant,N
43-4081.00,"Hotel, Motel, and Resort Desk Clerks",Front Desk Clerk,Y
43-4081.00,"Hotel, Motel, and Resort Desk Clerks",Front Desk Receptionist,N
43-4081.00,"Hotel, Motel, and Resort Desk Clerks",Guest Service Representative (GSR),Y
43-4081.00,"Hotel, Motel, and Resort Desk Clerks",Guest Services Agent (GSA),Y
43-4081.00,"Hotel, Motel, and Resort Desk Clerks",Hotel Desk Clerk,N
43-4081.00,"Hotel, Motel, and Resort Desk Clerks",Reservationist,N
43-4111.00,"Interviewers, Except Eligibility and Loan",Admissions Clerk,Y
43-4111.00,"Interviewers, Except Eligibility and Loan",Admissions Representative,Y
43-4111.00,"Interviewers, Except Eligibility and Loan",Admitting Representative,N
43-4111.00,"Interviewers, Except Eligibility and Loan",Data Collection Assistant,N
43-4111.00,"Interviewers, Except Eligibility and Loan",Interviewer,Y
43-4111.00,"Interviewers, Except Eligibility and Loan",Market Research Interviewer,N
43-4111.00,"Interviewers, Except Eligibility and Loan",Registration Clerk,Y
43-4111.00,"Interviewers, Except Eligibility and Loan",Research Interviewer,N
43-4111.00,"Interviewers, Except Eligibility and Loan",Survey Interviewer,N
43-4111.00,"Interviewers, Except Eligibility and Loan",Telephone Interviewer,N
43-4121.00,"Library Assistants, Clerical",Acquisitions Assistant,N
43-4121.00,"Library Assistants, Clerical",Cataloging Assistant,N
43-4121.00,"Library Assistants, Clerical",Library Aide,Y
43-4121.00,"Library Assistants, Clerical",Library Assistant,Y
43-4121.00,"Library Assistants, Clerical",Library Associate,N
43-4121.00,"Library Assistants, Clerical",Library Circulation Assistant,Y
43-4121.00,"Library Assistants, Clerical",Library Clerical Assistant,N
43-4121.00,"Library Assistants, Clerical",Library Clerk,Y
43-4121.00,"Library Assistants, Clerical",Library Services Assistant,N
43-4131.00,Loan Interviewers and Clerks,Licensed Loan Officer Assistant,N
43-4131.00,Loan Interviewers and Clerks,Loan Analyst,Y
43-4131.00,Loan Interviewers and Clerks,Loan Assistant,Y
43-4131.00,Loan Interviewers and Clerks,Loan Clerk,N
43-4131.00,Loan Interviewers and Clerks,Loan Originator,N
43-4131.00,Loan Interviewers and Clerks,Loan Processor,Y
43-4131.00,Loan Interviewers and Clerks,Loan Representative,N
43-4131.00,Loan Interviewers and Clerks,Mortgage Broker,N
43-4131.00,Loan Interviewers and Clerks,Mortgage Loan Processor,Y
43-4131.00,Loan Interviewers and Clerks,Mortgage Processor,N
43-4141.00,New Accounts Clerks,Banking Services Representative,N
43-4141.00,New Accounts Clerks,Customer Service Specialist,N
43-4141.00,New Accounts Clerks,Financial Service Representative,N
43-4141.00,New Accounts Clerks,Financial Services Representative,Y
43-4141.00,New Accounts Clerks,Member Service Representative,Y
43-4141.00,New Accounts Clerks,New Accounts Clerk,N
43-4141.00,New Accounts Clerks,New Accounts Representative,Y
43-4141.00,New Accounts Clerks,Personal Banker,Y
43-4141.00,New Accounts Clerks,Relationship Banker,N
43-4141.00,New Accounts Clerks,Universal Banker,N
43-4151.00,Order Clerks,Hub Associate,N
43-4151.00,Order Clerks,Materials Specialist,Y
43-4151.00,Order Clerks,Order Analyst,N
43-4151.00,Order Clerks,Order Clerk,Y
43-4151.00,Order Clerks,Order Entry Administrator (Order Entry Admin),N
43-4151.00,Order Clerks,Order Entry Representative (Order Entry Rep),N
43-4151.00,Order Clerks,Order Processing Clerk,N
43-4151.00,Order Clerks,Order Taker,N
43-4151.00,Order Clerks,Warehouse Clerk,Y
43-4151.00,Order Clerks,Warehouse Person,Y
43-4161.00,"Human Resources Assistants, Except Payroll and Timekeeping",Human Resources Administrative Assistant (HR Administrative Assistant),Y
43-4161.00,"Human Resources Assistants, Except Payroll and Timekeeping",Human Resources Assistant (HR Assistant),Y
43-4161.00,"Human Resources Assistants, Except Payroll and Timekeeping",Human Resources Associate (HR Associate),Y
43-4161.00,"Human Resources Assistants, Except Payroll and Timekeeping",Personnel Clerk,Y
43-4171.00,Receptionists and Information Clerks,Clerk Specialist,N
43-4171.00,Receptionists and Information Clerks,Front Desk Receptionist,Y
43-4171.00,Receptionists and Information Clerks,Greeter,Y
43-4171.00,Receptionists and Information Clerks,Information Assistant (Info Assistant),N
43-4171.00,Receptionists and Information Clerks,Medical Receptionist,N
43-4171.00,Receptionists and Information Clerks,Member Services Representative (Member Services Rep),N
43-4171.00,Receptionists and Information Clerks,Office Assistant,Y
43-4171.00,Receptionists and Information Clerks,Receptionist,Y
43-4171.00,Receptionists and Information Clerks,Registration Clerk,N
43-4171.00,Receptionists and Information Clerks,Scheduler,N
43-4181.00,Reservation and Transportation Ticket Agents and Travel Clerks,Airline Ticket Agent,N
43-4181.00,Reservation and Transportation Ticket Agents and Travel Clerks,Airport Sales Agent,Y
43-4181.00,Reservation and Transportation Ticket Agents and Travel Clerks,Baggage Service Agent,N
43-4181.00,Reservation and Transportation Ticket Agents and Travel Clerks,Corporate Travel Agent,N
43-4181.00,Reservation and Transportation Ticket Agents and Travel Clerks,Reservation Agent,Y
43-4181.00,Reservation and Transportation Ticket Agents and Travel Clerks,Reservationist,N
43-4181.00,Reservation and Transportation Ticket Agents and Travel Clerks,Reservations Agent,Y
43-4181.00,Reservation and Transportation Ticket Agents and Travel Clerks,Station Agent,N
43-4181.00,Reservation and Transportation Ticket Agents and Travel Clerks,Ticket Agent,N
43-4181.00,Reservation and Transportation Ticket Agents and Travel Clerks,Tour Sales Representative,Y
43-5011.00,Cargo and Freight Agents,Air Export Specialist,Y
43-5011.00,Cargo and Freight Agents,Drop Shipment Clerk,Y
43-5011.00,Cargo and Freight Agents,Freight Broker,N
43-5011.00,Cargo and Freight Agents,Intermodal Dispatcher,N
43-5011.00,Cargo and Freight Agents,International Coordinator,N
43-5011.00,Cargo and Freight Agents,Load Planner,N
43-5011.00,Cargo and Freight Agents,Logistics Coordinator,Y
43-5011.00,Cargo and Freight Agents,Logistics Service Representative,Y
43-5011.00,Cargo and Freight Agents,Ship Broker,N
43-5011.00,Cargo and Freight Agents,Traffic and Documentation Clerk,N
43-5011.01,Freight Forwarders,Air Export Agent,Y
43-5011.01,Freight Forwarders,Air Export Coordinator,Y
43-5011.01,Freight Forwarders,Export Coordinator,N
43-5011.01,Freight Forwarders,Freight Forwarder,Y
43-5011.01,Freight Forwarders,GSA Coordinator (General Services Administration Coordinator),Y
43-5011.01,Freight Forwarders,Import Agent,N
43-5011.01,Freight Forwarders,Ocean Export Specialist,N
43-5011.01,Freight Forwarders,Relocation Coordinator,N
43-5011.01,Freight Forwarders,Route Specialist,N
43-5021.00,Couriers and Messengers,Courier,Y
43-5021.00,Couriers and Messengers,Delivery Driver,N
43-5021.00,Couriers and Messengers,Driver,Y
43-5021.00,Couriers and Messengers,Lab Courier (Laboratory Courier),Y
43-5021.00,Couriers and Messengers,Mail Carrier,N
43-5021.00,Couriers and Messengers,Mailroom Courier,N
43-5021.00,Couriers and Messengers,Messenger,Y
43-5021.00,Couriers and Messengers,Security Messenger,N
43-5021.00,Couriers and Messengers,Transporter,N
43-5021.00,Couriers and Messengers,Vehicle Delivery Worker,N
43-5031.00,Public Safety Telecommunicators,911 Dispatcher,N
43-5031.00,Public Safety Telecommunicators,Communications Officer,Y
43-5031.00,Public Safety Telecommunicators,Communications Operator,Y
43-5031.00,Public Safety Telecommunicators,Communications Specialist,N
43-5031.00,Public Safety Telecommunicators,Emergency Communications Dispatcher,N
43-5031.00,Public Safety Telecommunicators,Emergency Communications Operator (ECO),N
43-5031.00,Public Safety Telecommunicators,Police Dispatcher,N
43-5031.00,Public Safety Telecommunicators,Public Safety Dispatcher,Y
43-5031.00,Public Safety Telecommunicators,Telecommunicator,Y
43-5032.00,"Dispatchers, Except Police, Fire, and Ambulance",Aircraft Dispatcher,N
43-5032.00,"Dispatchers, Except Police, Fire, and Ambulance",Charter Coordinator,N
43-5032.00,"Dispatchers, Except Police, Fire, and Ambulance",City Dispatcher,Y
43-5032.00,"Dispatchers, Except Police, Fire, and Ambulance",Dispatcher (Dispatch),Y
43-5032.00,"Dispatchers, Except Police, Fire, and Ambulance",Mine Dispatcher,N
43-5032.00,"Dispatchers, Except Police, Fire, and Ambulance",Paratransit Dispatcher,N
43-5032.00,"Dispatchers, Except Police, Fire, and Ambulance",School Bus Dispatcher,N
43-5032.00,"Dispatchers, Except Police, Fire, and Ambulance",Taxi Dispatcher,Y
43-5032.00,"Dispatchers, Except Police, Fire, and Ambulance",Train Dispatcher,Y
43-5032.00,"Dispatchers, Except Police, Fire, and Ambulance",Truck Dispatcher,N
43-5041.00,"Meter Readers, Utilities",Field Technician (Field Tech),N
43-5041.00,"Meter Readers, Utilities",Meter Reader,Y
43-5041.00,"Meter Readers, Utilities",Meter Reading Clerk,N
43-5041.00,"Meter Readers, Utilities",Meter Service Technician (Meter Service Tech),N
43-5041.00,"Meter Readers, Utilities",Meter Service Worker,N
43-5041.00,"Meter Readers, Utilities",Meter Technician (Meter Tech),Y
43-5041.00,"Meter Readers, Utilities",Utility Service Worker,N
43-5041.00,"Meter Readers, Utilities",Water Inspector,N
43-5041.00,"Meter Readers, Utilities",Water Meter Reader,Y
43-5041.00,"Meter Readers, Utilities",Water Use Inspector,Y
43-5051.00,Postal Service Clerks,Bulk Mail Technician,N
43-5051.00,Postal Service Clerks,Clerk,Y
43-5051.00,Postal Service Clerks,Distribution Clerk,N
43-5051.00,Postal Service Clerks,Part Time Flexible Clerk (PTF Clerk),N
43-5051.00,Postal Service Clerks,Postal Clerk,Y
43-5051.00,Postal Service Clerks,Sales and Distribution Clerk,N
43-5051.00,Postal Service Clerks,Sales and Service Associate (SSA),Y
43-5051.00,Postal Service Clerks,Window Clerk,Y
43-5052.00,Postal Service Mail Carriers,City Carrier,N
43-5052.00,Postal Service Mail Carriers,City Carrier Assistant (CCA),N
43-5052.00,Postal Service Mail Carriers,City Letter Carrier,Y
43-5052.00,Postal Service Mail Carriers,City Mail Carrier,N
43-5052.00,Postal Service Mail Carriers,Letter Carrier,Y
43-5052.00,Postal Service Mail Carriers,Mail Carrier,Y
43-5052.00,Postal Service Mail Carriers,Rural Carrier,N
43-5052.00,Postal Service Mail Carriers,Rural Carrier Associate (RCA),Y
43-5052.00,Postal Service Mail Carriers,Rural Mail Carrier,N
43-5052.00,Postal Service Mail Carriers,Rural Route Carrier,N
43-5053.00,"Postal Service Mail Sorters, Processors, and Processing Machine Operators",Automation Clerk,Y
43-5053.00,"Postal Service Mail Sorters, Processors, and Processing Machine Operators",Computer Forwarding System Markup Clerk (CFS Markup Clerk),N
43-5053.00,"Postal Service Mail Sorters, Processors, and Processing Machine Operators",Distribution Clerk,Y
43-5053.00,"Postal Service Mail Sorters, Processors, and Processing Machine Operators",Flat Sorting Machine Clerk (FSM Clerk),N
43-5053.00,"Postal Service Mail Sorters, Processors, and Processing Machine Operators",Mail Handler,Y
43-5053.00,"Postal Service Mail Sorters, Processors, and Processing Machine Operators",Mail Handler Equipment Operator,N
43-5053.00,"Postal Service Mail Sorters, Processors, and Processing Machine Operators",Mail Processing Clerk,N
43-5053.00,"Postal Service Mail Sorters, Processors, and Processing Machine Operators",Mail Processor,Y
43-5053.00,"Postal Service Mail Sorters, Processors, and Processing Machine Operators",Parcel Post Distribution Machine Operator (PDPMO),N
43-5053.00,"Postal Service Mail Sorters, Processors, and Processing Machine Operators",Small Package and Bundle Sorter Clerk (SPBS Clerk),N
43-5061.00,"Production, Planning, and Expediting Clerks",Expeditor,Y
43-5061.00,"Production, Planning, and Expediting Clerks",Inventory Control Specialist,N
43-5061.00,"Production, Planning, and Expediting Clerks",Material Requirements Planner (MRP),N
43-5061.00,"Production, Planning, and Expediting Clerks",Materials Coordinator,N
43-5061.00,"Production, Planning, and Expediting Clerks",Materials Planner,Y
43-5061.00,"Production, Planning, and Expediting Clerks",Production Assistant,N
43-5061.00,"Production, Planning, and Expediting Clerks",Production Clerk,N
43-5061.00,"Production, Planning, and Expediting Clerks",Production Controller,N
43-5061.00,"Production, Planning, and Expediting Clerks",Production Planner,Y
43-5061.00,"Production, Planning, and Expediting Clerks",Production Scheduler,Y
43-5071.00,"Shipping, Receiving, and Inventory Clerks",Materials Control Associate,N
43-5071.00,"Shipping, Receiving, and Inventory Clerks",Order Fulfillment Specialist,N
43-5071.00,"Shipping, Receiving, and Inventory Clerks",Receiver,Y
43-5071.00,"Shipping, Receiving, and Inventory Clerks",Receiving Associate,N
43-5071.00,"Shipping, Receiving, and Inventory Clerks",Receiving Clerk,Y
43-5071.00,"Shipping, Receiving, and Inventory Clerks",Receiving Coordinator,N
43-5071.00,"Shipping, Receiving, and Inventory Clerks",Shipper,Y
43-5071.00,"Shipping, Receiving, and Inventory Clerks",Shipping Clerk,Y
43-5071.00,"Shipping, Receiving, and Inventory Clerks",Shipping Coordinator,N
43-5071.00,"Shipping, Receiving, and Inventory Clerks",Traffic Assistant,N
43-5111.00,"Weighers, Measurers, Checkers, and Samplers, Recordkeeping",Cycle Counter,N
43-5111.00,"Weighers, Measurers, Checkers, and Samplers, Recordkeeping",Fluid Operator,Y
43-5111.00,"Weighers, Measurers, Checkers, and Samplers, Recordkeeping",Inventory Specialist,Y
43-5111.00,"Weighers, Measurers, Checkers, and Samplers, Recordkeeping",Quality Assurance Inspector (QA Inspector),Y
43-5111.00,"Weighers, Measurers, Checkers, and Samplers, Recordkeeping",Scale Operator,N
43-5111.00,"Weighers, Measurers, Checkers, and Samplers, Recordkeeping",Supply Clerk,N
43-5111.00,"Weighers, Measurers, Checkers, and Samplers, Recordkeeping",Temperature Taker,Y
43-6011.00,Executive Secretaries and Executive Administrative Assistants,Administrative Aide,N
43-6011.00,Executive Secretaries and Executive Administrative Assistants,Administrative Assistant,Y
43-6011.00,Executive Secretaries and Executive Administrative Assistants,Administrative Associate,N
43-6011.00,Executive Secretaries and Executive Administrative Assistants,Administrative Coordinator,N
43-6011.00,Executive Secretaries and Executive Administrative Assistants,Administrative Secretary,Y
43-6011.00,Executive Secretaries and Executive Administrative Assistants,Administrative Specialist,N
43-6011.00,Executive Secretaries and Executive Administrative Assistants,Executive Administrative Assistant,N
43-6011.00,Executive Secretaries and Executive Administrative Assistants,Executive Assistant,Y
43-6011.00,Executive Secretaries and Executive Administrative Assistants,Executive Secretary,Y
43-6011.00,Executive Secretaries and Executive Administrative Assistants,Office Assistant,N
43-6012.00,Legal Secretaries and Administrative Assistants,Confidential Secretary,N
43-6012.00,Legal Secretaries and Administrative Assistants,Legal Administrative Assistant (Legal Admin Assistant),Y
43-6012.00,Legal Secretaries and Administrative Assistants,Legal Administrator (Legal Admin),N
43-6012.00,Legal Secretaries and Administrative Assistants,Legal Coordinator,N
43-6012.00,Legal Secretaries and Administrative Assistants,Legal Management Assistant,N
43-6012.00,Legal Secretaries and Administrative Assistants,Legal Office Support Assistant,Y
43-6012.00,Legal Secretaries and Administrative Assistants,Legal Practice Assistant,Y
43-6012.00,Legal Secretaries and Administrative Assistants,Legal Secretary,Y
43-6012.00,Legal Secretaries and Administrative Assistants,Litigation Secretary,N
43-6012.00,Legal Secretaries and Administrative Assistants,Magistrate Assistant,N
43-6013.00,Medical Secretaries and Administrative Assistants,Clinic Office Assistant,N
43-6013.00,Medical Secretaries and Administrative Assistants,Front Desk Receptionist,N
43-6013.00,Medical Secretaries and Administrative Assistants,Medical Office Specialist,N
43-6013.00,Medical Secretaries and Administrative Assistants,Medical Receptionist,Y
43-6013.00,Medical Secretaries and Administrative Assistants,Medical Secretary,Y
43-6013.00,Medical Secretaries and Administrative Assistants,Physician Office Specialist,N
43-6013.00,Medical Secretaries and Administrative Assistants,Secretary,N
43-6013.00,Medical Secretaries and Administrative Assistants,Unit Clerk,Y
43-6013.00,Medical Secretaries and Administrative Assistants,Unit Support Representative,Y
43-6013.00,Medical Secretaries and Administrative Assistants,Ward Clerk,N
43-6014.00,"Secretaries and Administrative Assistants, Except Legal, Medical, and Executive",Administrative Assistant (Admin Assistant),Y
43-6014.00,"Secretaries and Administrative Assistants, Except Legal, Medical, and Executive",Administrative Clerk,N
43-6014.00,"Secretaries and Administrative Assistants, Except Legal, Medical, and Executive",Administrative Secretary (Admin Secretary),Y
43-6014.00,"Secretaries and Administrative Assistants, Except Legal, Medical, and Executive",Administrative Specialist (Admin Specialist),N
43-6014.00,"Secretaries and Administrative Assistants, Except Legal, Medical, and Executive",Administrative Support Assistant (ASA),N
43-6014.00,"Secretaries and Administrative Assistants, Except Legal, Medical, and Executive",Administrative Technician,N
43-6014.00,"Secretaries and Administrative Assistants, Except Legal, Medical, and Executive",Department Secretary,N
43-6014.00,"Secretaries and Administrative Assistants, Except Legal, Medical, and Executive",Office Assistant,Y
43-6014.00,"Secretaries and Administrative Assistants, Except Legal, Medical, and Executive",Secretary,Y
43-6014.00,"Secretaries and Administrative Assistants, Except Legal, Medical, and Executive",Staff Assistant,N
43-9021.00,Data Entry Keyers,Data Capture Specialist,Y
43-9021.00,Data Entry Keyers,Data Entry Clerk,Y
43-9021.00,Data Entry Keyers,Data Entry Machine Operator,N
43-9021.00,Data Entry Keyers,Data Entry Operator,Y
43-9021.00,Data Entry Keyers,Data Entry Specialist,N
43-9021.00,Data Entry Keyers,Data Transcriber,Y
43-9021.00,Data Entry Keyers,Records Clerk,N
43-9021.00,Data Entry Keyers,Underwriting Support Specialist,N
43-9022.00,Word Processors and Typists,Clerk Specialist,N
43-9022.00,Word Processors and Typists,Clerk Typist,Y
43-9022.00,Word Processors and Typists,Keyboard Specialist,Y
43-9022.00,Word Processors and Typists,Stenographer,N
43-9022.00,Word Processors and Typists,Typist,Y
43-9022.00,Word Processors and Typists,Word Processing Operator,N
43-9022.00,Word Processors and Typists,Word Processing Specialist,N
43-9022.00,Word Processors and Typists,Word Processor,Y
43-9031.00,Desktop Publishers,Advertising Associate,N
43-9031.00,Desktop Publishers,Compositor,Y
43-9031.00,Desktop Publishers,Computer Typesetter,Y
43-9031.00,Desktop Publishers,Design Editor,N
43-9031.00,Desktop Publishers,Desktop Operator,N
43-9031.00,Desktop Publishers,Desktop Publishing Specialist,N
43-9031.00,Desktop Publishers,Electronic Console Display Operator,Y
43-9031.00,Desktop Publishers,Electronic Imager,N
43-9031.00,Desktop Publishers,Electronic Publishing Specialist,N
43-9031.00,Desktop Publishers,Publisher,Y
43-9041.00,Insurance Claims and Policy Processing Clerks,Claims Adjudicator,N
43-9041.00,Insurance Claims and Policy Processing Clerks,Claims Analyst,N
43-9041.00,Insurance Claims and Policy Processing Clerks,Claims Clerk,N
43-9041.00,Insurance Claims and Policy Processing Clerks,Claims Customer Service Representative (Claims CSR),N
43-9041.00,Insurance Claims and Policy Processing Clerks,Claims Processor,Y
43-9041.00,Insurance Claims and Policy Processing Clerks,Claims Representative (Claims Rep),Y
43-9041.00,Insurance Claims and Policy Processing Clerks,Claims Technician (Claims Tech),Y
43-9041.00,Insurance Claims and Policy Processing Clerks,Insurance Analyst,N
43-9041.00,Insurance Claims and Policy Processing Clerks,Policy Analyst,N
43-9041.00,Insurance Claims and Policy Processing Clerks,Underwriting Assistant,Y
43-9051.00,"Mail Clerks and Mail Machine Operators, Except Postal Service",Insert Operator,N
43-9051.00,"Mail Clerks and Mail Machine Operators, Except Postal Service",Inserter Operator,N
43-9051.00,"Mail Clerks and Mail Machine Operators, Except Postal Service",Mail Clerk,Y
43-9051.00,"Mail Clerks and Mail Machine Operators, Except Postal Service",Mail Handler,N
43-9051.00,"Mail Clerks and Mail Machine Operators, Except Postal Service",Mail Machine Operator,Y
43-9051.00,"Mail Clerks and Mail Machine Operators, Except Postal Service",Mail Processor,N
43-9051.00,"Mail Clerks and Mail Machine Operators, Except Postal Service",Mail Sorter,Y
43-9051.00,"Mail Clerks and Mail Machine Operators, Except Postal Service",Mailing Equipment Operator,N
43-9051.00,"Mail Clerks and Mail Machine Operators, Except Postal Service",Mailroom Processor,N
43-9051.00,"Mail Clerks and Mail Machine Operators, Except Postal Service",Postal Clerk,Y
43-9061.00,"Office Clerks, General",Administrative Clerk (Admin Clerk),N
43-9061.00,"Office Clerks, General",Clerical Aide,N
43-9061.00,"Office Clerks, General",Clerical Assistant,N
43-9061.00,"Office Clerks, General",Clerk,Y
43-9061.00,"Office Clerks, General",General Clerk,N
43-9061.00,"Office Clerks, General",Office Assistant,Y
43-9061.00,"Office Clerks, General",Office Clerk,Y
43-9061.00,"Office Clerks, General",Office Services Specialist,Y
43-9061.00,"Office Clerks, General",Office Support Assistant,N
43-9071.00,"Office Machine Operators, Except Computer",Copy Center Operator,Y
43-9071.00,"Office Machine Operators, Except Computer",Copy Machine Operator,Y
43-9071.00,"Office Machine Operators, Except Computer",Copy Technician,N
43-9071.00,"Office Machine Operators, Except Computer",Graphics Production Specialist,N
43-9071.00,"Office Machine Operators, Except Computer",Key Operator,Y
43-9071.00,"Office Machine Operators, Except Computer",Machine Operator,Y
43-9071.00,"Office Machine Operators, Except Computer",Printing Services Coordinator,N
43-9071.00,"Office Machine Operators, Except Computer",Reprographics Technician,N
43-9081.00,Proofreaders and Copy Markers,Copy Editor,Y
43-9081.00,Proofreaders and Copy Markers,Copyholder,N
43-9081.00,Proofreaders and Copy Markers,Editorial Assistant,N
43-9081.00,Proofreaders and Copy Markers,News Copy Editor,Y
43-9081.00,Proofreaders and Copy Markers,Proofer,N
43-9081.00,Proofreaders and Copy Markers,Proofreader,Y
43-9081.00,Proofreaders and Copy Markers,Typesetter,Y
43-9111.00,Statistical Assistants,Actuarial Analyst,Y
43-9111.00,Statistical Assistants,Actuarial Assistant,Y
43-9111.00,Statistical Assistants,Actuarial Associate,N
43-9111.00,Statistical Assistants,Actuarial Technician (Actuarial Tech),Y
43-9111.00,Statistical Assistants,Administrative Analyst (Admin Analyst),N
43-9111.00,Statistical Assistants,Data Technical Specialist,N
43-9111.00,Statistical Assistants,Research Assistant,Y
43-9111.00,Statistical Assistants,Research Associate,N
43-9111.00,Statistical Assistants,Statistical Clerk,N
43-9111.00,Statistical Assistants,Statistical Technician (Statistical Tech),N
45-1011.00,"First-Line Supervisors of Farming, Fishing, and Forestry Workers",Animal Research Facility Supervisor,N
45-1011.00,"First-Line Supervisors of Farming, Fishing, and Forestry Workers",Cattle Manager,N
45-1011.00,"First-Line Supervisors of Farming, Fishing, and Forestry Workers",Farm Supervisor,Y
45-1011.00,"First-Line Supervisors of Farming, Fishing, and Forestry Workers",Fish Hatchery Manager,N
45-1011.00,"First-Line Supervisors of Farming, Fishing, and Forestry Workers",Harvesting Supervisor,Y
45-1011.00,"First-Line Supervisors of Farming, Fishing, and Forestry Workers",Hatchery Manager,Y
45-1011.00,"First-Line Supervisors of Farming, Fishing, and Forestry Workers",Logging Crew Foreman,N
45-1011.00,"First-Line Supervisors of Farming, Fishing, and Forestry Workers",Logging Supervisor,Y
45-1011.00,"First-Line Supervisors of Farming, Fishing, and Forestry Workers",Pest Management Supervisor,N
45-1011.00,"First-Line Supervisors of Farming, Fishing, and Forestry Workers",Wildlife Manager,N
45-2011.00,Agricultural Inspectors,Agricultural Commodities Grader (ACG),Y
45-2011.00,Agricultural Inspectors,Agricultural Products Agent,N
45-2011.00,Agricultural Inspectors,Apiary Inspector,Y
45-2011.00,Agricultural Inspectors,Brand Inspector,Y
45-2011.00,Agricultural Inspectors,CSI (Consumer Safety Inspector),N
45-2011.00,Agricultural Inspectors,Food Inspector,N
45-2011.00,Agricultural Inspectors,Food Safety Inspector,N
45-2011.00,Agricultural Inspectors,FSIS Inspector (Food Safety and Inspection Service Inspector),N
45-2011.00,Agricultural Inspectors,Grain Inspector,Y
45-2011.00,Agricultural Inspectors,Shipping Point Inspector,N
45-2021.00,Animal Breeders,Animal Technician,Y
45-2021.00,Animal Breeders,Artificial Insemination Technician (AI Technician),Y
45-2021.00,Animal Breeders,Artificial Inseminator,N
45-2021.00,Animal Breeders,Breeder,Y
45-2021.00,Animal Breeders,Dog Breeder,Y
45-2021.00,Animal Breeders,Large Herd Specialist,N
45-2041.00,"Graders and Sorters, Agricultural Products",Agriculture Laborer,N
45-2041.00,"Graders and Sorters, Agricultural Products",Apple Sorter,Y
45-2041.00,"Graders and Sorters, Agricultural Products",Corn Lab Technician,N
45-2041.00,"Graders and Sorters, Agricultural Products",Distribution Technician,N
45-2041.00,"Graders and Sorters, Agricultural Products",Egg Grader,N
45-2041.00,"Graders and Sorters, Agricultural Products",Egg Worker,N
45-2041.00,"Graders and Sorters, Agricultural Products",Grader,Y
45-2041.00,"Graders and Sorters, Agricultural Products",Potato Grader,Y
45-2041.00,"Graders and Sorters, Agricultural Products",Potato Sorter,N
45-2041.00,"Graders and Sorters, Agricultural Products",Sorter,Y
45-2091.00,Agricultural Equipment Operators,Baler Operator,N
45-2091.00,Agricultural Equipment Operators,Cutter Operator,N
45-2091.00,Agricultural Equipment Operators,Equipment Operator,Y
45-2091.00,Agricultural Equipment Operators,Farm Equipment Operator,Y
45-2091.00,Agricultural Equipment Operators,Hay Baler,N
45-2091.00,Agricultural Equipment Operators,Loader Operator,Y
45-2091.00,Agricultural Equipment Operators,Packing Tractor Machine Operator,N
45-2091.00,Agricultural Equipment Operators,Rake Operator,Y
45-2091.00,Agricultural Equipment Operators,Sprayer,N
45-2091.00,Agricultural Equipment Operators,Windrower Operator,N
45-2092.00,"Farmworkers and Laborers, Crop, Nursery, and Greenhouse",Farm Laborer,N
45-2092.00,"Farmworkers and Laborers, Crop, Nursery, and Greenhouse",Farmer,N
45-2092.00,"Farmworkers and Laborers, Crop, Nursery, and Greenhouse",Field Irrigation Worker,N
45-2092.00,"Farmworkers and Laborers, Crop, Nursery, and Greenhouse",Gardener,N
45-2092.00,"Farmworkers and Laborers, Crop, Nursery, and Greenhouse",Greenhouse Worker,Y
45-2092.00,"Farmworkers and Laborers, Crop, Nursery, and Greenhouse",Grower,Y
45-2092.00,"Farmworkers and Laborers, Crop, Nursery, and Greenhouse",Harvester,Y
45-2092.00,"Farmworkers and Laborers, Crop, Nursery, and Greenhouse",Nursery Worker,Y
45-2092.00,"Farmworkers and Laborers, Crop, Nursery, and Greenhouse",Orchard Worker,N
45-2092.00,"Farmworkers and Laborers, Crop, Nursery, and Greenhouse",Picker,N
45-2093.00,"Farmworkers, Farm, Ranch, and Aquacultural Animals",Cowboy,Y
45-2093.00,"Farmworkers, Farm, Ranch, and Aquacultural Animals",Farm Hand,N
45-2093.00,"Farmworkers, Farm, Ranch, and Aquacultural Animals",Farrowing Worker,N
45-2093.00,"Farmworkers, Farm, Ranch, and Aquacultural Animals",Herdsman,Y
45-2093.00,"Farmworkers, Farm, Ranch, and Aquacultural Animals",Livestock Handler,Y
45-2093.00,"Farmworkers, Farm, Ranch, and Aquacultural Animals",Milking Worker,N
45-2093.00,"Farmworkers, Farm, Ranch, and Aquacultural Animals",Ranch Hand,Y
45-2093.00,"Farmworkers, Farm, Ranch, and Aquacultural Animals",Rancher,N
45-2093.00,"Farmworkers, Farm, Ranch, and Aquacultural Animals",Vaccinator,N
45-2093.00,"Farmworkers, Farm, Ranch, and Aquacultural Animals",Wrangler,N
45-3031.00,Fishing and Hunting Workers,Commercial Fisherman,N
45-3031.00,Fishing and Hunting Workers,Commercial Fishing Vessel Operator,N
45-3031.00,Fishing and Hunting Workers,Deckhand,Y
45-3031.00,Fishing and Hunting Workers,Fisherman,N
45-3031.00,Fishing and Hunting Workers,Fur Trapper,N
45-3031.00,Fishing and Hunting Workers,Hunter,N
45-3031.00,Fishing and Hunting Workers,Lobster Fisherman,Y
45-3031.00,Fishing and Hunting Workers,Nuisance Trapper,Y
45-3031.00,Fishing and Hunting Workers,Trapper,Y
45-3031.00,Fishing and Hunting Workers,Wildlife Control Operator,N
45-4011.00,Forest and Conservation Workers,Christmas Tree Farmer,N
45-4011.00,Forest and Conservation Workers,Conservation Officer,N
45-4011.00,Forest and Conservation Workers,Field Laborer,N
45-4011.00,Forest and Conservation Workers,Forest Ranger,Y
45-4011.00,Forest and Conservation Workers,Forest Resource Specialist,N
45-4011.00,Forest and Conservation Workers,Forestry Support Specialist,Y
45-4011.00,Forest and Conservation Workers,Park Maintainer,N
45-4011.00,Forest and Conservation Workers,Reforestation Worker,N
45-4011.00,Forest and Conservation Workers,Tree Farmer,Y
45-4011.00,Forest and Conservation Workers,Tree Planter,Y
45-4021.00,Fallers,Bucker,N
45-4021.00,Fallers,Cutter Operator,N
45-4021.00,Fallers,Feller,N
45-4021.00,Fallers,Logger,Y
45-4021.00,Fallers,Sawyer,N
45-4021.00,Fallers,Timber Cutter,Y
45-4021.00,Fallers,Timber Faller,Y
45-4021.00,Fallers,Timber Feller,N
45-4021.00,Fallers,Tree Faller,Y
45-4021.00,Fallers,Tree Feller,N
45-4022.00,Logging Equipment Operators,Delimber Operator,N
45-4022.00,Logging Equipment Operators,Feller Buncher Operator,N
45-4022.00,Logging Equipment Operators,Harvester Operator,N
45-4022.00,Logging Equipment Operators,Loader Operator,Y
45-4022.00,Logging Equipment Operators,Log Processor Operator,N
45-4022.00,Logging Equipment Operators,Logging Equipment Operator,Y
45-4022.00,Logging Equipment Operators,Logging Shovel Operator,N
45-4022.00,Logging Equipment Operators,Skidder Driver,Y
45-4022.00,Logging Equipment Operators,Skidder Operator,Y
45-4022.00,Logging Equipment Operators,Yarder Operator,N
45-4023.00,Log Graders and Scalers,Log Buyer,Y
45-4023.00,Log Graders and Scalers,Log Check Scaler,N
45-4023.00,Log Graders and Scalers,Log Grader,Y
45-4023.00,Log Graders and Scalers,Log Scaler,Y
45-4023.00,Log Graders and Scalers,Lumber Grader,N
45-4023.00,Log Graders and Scalers,Scaler,Y
45-4023.00,Log Graders and Scalers,Timber Buyer,N
47-1011.00,First-Line Supervisors of Construction Trades and Extraction Workers,Coal Mine Production Foreman,N
47-1011.00,First-Line Supervisors of Construction Trades and Extraction Workers,Construction Foreman,Y
47-1011.00,First-Line Supervisors of Construction Trades and Extraction Workers,Construction Supervisor,Y
47-1011.00,First-Line Supervisors of Construction Trades and Extraction Workers,Electrical Supervisor,Y
47-1011.00,First-Line Supervisors of Construction Trades and Extraction Workers,Field Operations Supervisor,N
47-1011.00,First-Line Supervisors of Construction Trades and Extraction Workers,Field Supervisor,N
47-1011.00,First-Line Supervisors of Construction Trades and Extraction Workers,Insulation Foreman,N
47-1011.00,First-Line Supervisors of Construction Trades and Extraction Workers,Roustabout Field Supervisor,Y
47-1011.00,First-Line Supervisors of Construction Trades and Extraction Workers,Sheet Metal Foreman,N
47-1011.00,First-Line Supervisors of Construction Trades and Extraction Workers,Site Superintendent,N
47-1011.03,Solar Energy Installation Managers,Commercial Field Manager,N
47-1011.03,Solar Energy Installation Managers,Commercial Solar Superintendent,N
47-1011.03,Solar Energy Installation Managers,Installation Manager,Y
47-1011.03,Solar Energy Installation Managers,Residential Field Manager,N
47-1011.03,Solar Energy Installation Managers,Residential Field Supervisor,N
47-1011.03,Solar Energy Installation Managers,Solar Energy Installation Manager,Y
47-1011.03,Solar Energy Installation Managers,Solar Field Supervisor,N
47-1011.03,Solar Energy Installation Managers,Solar Installation Crew Foreman,Y
47-1011.03,Solar Energy Installation Managers,Solar Installation Manager,Y
47-1011.03,Solar Energy Installation Managers,Solar Installation Supervisor,N
47-2011.00,Boilermakers,Boiler Installer,N
47-2011.00,Boilermakers,Boiler Mechanic,Y
47-2011.00,Boilermakers,Boiler Repairman,N
47-2011.00,Boilermakers,Boiler Service Technician (Boiler Service Tech),N
47-2011.00,Boilermakers,Boiler Technician (Boiler Tech),Y
47-2011.00,Boilermakers,Boilermaker,Y
47-2011.00,Boilermakers,Boilermaker Mechanic,Y
47-2011.00,Boilermakers,Boilermaker Pipe Fitter,N
47-2011.00,Boilermakers,Boilermaker Welder,N
47-2011.00,Boilermakers,Industrial Boiler Service Technician (Industrial Boiler Service Tech),N
47-2021.00,Brickmasons and Blockmasons,Block Layer,Y
47-2021.00,Brickmasons and Blockmasons,Block Mason,N
47-2021.00,Brickmasons and Blockmasons,Blockmason,N
47-2021.00,Brickmasons and Blockmasons,Brick and Block Mason,Y
47-2021.00,Brickmasons and Blockmasons,Brick Mason,N
47-2021.00,Brickmasons and Blockmasons,Bricklayer,Y
47-2021.00,Brickmasons and Blockmasons,Mason,Y
47-2021.00,Brickmasons and Blockmasons,Masonry Installer,N
47-2021.00,Brickmasons and Blockmasons,Tender,N
47-2022.00,Stonemasons,Marble Installer,N
47-2022.00,Stonemasons,Marble Shop Worker,N
47-2022.00,Stonemasons,Mason,Y
47-2022.00,Stonemasons,Mason Mechanic,N
47-2022.00,Stonemasons,Stone Derrickman,Y
47-2022.00,Stonemasons,Stone Installer,N
47-2022.00,Stonemasons,Stone Mason,N
47-2022.00,Stonemasons,Stone Setter,Y
47-2022.00,Stonemasons,Stonemason,Y
47-2031.00,Carpenters,Bridge Carpenter,N
47-2031.00,Carpenters,Cabinet Maker,N
47-2031.00,Carpenters,Carpentry Construction Specialist,Y
47-2031.00,Carpenters,Concrete Carpenter,N
47-2031.00,Carpenters,Construction Carpenter,N
47-2031.00,Carpenters,Finish Carpenter,Y
47-2031.00,Carpenters,Form Carpenter,Y
47-2031.00,Carpenters,Maintenance Carpenter,N
47-2031.00,Carpenters,Rough Carpenter,N
47-2031.00,Carpenters,Scaffold Builder,Y
47-2041.00,Carpet Installers,Carpet Flooring Installer,N
47-2041.00,Carpet Installers,Carpet Layer,N
47-2041.00,Carpet Installers,Carpet Mechanic,Y
47-2041.00,Carpet Installers,Commercial Floor Covering Installer,N
47-2041.00,Carpet Installers,Floor Coverer,N
47-2041.00,Carpet Installers,Floor Covering Installer,N
47-2041.00,Carpet Installers,Floor Installation Mechanic,N
47-2041.00,Carpet Installers,Flooring Installer,Y
47-2041.00,Carpet Installers,Flooring Mechanic,Y
47-2041.00,Carpet Installers,Installer,Y
47-2042.00,"Floor Layers, Except Carpet, Wood, and Hard Tiles",Floor Covering Contractor,N
47-2042.00,"Floor Layers, Except Carpet, Wood, and Hard Tiles",Floor Coverings Installer,Y
47-2042.00,"Floor Layers, Except Carpet, Wood, and Hard Tiles",Floor Installer,N
47-2042.00,"Floor Layers, Except Carpet, Wood, and Hard Tiles",Floor Layer,Y
47-2042.00,"Floor Layers, Except Carpet, Wood, and Hard Tiles",Flooring Installer,Y
47-2042.00,"Floor Layers, Except Carpet, Wood, and Hard Tiles",Flooring Mechanic,Y
47-2042.00,"Floor Layers, Except Carpet, Wood, and Hard Tiles",Tile Installer,N
47-2042.00,"Floor Layers, Except Carpet, Wood, and Hard Tiles",Tile Setter,N
47-2042.00,"Floor Layers, Except Carpet, Wood, and Hard Tiles",Vinyl Installer,N
47-2042.00,"Floor Layers, Except Carpet, Wood, and Hard Tiles",Vinyl Mechanic,N
47-2043.00,Floor Sanders and Finishers,Finisher,N
47-2043.00,Floor Sanders and Finishers,Floor Finisher,Y
47-2043.00,Floor Sanders and Finishers,Floor Mechanic,Y
47-2043.00,Floor Sanders and Finishers,Floor Refinisher,N
47-2043.00,Floor Sanders and Finishers,Floor Sander,Y
47-2043.00,Floor Sanders and Finishers,Floor Sander and Finisher,N
47-2043.00,Floor Sanders and Finishers,Hardwood Floor Finisher and Sander,N
47-2043.00,Floor Sanders and Finishers,Hardwood Floor Refinisher,N
47-2043.00,Floor Sanders and Finishers,Hardwood Floor Sander,Y
47-2043.00,Floor Sanders and Finishers,Sander,N
47-2044.00,Tile and Stone Setters,Ceramic Tile Mechanic,N
47-2044.00,Tile and Stone Setters,Ceramic Tile Setter,N
47-2044.00,Tile and Stone Setters,Tile and Marble Installer,Y
47-2044.00,Tile and Stone Setters,Tile and Marble Setter,N
47-2044.00,Tile and Stone Setters,Tile Finisher,N
47-2044.00,Tile and Stone Setters,Tile Installer,Y
47-2044.00,Tile and Stone Setters,Tile Man,N
47-2044.00,Tile and Stone Setters,Tile Mason,N
47-2044.00,Tile and Stone Setters,Tile Mechanic,Y
47-2044.00,Tile and Stone Setters,Tile Setter,Y
47-2051.00,Cement Masons and Concrete Finishers,Cement Finisher,Y
47-2051.00,Cement Masons and Concrete Finishers,Cement Mason,Y
47-2051.00,Cement Masons and Concrete Finishers,Concrete Finisher,Y
47-2051.00,Cement Masons and Concrete Finishers,Concrete Mason,N
47-2051.00,Cement Masons and Concrete Finishers,Finisher,Y
47-2051.00,Cement Masons and Concrete Finishers,Mason,N
47-2053.00,Terrazzo Workers and Finishers,Grinder,N
47-2053.00,Terrazzo Workers and Finishers,Installer,N
47-2053.00,Terrazzo Workers and Finishers,Terrazzo Finisher,Y
47-2053.00,Terrazzo Workers and Finishers,Terrazzo Grinder,N
47-2053.00,Terrazzo Workers and Finishers,Terrazzo Installer,Y
47-2053.00,Terrazzo Workers and Finishers,Terrazzo Journeyman,N
47-2053.00,Terrazzo Workers and Finishers,Terrazzo Laborer,N
47-2053.00,Terrazzo Workers and Finishers,Terrazzo Mechanic,N
47-2053.00,Terrazzo Workers and Finishers,Terrazzo Tile Setter,Y
47-2053.00,Terrazzo Workers and Finishers,Terrazzo Worker,Y
47-2061.00,Construction Laborers,Bituminous Asphalt Technician,N
47-2061.00,Construction Laborers,Construction Laborer,Y
47-2061.00,Construction Laborers,Construction Worker,Y
47-2061.00,Construction Laborers,Drop Crew Laborer,N
47-2061.00,Construction Laborers,Equipment Operator (EO),Y
47-2061.00,Construction Laborers,Form Setter,N
47-2061.00,Construction Laborers,Post Framer,Y
47-2061.00,Construction Laborers,Scaffolding Operator,N
47-2061.00,Construction Laborers,Site Work Laborer,N
47-2061.00,Construction Laborers,Toolman,N
47-2071.00,"Paving, Surfacing, and Tamping Equipment Operators",Asphalt Paver Operator,N
47-2071.00,"Paving, Surfacing, and Tamping Equipment Operators",Asphalt Paving Machine Operator,N
47-2071.00,"Paving, Surfacing, and Tamping Equipment Operators",Asphalt Raker,N
47-2071.00,"Paving, Surfacing, and Tamping Equipment Operators",Asphalt Roller Operator,N
47-2071.00,"Paving, Surfacing, and Tamping Equipment Operators",Equipment Operator (EO),Y
47-2071.00,"Paving, Surfacing, and Tamping Equipment Operators",Loader Operator,N
47-2071.00,"Paving, Surfacing, and Tamping Equipment Operators",Maintenance Equipment Operator (MEO),N
47-2071.00,"Paving, Surfacing, and Tamping Equipment Operators",Paver Operator,Y
47-2071.00,"Paving, Surfacing, and Tamping Equipment Operators",Roller Operator,Y
47-2071.00,"Paving, Surfacing, and Tamping Equipment Operators",Screed Operator,Y
47-2072.00,Pile Driver Operators,Pile Driver,Y
47-2072.00,Pile Driver Operators,Pile Driver Operator,Y
47-2072.00,Pile Driver Operators,Pile Driving Operator,Y
47-2073.00,Operating Engineers and Other Construction Equipment Operators,Back Hoe Operator,N
47-2073.00,Operating Engineers and Other Construction Equipment Operators,Engineering Equipment Operator,N
47-2073.00,Operating Engineers and Other Construction Equipment Operators,Equipment Operator (EO),Y
47-2073.00,Operating Engineers and Other Construction Equipment Operators,Forklift Operator,N
47-2073.00,Operating Engineers and Other Construction Equipment Operators,Heavy Equipment Operator (HEO),Y
47-2073.00,Operating Engineers and Other Construction Equipment Operators,Hot Mix Asphalt Operator,N
47-2073.00,Operating Engineers and Other Construction Equipment Operators,Machine Operator,Y
47-2073.00,Operating Engineers and Other Construction Equipment Operators,Motor Grader Operator,N
47-2073.00,Operating Engineers and Other Construction Equipment Operators,Operating Engineer,Y
47-2073.00,Operating Engineers and Other Construction Equipment Operators,Track Hoe Operator,N
47-2081.00,Drywall and Ceiling Tile Installers,Ceiling Installer,N
47-2081.00,Drywall and Ceiling Tile Installers,Drywall Finisher,Y
47-2081.00,Drywall and Ceiling Tile Installers,Drywall Hanger,Y
47-2081.00,Drywall and Ceiling Tile Installers,Drywall Installer,Y
47-2081.00,Drywall and Ceiling Tile Installers,Drywall Mechanic,Y
47-2081.00,Drywall and Ceiling Tile Installers,Installer,N
47-2081.00,Drywall and Ceiling Tile Installers,Metal Framer,N
47-2081.00,Drywall and Ceiling Tile Installers,Metal Stud Framer,N
47-2081.00,Drywall and Ceiling Tile Installers,Sheetrock Hanger,N
47-2081.00,Drywall and Ceiling Tile Installers,Sheetrock Installer,N
47-2082.00,Tapers,Drywall Finisher,Y
47-2082.00,Tapers,Drywall Mechanic,N
47-2082.00,Tapers,Drywall Taper,Y
47-2082.00,Tapers,Finisher,Y
47-2082.00,Tapers,Patch Guy,N
47-2082.00,Tapers,Patcher,N
47-2082.00,Tapers,Sheetrock Finisher,N
47-2082.00,Tapers,Taper Finisher,Y
47-2111.00,Electricians,Control Electrician,N
47-2111.00,Electricians,Electrical Journey Person,N
47-2111.00,Electricians,Electrical Troubleshooter,N
47-2111.00,Electricians,Electrician,Y
47-2111.00,Electricians,Housing Maintenance Electrician,N
47-2111.00,Electricians,Industrial Electrician,Y
47-2111.00,Electricians,Inside Wireman,Y
47-2111.00,Electricians,Maintenance Electrician,Y
47-2111.00,Electricians,Paper Mill Electrician,N
47-2111.00,Electricians,Wireman,N
47-2121.00,Glaziers,Auto Glass Tech (Automobile Glass Technician),N
47-2121.00,Glaziers,Commercial Glazier,Y
47-2121.00,Glaziers,Field Glazier,Y
47-2121.00,Glaziers,Glass Installer,N
47-2121.00,Glaziers,Glass Technician (Glass Tech),N
47-2121.00,Glaziers,Glassman,N
47-2121.00,Glaziers,Glazer,Y
47-2121.00,Glaziers,Glazier,Y
47-2121.00,Glaziers,Glazier Worker,N
47-2121.00,Glaziers,Union Glazier,N
47-2131.00,"Insulation Workers, Floor, Ceiling, and Wall",Attic Blower,N
47-2131.00,"Insulation Workers, Floor, Ceiling, and Wall",Insulation Estimator,Y
47-2131.00,"Insulation Workers, Floor, Ceiling, and Wall",Insulation Installer,Y
47-2131.00,"Insulation Workers, Floor, Ceiling, and Wall",Insulation Mechanic,N
47-2131.00,"Insulation Workers, Floor, Ceiling, and Wall",Insulation Worker,N
47-2131.00,"Insulation Workers, Floor, Ceiling, and Wall",Insulator,Y
47-2131.00,"Insulation Workers, Floor, Ceiling, and Wall",Retrofit Installer,Y
47-2131.00,"Insulation Workers, Floor, Ceiling, and Wall",Spray Foam Installer,N
47-2131.00,"Insulation Workers, Floor, Ceiling, and Wall",Warehouse Insulation Worker,N
47-2132.00,"Insulation Workers, Mechanical",Commercial Insulator,N
47-2132.00,"Insulation Workers, Mechanical",Heat and Frost Insulator,N
47-2132.00,"Insulation Workers, Mechanical",Industrial Insulator,Y
47-2132.00,"Insulation Workers, Mechanical",Insulation Installer,N
47-2132.00,"Insulation Workers, Mechanical",Insulation Mechanic,Y
47-2132.00,"Insulation Workers, Mechanical",Insulation Worker,N
47-2132.00,"Insulation Workers, Mechanical",Insulator,Y
47-2132.00,"Insulation Workers, Mechanical",Insulator Journeyman,N
47-2132.00,"Insulation Workers, Mechanical",Mechanic Insulator,N
47-2132.00,"Insulation Workers, Mechanical",Mechanical Insulator,Y
47-2141.00,"Painters, Construction and Maintenance",Building Trades Painter,Y
47-2141.00,"Painters, Construction and Maintenance",Commercial Painter,N
47-2141.00,"Painters, Construction and Maintenance",Facilities Painter,N
47-2141.00,"Painters, Construction and Maintenance",Highway Painter,N
47-2141.00,"Painters, Construction and Maintenance",House Painter,N
47-2141.00,"Painters, Construction and Maintenance",Industrial Painter,Y
47-2141.00,"Painters, Construction and Maintenance",Maintenance Painter,Y
47-2141.00,"Painters, Construction and Maintenance",Painter,Y
47-2141.00,"Painters, Construction and Maintenance",Professional Painter,N
47-2141.00,"Painters, Construction and Maintenance",Texturer,N
47-2142.00,Paperhangers,Bill Board Poster,N
47-2142.00,Paperhangers,Bill Poster,Y
47-2142.00,Paperhangers,Billposter,Y
47-2142.00,Paperhangers,Hanger,N
47-2142.00,Paperhangers,Installer,Y
47-2142.00,Paperhangers,Paper Hanger,Y
47-2142.00,Paperhangers,Vinyl Hanger,N
47-2142.00,Paperhangers,Wall Covering Installer,N
47-2142.00,Paperhangers,Wallpaper Hanger,N
47-2142.00,Paperhangers,Wallpaper Installer,N
47-2151.00,Pipelayers,Pipelayer,Y
47-2151.00,Pipelayers,Tailman,Y
47-2152.00,"Plumbers, Pipefitters, and Steamfitters",Drain Technician,N
47-2152.00,"Plumbers, Pipefitters, and Steamfitters",Fire Sprinkler Service Technician,N
47-2152.00,"Plumbers, Pipefitters, and Steamfitters",Pipe Welder,N
47-2152.00,"Plumbers, Pipefitters, and Steamfitters",Pipefitter,Y
47-2152.00,"Plumbers, Pipefitters, and Steamfitters",Plumber,Y
47-2152.00,"Plumbers, Pipefitters, and Steamfitters",Plumbing Installer,N
47-2152.00,"Plumbers, Pipefitters, and Steamfitters",Residential Plumber,N
47-2152.00,"Plumbers, Pipefitters, and Steamfitters",Service Plumber,N
47-2152.00,"Plumbers, Pipefitters, and Steamfitters",Sprinkler Fitter,Y
47-2152.00,"Plumbers, Pipefitters, and Steamfitters",Steamfitter,Y
47-2152.04,Solar Thermal Installers and Technicians,Installer,Y
47-2152.04,Solar Thermal Installers and Technicians,Solar Energy Technician,N
47-2152.04,Solar Thermal Installers and Technicians,Solar Hot Water Installer (SHW Installer),N
47-2152.04,Solar Thermal Installers and Technicians,Solar Installer,Y
47-2152.04,Solar Thermal Installers and Technicians,Solar Maintenance Technician,Y
47-2152.04,Solar Thermal Installers and Technicians,Solar System Installer,N
47-2152.04,Solar Thermal Installers and Technicians,Solar Technician,Y
47-2152.04,Solar Thermal Installers and Technicians,Solar Thermal Installer,N
47-2161.00,Plasterers and Stucco Masons,Applicator,Y
47-2161.00,Plasterers and Stucco Masons,Ornamental Plasterer,N
47-2161.00,Plasterers and Stucco Masons,Plaster Applicator,N
47-2161.00,Plasterers and Stucco Masons,Plaster Mechanic,Y
47-2161.00,Plasterers and Stucco Masons,Plasterer,Y
47-2161.00,Plasterers and Stucco Masons,Plasterer Journeyman,Y
47-2161.00,Plasterers and Stucco Masons,Plasterer Mechanic,N
47-2161.00,Plasterers and Stucco Masons,Plastering Contractor,N
47-2161.00,Plasterers and Stucco Masons,Stucco Worker,N
47-2161.00,Plasterers and Stucco Masons,Swimming Pool Plasterer,N
47-2171.00,Reinforcing Iron and Rebar Workers,Field Ironworker,N
47-2171.00,Reinforcing Iron and Rebar Workers,Iron Installer,Y
47-2171.00,Reinforcing Iron and Rebar Workers,Iron Worker,Y
47-2171.00,Reinforcing Iron and Rebar Workers,Ironworker,Y
47-2171.00,Reinforcing Iron and Rebar Workers,Ironworker Journeyman,N
47-2171.00,Reinforcing Iron and Rebar Workers,Ironworker Laborer,N
47-2171.00,Reinforcing Iron and Rebar Workers,Reinforced Ironworker,N
47-2171.00,Reinforcing Iron and Rebar Workers,Rod Buster,N
47-2171.00,Reinforcing Iron and Rebar Workers,Rodbuster,Y
47-2171.00,Reinforcing Iron and Rebar Workers,Steel Tier,N
47-2181.00,Roofers,Commercial Roofer,Y
47-2181.00,Roofers,Flat Roofer,N
47-2181.00,Roofers,Journeyman Roofer,N
47-2181.00,Roofers,Metal Roofing Mechanic,N
47-2181.00,Roofers,Roof Mechanic,Y
47-2181.00,Roofers,Roof Service Technician (Roof Service Tech),N
47-2181.00,Roofers,Roofer Mechanic,N
47-2181.00,Roofers,Roofing Technician (Roofing Tech),Y
47-2181.00,Roofers,Sheet Metal Roofer,N
47-2181.00,Roofers,Single Ply Roofer,Y
47-2211.00,Sheet Metal Workers,Commercial Sheet Metal Service Installer,N
47-2211.00,Sheet Metal Workers,Field Installer,N
47-2211.00,Sheet Metal Workers,"HVAC Sheet Metal Installer (Heating, Ventilation, and Air Conditioning Sheet Metal Installer)",Y
47-2211.00,Sheet Metal Workers,"HVAC Sheet Metal Specialist (Heating, Ventilation, and Air Conditioning Sheet Metal Specialist)",N
47-2211.00,Sheet Metal Workers,Sheet Metal Fabricator,Y
47-2211.00,Sheet Metal Workers,Sheet Metal Installer,N
47-2211.00,Sheet Metal Workers,Sheet Metal Journeyman,N
47-2211.00,Sheet Metal Workers,Sheet Metal Layout Mechanic,N
47-2211.00,Sheet Metal Workers,Sheet Metal Mechanic,Y
47-2211.00,Sheet Metal Workers,Sheet Metal Worker,Y
47-2221.00,Structural Iron and Steel Workers,Field Iron Worker,N
47-2221.00,Structural Iron and Steel Workers,Iron Worker,Y
47-2221.00,Structural Iron and Steel Workers,Ironworker,Y
47-2221.00,Structural Iron and Steel Workers,Steel Erector,N
47-2221.00,Structural Iron and Steel Workers,Steel Fabricator,Y
47-2221.00,Structural Iron and Steel Workers,Steel Worker,Y
47-2221.00,Structural Iron and Steel Workers,Structural Erector,N
47-2221.00,Structural Iron and Steel Workers,Structural Steel Erector,N
47-2221.00,Structural Iron and Steel Workers,Tower Hand,N
47-2221.00,Structural Iron and Steel Workers,Union Ironworker,N
47-2231.00,Solar Photovoltaic Installers,Journeyman Electrician PV Installer (Journeyman Electrician Photovoltaic Installer),N
47-2231.00,Solar Photovoltaic Installers,PV Installation Tech (Photovoltaic Installation Technician),N
47-2231.00,Solar Photovoltaic Installers,PV Installer (Photovoltaic Installer),Y
47-2231.00,Solar Photovoltaic Installers,Solar Designer,N
47-2231.00,Solar Photovoltaic Installers,Solar Electric Installer,N
47-2231.00,Solar Photovoltaic Installers,Solar Installer,Y
47-2231.00,Solar Photovoltaic Installers,Solar Panel Installation Technician (Solar Panel Installation Tech),N
47-2231.00,Solar Photovoltaic Installers,Solar PV Installer (Solar Photovoltaic Installer),Y
47-2231.00,Solar Photovoltaic Installers,Solar PV Integrator (Solar Photovoltaic Integrator),Y
47-2231.00,Solar Photovoltaic Installers,Solar Technician (Solar Tech),N
47-3011.00,"Helpers--Brickmasons, Blockmasons, Stonemasons, and Tile and Marble Setters",Bricklayer Apprentice,N
47-3011.00,"Helpers--Brickmasons, Blockmasons, Stonemasons, and Tile and Marble Setters",Bricklayer Helper,Y
47-3011.00,"Helpers--Brickmasons, Blockmasons, Stonemasons, and Tile and Marble Setters",Helper,N
47-3011.00,"Helpers--Brickmasons, Blockmasons, Stonemasons, and Tile and Marble Setters",Hod Carrier,Y
47-3011.00,"Helpers--Brickmasons, Blockmasons, Stonemasons, and Tile and Marble Setters",Marble Helper,N
47-3011.00,"Helpers--Brickmasons, Blockmasons, Stonemasons, and Tile and Marble Setters",Mason Apprentice,N
47-3011.00,"Helpers--Brickmasons, Blockmasons, Stonemasons, and Tile and Marble Setters",Mason Assistant,Y
47-3011.00,"Helpers--Brickmasons, Blockmasons, Stonemasons, and Tile and Marble Setters",Mason Tender,Y
47-3011.00,"Helpers--Brickmasons, Blockmasons, Stonemasons, and Tile and Marble Setters",Masonry Helper,N
47-3011.00,"Helpers--Brickmasons, Blockmasons, Stonemasons, and Tile and Marble Setters",Setter Apprentice,N
47-3012.00,Helpers--Carpenters,Carpenter Apprentice,Y
47-3012.00,Helpers--Carpenters,Carpenter Assistant,Y
47-3012.00,Helpers--Carpenters,Carpenter Helper,Y
47-3013.00,Helpers--Electricians,Apprentice,N
47-3013.00,Helpers--Electricians,E and I Apprentice (Electrical and Instrumentation Apprentice),N
47-3013.00,Helpers--Electricians,E and I Apprentice (Electrician and Instrumentation Apprentice),N
47-3013.00,Helpers--Electricians,Electrical Apprentice,Y
47-3013.00,Helpers--Electricians,Electrical Helper,N
47-3013.00,Helpers--Electricians,Electrician Apprentice,Y
47-3013.00,Helpers--Electricians,Electrician Helper,Y
47-3013.00,Helpers--Electricians,Electrician's Helper,Y
47-3013.00,Helpers--Electricians,Inside Wireman Apprentice,N
47-3013.00,Helpers--Electricians,Wireman Apprentice,N
47-3014.00,"Helpers--Painters, Paperhangers, Plasterers, and Stucco Masons",Helper,Y
47-3014.00,"Helpers--Painters, Paperhangers, Plasterers, and Stucco Masons",Painter Assistant,N
47-3014.00,"Helpers--Painters, Paperhangers, Plasterers, and Stucco Masons",Painter Helper,Y
47-3014.00,"Helpers--Painters, Paperhangers, Plasterers, and Stucco Masons",Plaster Helper,Y
47-3014.00,"Helpers--Painters, Paperhangers, Plasterers, and Stucco Masons",Plaster Tender,Y
47-3015.00,"Helpers--Pipelayers, Plumbers, Pipefitters, and Steamfitters",Pipefitter Helper,Y
47-3015.00,"Helpers--Pipelayers, Plumbers, Pipefitters, and Steamfitters",Plumber Apprentice,N
47-3015.00,"Helpers--Pipelayers, Plumbers, Pipefitters, and Steamfitters",Plumber Assistant,N
47-3015.00,"Helpers--Pipelayers, Plumbers, Pipefitters, and Steamfitters",Plumber Helper,Y
47-3015.00,"Helpers--Pipelayers, Plumbers, Pipefitters, and Steamfitters",Plumbing Apprentice,Y
47-3015.00,"Helpers--Pipelayers, Plumbers, Pipefitters, and Steamfitters",Plumbing Helper,Y
47-3015.00,"Helpers--Pipelayers, Plumbers, Pipefitters, and Steamfitters",Plumbing Residential Apprentice,N
47-3016.00,Helpers--Roofers,Roofer Apprentice,Y
47-3016.00,Helpers--Roofers,Roofer Helper,Y
47-3016.00,Helpers--Roofers,Roofing Apprentice,Y
47-4011.00,Construction and Building Inspectors,Building Code Administrator,Y
47-4011.00,Construction and Building Inspectors,Building Inspector,Y
47-4011.00,Construction and Building Inspectors,Building Official,Y
47-4011.00,Construction and Building Inspectors,Code Enforcement Officer,N
47-4011.00,Construction and Building Inspectors,Code Inspector,N
47-4011.00,Construction and Building Inspectors,Combination Building Inspector,N
47-4011.00,Construction and Building Inspectors,Construction Inspector,Y
47-4011.00,Construction and Building Inspectors,Electrical Inspector,N
47-4011.00,Construction and Building Inspectors,Plumbing Inspector,N
47-4011.00,Construction and Building Inspectors,Public Works Inspector,N
47-4011.01,Energy Auditors,Building Performance Consultant,N
47-4011.01,Energy Auditors,Building Science and Energy Specialist,N
47-4011.01,Energy Auditors,Building Scientist,N
47-4011.01,Energy Auditors,Energy Advisor,N
47-4011.01,Energy Auditors,Energy and Building Systems Specialist,N
47-4011.01,Energy Auditors,Energy Auditor,Y
47-4011.01,Energy Auditors,Energy Consultant,Y
47-4011.01,Energy Auditors,Energy Rater,Y
47-4011.01,Energy Auditors,Home Energy Inspector,N
47-4011.01,Energy Auditors,Home Performance Consultant,Y
47-4021.00,Elevator and Escalator Installers and Repairers,Elevator Adjuster,N
47-4021.00,Elevator and Escalator Installers and Repairers,Elevator Constructor,N
47-4021.00,Elevator and Escalator Installers and Repairers,Elevator Installer,N
47-4021.00,Elevator and Escalator Installers and Repairers,Elevator Mechanic,Y
47-4021.00,Elevator and Escalator Installers and Repairers,Elevator Repair and Maintenance Technician (Elevator Repair and Maintenance Tech),N
47-4021.00,Elevator and Escalator Installers and Repairers,Elevator Service Mechanic,Y
47-4021.00,Elevator and Escalator Installers and Repairers,Elevator Service Technician (Elevator Service Tech),Y
47-4021.00,Elevator and Escalator Installers and Repairers,Elevator Serviceman,N
47-4021.00,Elevator and Escalator Installers and Repairers,Elevator Technician (Elevator Tech),Y
47-4021.00,Elevator and Escalator Installers and Repairers,Elevator Troubleshooter,N
47-4031.00,Fence Erectors,Fence Builder,Y
47-4031.00,Fence Erectors,Fence Contractor,N
47-4031.00,Fence Erectors,Fence Erector,Y
47-4031.00,Fence Erectors,Fence Installer,Y
47-4031.00,Fence Erectors,Fence Laborer,Y
47-4031.00,Fence Erectors,Fence Mechanic,N
47-4031.00,Fence Erectors,Fence Technician (Fence Tech),N
47-4031.00,Fence Erectors,Gate Technician (Gate Tech),N
47-4031.00,Fence Erectors,Wood Fence Erector,N
47-4041.00,Hazardous Materials Removal Workers,Abatement Worker,Y
47-4041.00,Hazardous Materials Removal Workers,Asbestos Abatement Worker,Y
47-4041.00,Hazardous Materials Removal Workers,Asbestos Worker,Y
47-4041.00,Hazardous Materials Removal Workers,Clandestine Laboratory Responder (Clan Lab Responder),N
47-4041.00,Hazardous Materials Removal Workers,D and D Operator (Decontaminate and Decommissioning Operator),N
47-4041.00,Hazardous Materials Removal Workers,D and D Operator (Decontamination and Decommissioning Operator),N
47-4041.00,Hazardous Materials Removal Workers,Hazmat Technician (Hazardous Materials Technician),Y
47-4041.00,Hazardous Materials Removal Workers,Mold Damage Technician (Mold Damage Tech),N
47-4041.00,Hazardous Materials Removal Workers,Product Disposal Coordinator,N
47-4041.00,Hazardous Materials Removal Workers,Waste Handling Technician (Waste Handling Tech),N
47-4051.00,Highway Maintenance Workers,Equipment Operator (EO),Y
47-4051.00,Highway Maintenance Workers,Highway Maintainer,Y
47-4051.00,Highway Maintenance Workers,Highway Maintenance Crew Worker,N
47-4051.00,Highway Maintenance Workers,Highway Maintenance Technician,N
47-4051.00,Highway Maintenance Workers,Highway Maintenance Worker,Y
47-4051.00,Highway Maintenance Workers,Maintenance Technician,N
47-4051.00,Highway Maintenance Workers,Maintenance Worker,N
47-4051.00,Highway Maintenance Workers,Transportation Maintenance Operator,N
47-4051.00,Highway Maintenance Workers,Transportation Maintenance Specialist (TMS),Y
47-4051.00,Highway Maintenance Workers,Transportation Worker,N
47-4061.00,Rail-Track Laying and Maintenance Equipment Operators,Machine Operator,N
47-4061.00,Rail-Track Laying and Maintenance Equipment Operators,Track Equipment Operator (TEO),N
47-4061.00,Rail-Track Laying and Maintenance Equipment Operators,Track Inspector,Y
47-4061.00,Rail-Track Laying and Maintenance Equipment Operators,Track Laborer,Y
47-4061.00,Rail-Track Laying and Maintenance Equipment Operators,Track Maintainer,Y
47-4061.00,Rail-Track Laying and Maintenance Equipment Operators,Track Repair Person,N
47-4061.00,Rail-Track Laying and Maintenance Equipment Operators,Track Repairer,Y
47-4061.00,Rail-Track Laying and Maintenance Equipment Operators,Track Service Person,N
47-4061.00,Rail-Track Laying and Maintenance Equipment Operators,Track Walker,N
47-4061.00,Rail-Track Laying and Maintenance Equipment Operators,Trackman,N
47-4071.00,Septic Tank Servicers and Sewer Pipe Cleaners,Drain Cleaner,Y
47-4071.00,Septic Tank Servicers and Sewer Pipe Cleaners,Drain Technician,N
47-4071.00,Septic Tank Servicers and Sewer Pipe Cleaners,Public Works Technician,N
47-4071.00,Septic Tank Servicers and Sewer Pipe Cleaners,Septic Cleaner,N
47-4071.00,Septic Tank Servicers and Sewer Pipe Cleaners,Septic Pump Truck Driver,Y
47-4071.00,Septic Tank Servicers and Sewer Pipe Cleaners,Septic Tank Service Technician,Y
47-4071.00,Septic Tank Servicers and Sewer Pipe Cleaners,Service Technician,Y
47-4071.00,Septic Tank Servicers and Sewer Pipe Cleaners,Sewer Bricklayer,N
47-4091.00,Segmental Pavers,Cutter,Y
47-4091.00,Segmental Pavers,Paver,Y
47-4091.00,Segmental Pavers,Paver Installer,Y
47-4091.00,Segmental Pavers,Paver Layer,N
47-4091.00,Segmental Pavers,Paving Stone Installer,Y
47-4091.00,Segmental Pavers,Segmental Wall Installer,N
47-4099.03,Weatherization Installers and Technicians,Energy Administrator,N
47-4099.03,Weatherization Installers and Technicians,Field Technician,Y
47-4099.03,Weatherization Installers and Technicians,Weatherization and Housing Inspector,N
47-4099.03,Weatherization Installers and Technicians,Weatherization Installer,Y
47-4099.03,Weatherization Installers and Technicians,Weatherization Technician,Y
47-4099.03,Weatherization Installers and Technicians,Weatherization Worker,Y
47-5011.00,"Derrick Operators, Oil and Gas",Derrick Hand,Y
47-5011.00,"Derrick Operators, Oil and Gas",Derrick Man,Y
47-5011.00,"Derrick Operators, Oil and Gas",Derrick Operator,N
47-5011.00,"Derrick Operators, Oil and Gas",Derrick Worker,N
47-5011.00,"Derrick Operators, Oil and Gas",Derrickhand,Y
47-5011.00,"Derrick Operators, Oil and Gas",Derrickman,Y
47-5011.00,"Derrick Operators, Oil and Gas",Floor Hand,N
47-5011.00,"Derrick Operators, Oil and Gas",Rig Hand,N
47-5011.00,"Derrick Operators, Oil and Gas",Roughneck,N
47-5012.00,"Rotary Drill Operators, Oil and Gas",Daylight Driller,N
47-5012.00,"Rotary Drill Operators, Oil and Gas",Drill Operator,Y
47-5012.00,"Rotary Drill Operators, Oil and Gas",Driller,Y
47-5012.00,"Rotary Drill Operators, Oil and Gas",Motor Man,N
47-5012.00,"Rotary Drill Operators, Oil and Gas",Oil Rig Driller,N
47-5012.00,"Rotary Drill Operators, Oil and Gas",Oil Well Driller,Y
47-5012.00,"Rotary Drill Operators, Oil and Gas",Relief Driller,N
47-5012.00,"Rotary Drill Operators, Oil and Gas",Rig Operator,N
47-5012.00,"Rotary Drill Operators, Oil and Gas",Rotary Drill Operator,N
47-5012.00,"Rotary Drill Operators, Oil and Gas",Rotary Driller,Y
47-5013.00,"Service Unit Operators, Oil and Gas",Pulling Unit Operator,Y
47-5013.00,"Service Unit Operators, Oil and Gas",Reverse Unit Operator,N
47-5013.00,"Service Unit Operators, Oil and Gas",Rig Operator,Y
47-5013.00,"Service Unit Operators, Oil and Gas",Service Operator,Y
47-5013.00,"Service Unit Operators, Oil and Gas",Service Rig Operator,Y
47-5013.00,"Service Unit Operators, Oil and Gas",Tool Pusher,N
47-5013.00,"Service Unit Operators, Oil and Gas",Well Servicing Rig Operator,N
47-5013.00,"Service Unit Operators, Oil and Gas",Wireline Operator,N
47-5022.00,"Excavating and Loading Machine and Dragline Operators, Surface Mining",Backhoe Operator,N
47-5022.00,"Excavating and Loading Machine and Dragline Operators, Surface Mining",Dragline Oiler,Y
47-5022.00,"Excavating and Loading Machine and Dragline Operators, Surface Mining",Dragline Operator,Y
47-5022.00,"Excavating and Loading Machine and Dragline Operators, Surface Mining",Equipment Operator,N
47-5022.00,"Excavating and Loading Machine and Dragline Operators, Surface Mining",Excavator Operator,N
47-5022.00,"Excavating and Loading Machine and Dragline Operators, Surface Mining",Heavy Equipment Operator,Y
47-5022.00,"Excavating and Loading Machine and Dragline Operators, Surface Mining",Loader Operator,Y
47-5022.00,"Excavating and Loading Machine and Dragline Operators, Surface Mining",Pit Operator,N
47-5022.00,"Excavating and Loading Machine and Dragline Operators, Surface Mining",Track Hoe Operator,N
47-5023.00,"Earth Drillers, Except Oil and Gas",Blast Hole Driller,Y
47-5023.00,"Earth Drillers, Except Oil and Gas",Diamond Driller,N
47-5023.00,"Earth Drillers, Except Oil and Gas",Drill Operator,Y
47-5023.00,"Earth Drillers, Except Oil and Gas",Driller,Y
47-5023.00,"Earth Drillers, Except Oil and Gas",Hard Rock Drill Operator,N
47-5023.00,"Earth Drillers, Except Oil and Gas",Highwall Drill Operator,N
47-5023.00,"Earth Drillers, Except Oil and Gas",Rock Drill Operator,N
47-5023.00,"Earth Drillers, Except Oil and Gas",Underground Drill Operator,N
47-5023.00,"Earth Drillers, Except Oil and Gas",Water Well Driller,N
47-5023.00,"Earth Drillers, Except Oil and Gas",Well Driller,Y
47-5032.00,"Explosives Workers, Ordnance Handling Experts, and Blasters",Blast Hole Driller,Y
47-5032.00,"Explosives Workers, Ordnance Handling Experts, and Blasters",Blaster,Y
47-5032.00,"Explosives Workers, Ordnance Handling Experts, and Blasters",Explosive Technician,Y
47-5032.00,"Explosives Workers, Ordnance Handling Experts, and Blasters",Powderman,Y
47-5032.00,"Explosives Workers, Ordnance Handling Experts, and Blasters",Unexploded Ordnance Quality Control Officer,N
47-5041.00,Continuous Mining Machine Operators,Bore Miner Operator,N
47-5041.00,Continuous Mining Machine Operators,Continuous Miner,N
47-5041.00,Continuous Mining Machine Operators,Continuous Miner Operator (CMO),Y
47-5041.00,Continuous Mining Machine Operators,Continuous Mining Machine Operator,Y
47-5041.00,Continuous Mining Machine Operators,Continuous Mining Operator (CMO),Y
47-5041.00,Continuous Mining Machine Operators,Heavy Equipment Operator,N
47-5041.00,Continuous Mining Machine Operators,Loader Operator,N
47-5041.00,Continuous Mining Machine Operators,Mine Technician,N
47-5041.00,Continuous Mining Machine Operators,Mine Utility Operator,N
47-5041.00,Continuous Mining Machine Operators,Miner Operator,Y
47-5043.00,"Roof Bolters, Mining",Bolt Machine Operator,N
47-5043.00,"Roof Bolters, Mining",Bolt Man,N
47-5043.00,"Roof Bolters, Mining",Bolter,Y
47-5043.00,"Roof Bolters, Mining",Miner,N
47-5043.00,"Roof Bolters, Mining",Place Change Roof Bolter,N
47-5043.00,"Roof Bolters, Mining",Roof Bolter,Y
47-5043.00,"Roof Bolters, Mining",Roof Bolter Operator,Y
47-5043.00,"Roof Bolters, Mining",Underground Miner,N
47-5043.00,"Roof Bolters, Mining",Underground Roof Bolter,Y
47-5044.00,"Loading and Moving Machine Operators, Underground Mining",Coal Hauler Operator,N
47-5044.00,"Loading and Moving Machine Operators, Underground Mining",Equipment Operator,N
47-5044.00,"Loading and Moving Machine Operators, Underground Mining",Load Haul Dump Operator (LHD Operator),Y
47-5044.00,"Loading and Moving Machine Operators, Underground Mining",Loader Operator,Y
47-5044.00,"Loading and Moving Machine Operators, Underground Mining",Loading Machine Operator,Y
47-5044.00,"Loading and Moving Machine Operators, Underground Mining",Miner Operator,N
47-5044.00,"Loading and Moving Machine Operators, Underground Mining",Production Miner,N
47-5044.00,"Loading and Moving Machine Operators, Underground Mining",Ram Car Operator,N
47-5044.00,"Loading and Moving Machine Operators, Underground Mining",Shuttle Car Operator,Y
47-5044.00,"Loading and Moving Machine Operators, Underground Mining",Underground Miner,N
47-5051.00,"Rock Splitters, Quarry",Driller,Y
47-5051.00,"Rock Splitters, Quarry",Quarry Worker,Y
47-5051.00,"Rock Splitters, Quarry",Rock Splitter,Y
47-5051.00,"Rock Splitters, Quarry",Splitter Operator,N
47-5051.00,"Rock Splitters, Quarry",Stone Breaker,N
47-5051.00,"Rock Splitters, Quarry",Stone Splitter,Y
47-5071.00,"Roustabouts, Oil and Gas",Field Service Roustabout,N
47-5071.00,"Roustabouts, Oil and Gas",Floor Hand,Y
47-5071.00,"Roustabouts, Oil and Gas",Oil and Gas Roustabout,N
47-5071.00,"Roustabouts, Oil and Gas",Oil Field Roustabout,N
47-5071.00,"Roustabouts, Oil and Gas",Production Roustabout,N
47-5071.00,"Roustabouts, Oil and Gas",Rig Hand,N
47-5071.00,"Roustabouts, Oil and Gas",Roustabout,Y
47-5071.00,"Roustabouts, Oil and Gas",Roustabout Crew Pusher,N
47-5071.00,"Roustabouts, Oil and Gas",Roustabout Hand,Y
47-5071.00,"Roustabouts, Oil and Gas",Roustabout Pusher,Y
47-5081.00,Helpers--Extraction Workers,Continuous Miner Operator Helper,N
47-5081.00,Helpers--Extraction Workers,Driller Helper,Y
47-5081.00,Helpers--Extraction Workers,Driller's Assistant,Y
47-5081.00,Helpers--Extraction Workers,Longwall Machine Operator Helper,N
47-5081.00,Helpers--Extraction Workers,Miner Helper,Y
47-5081.00,Helpers--Extraction Workers,Powderman,Y
47-5081.00,Helpers--Extraction Workers,Salt Miner,N
49-1011.00,"First-Line Supervisors of Mechanics, Installers, and Repairers",Electrical and Instrumentation Supervisor (E and I Supervisor),N
49-1011.00,"First-Line Supervisors of Mechanics, Installers, and Repairers",Facilities Maintenance Supervisor,N
49-1011.00,"First-Line Supervisors of Mechanics, Installers, and Repairers",Facility Maintenance Supervisor,N
49-1011.00,"First-Line Supervisors of Mechanics, Installers, and Repairers",Maintenance Coordinator,N
49-1011.00,"First-Line Supervisors of Mechanics, Installers, and Repairers",Maintenance Foreman,Y
49-1011.00,"First-Line Supervisors of Mechanics, Installers, and Repairers",Maintenance Manager,Y
49-1011.00,"First-Line Supervisors of Mechanics, Installers, and Repairers",Maintenance Planner,N
49-1011.00,"First-Line Supervisors of Mechanics, Installers, and Repairers",Maintenance Superintendent,N
49-1011.00,"First-Line Supervisors of Mechanics, Installers, and Repairers",Maintenance Supervisor,Y
49-1011.00,"First-Line Supervisors of Mechanics, Installers, and Repairers",Service Manager,Y
49-2011.00,"Computer, Automated Teller, and Office Machine Repairers",ATM Technician (Automated Teller Machine Technician),N
49-2011.00,"Computer, Automated Teller, and Office Machine Repairers",Computer Repair Technician (Computer Repair Tech),N
49-2011.00,"Computer, Automated Teller, and Office Machine Repairers",Copier Technician (Copier Tech),Y
49-2011.00,"Computer, Automated Teller, and Office Machine Repairers",Customer Service Engineer,N
49-2011.00,"Computer, Automated Teller, and Office Machine Repairers",Field Engineer,Y
49-2011.00,"Computer, Automated Teller, and Office Machine Repairers",Field Service Engineer,Y
49-2011.00,"Computer, Automated Teller, and Office Machine Repairers",Field Service Technician (Field Service Tech),N
49-2011.00,"Computer, Automated Teller, and Office Machine Repairers",Field Technician (Field Tech),N
49-2011.00,"Computer, Automated Teller, and Office Machine Repairers",Printer Repair Technician (Printer Repair Tech),N
49-2011.00,"Computer, Automated Teller, and Office Machine Repairers",Service Technician (Service Tech),Y
49-2021.00,"Radio, Cellular, and Tower Equipment Installers and Repairers",Communications Systems Technician,N
49-2021.00,"Radio, Cellular, and Tower Equipment Installers and Repairers",Field Service Technician (Field Service Tech),N
49-2021.00,"Radio, Cellular, and Tower Equipment Installers and Repairers",Field Technician (Field Tech),N
49-2021.00,"Radio, Cellular, and Tower Equipment Installers and Repairers",Installation Technician (Installation Tech),N
49-2021.00,"Radio, Cellular, and Tower Equipment Installers and Repairers",Radio Frequency Technician (RF Tech),Y
49-2021.00,"Radio, Cellular, and Tower Equipment Installers and Repairers",Radio Repairman,N
49-2021.00,"Radio, Cellular, and Tower Equipment Installers and Repairers",Radio Technician (Radio Tech),Y
49-2021.00,"Radio, Cellular, and Tower Equipment Installers and Repairers",Tower Technician (Tower Tech),Y
49-2021.00,"Radio, Cellular, and Tower Equipment Installers and Repairers",Two-Way Radio Technician (Two-Way Radio Tech),Y
49-2022.00,"Telecommunications Equipment Installers and Repairers, Except Line Installers",Broadband Technician (Broadband Tech),N
49-2022.00,"Telecommunications Equipment Installers and Repairers, Except Line Installers",Combination Technician (Combination Tech),Y
49-2022.00,"Telecommunications Equipment Installers and Repairers, Except Line Installers",Customer Service Technician (CST),N
49-2022.00,"Telecommunications Equipment Installers and Repairers, Except Line Installers",Installer,N
49-2022.00,"Telecommunications Equipment Installers and Repairers, Except Line Installers",Network Technician (Network Tech),N
49-2022.00,"Telecommunications Equipment Installers and Repairers, Except Line Installers",Outside Plant Technician (Outside Plant Tech),Y
49-2022.00,"Telecommunications Equipment Installers and Repairers, Except Line Installers",Repair Technician (Repair Tech),N
49-2022.00,"Telecommunications Equipment Installers and Repairers, Except Line Installers",Service Technician (Service Tech),Y
49-2022.00,"Telecommunications Equipment Installers and Repairers, Except Line Installers",Telecommunications Technician (Telecommunications Tech),Y
49-2022.00,"Telecommunications Equipment Installers and Repairers, Except Line Installers",Telephone Technician (Phone Tech),N
49-2091.00,Avionics Technicians,Aircraft Electrical Systems Specialist,Y
49-2091.00,Avionics Technicians,Aircraft Technician (Aircraft Tech),N
49-2091.00,Avionics Technicians,Aviation Electrical Technician (Aviation Electrical Tech),N
49-2091.00,Avionics Technicians,Aviation Electronics Technician (Aviation Electronics Tech),N
49-2091.00,Avionics Technicians,Avionic Technician (Avionic Tech),N
49-2091.00,Avionics Technicians,Avionics Electrical Technician (AET),N
49-2091.00,Avionics Technicians,Avionics Electronics Technician (Avionics Electronics Tech),Y
49-2091.00,Avionics Technicians,Avionics Installer,Y
49-2091.00,Avionics Technicians,Avionics Line Technician (Avionics Line Tech),N
49-2091.00,Avionics Technicians,Avionics Repair Technician (Avionics Repair Tech),Y
49-2092.00,"Electric Motor, Power Tool, and Related Repairers",Electric Motor Mechanic,N
49-2092.00,"Electric Motor, Power Tool, and Related Repairers",Electric Motor Repairman,N
49-2092.00,"Electric Motor, Power Tool, and Related Repairers",Electric Motor Winder,Y
49-2092.00,"Electric Motor, Power Tool, and Related Repairers",Electro Mechanic,N
49-2092.00,"Electric Motor, Power Tool, and Related Repairers",Maintenance Technician,Y
49-2092.00,"Electric Motor, Power Tool, and Related Repairers",Power Tool Repair Technician,N
49-2092.00,"Electric Motor, Power Tool, and Related Repairers",Repair Technician,Y
49-2092.00,"Electric Motor, Power Tool, and Related Repairers",Service Technician,Y
49-2092.00,"Electric Motor, Power Tool, and Related Repairers",Tool Repair Technician,N
49-2092.00,"Electric Motor, Power Tool, and Related Repairers",Tool Technician,N
49-2093.00,"Electrical and Electronics Installers and Repairers, Transportation Equipment",Critical Systems Technician,Y
49-2093.00,"Electrical and Electronics Installers and Repairers, Transportation Equipment",Electronic Bench Technician,Y
49-2093.00,"Electrical and Electronics Installers and Repairers, Transportation Equipment",Electronics Mechanic,N
49-2093.00,"Electrical and Electronics Installers and Repairers, Transportation Equipment",Locomotive Electrician,Y
49-2093.00,"Electrical and Electronics Installers and Repairers, Transportation Equipment",Power Technician (Power Tech),Y
49-2093.00,"Electrical and Electronics Installers and Repairers, Transportation Equipment",Ship Yard Electrical Person,N
49-2094.00,"Electrical and Electronics Repairers, Commercial and Industrial Equipment",Control Technician,Y
49-2094.00,"Electrical and Electronics Repairers, Commercial and Industrial Equipment",E and I Mechanic (Electrical and Instrument Mechanic),N
49-2094.00,"Electrical and Electronics Repairers, Commercial and Industrial Equipment",E and I Mechanic (Electrical and Instrumentation Mechanic),N
49-2094.00,"Electrical and Electronics Repairers, Commercial and Industrial Equipment",Electrical and Instrument Technician (E and I Tech),Y
49-2094.00,"Electrical and Electronics Repairers, Commercial and Industrial Equipment",Electrical Maintenance Technician,N
49-2094.00,"Electrical and Electronics Repairers, Commercial and Industrial Equipment",Electronic Technician,Y
49-2094.00,"Electrical and Electronics Repairers, Commercial and Industrial Equipment",I and C Tech (Instrument and Control Technician),Y
49-2094.00,"Electrical and Electronics Repairers, Commercial and Industrial Equipment",Instrument and Electrical Technician (I and E Tech),N
49-2094.00,"Electrical and Electronics Repairers, Commercial and Industrial Equipment",Repair Technician,N
49-2094.00,"Electrical and Electronics Repairers, Commercial and Industrial Equipment",Scale Technician,N
49-2095.00,"Electrical and Electronics Repairers, Powerhouse, Substation, and Relay",Electrical and Instrumentation Technician (E and I Technician),N
49-2095.00,"Electrical and Electronics Repairers, Powerhouse, Substation, and Relay",Electrical Technician,N
49-2095.00,"Electrical and Electronics Repairers, Powerhouse, Substation, and Relay",Instrument and Control Technician (I and C Technician),N
49-2095.00,"Electrical and Electronics Repairers, Powerhouse, Substation, and Relay",Instrumentation and Control Technician (I and C Technician),N
49-2095.00,"Electrical and Electronics Repairers, Powerhouse, Substation, and Relay",Relay Technician,Y
49-2095.00,"Electrical and Electronics Repairers, Powerhouse, Substation, and Relay",Substation Electrician,Y
49-2095.00,"Electrical and Electronics Repairers, Powerhouse, Substation, and Relay",Substation Mechanic,N
49-2095.00,"Electrical and Electronics Repairers, Powerhouse, Substation, and Relay",Substation Technician,Y
49-2095.00,"Electrical and Electronics Repairers, Powerhouse, Substation, and Relay",Substation Wireman,N
49-2095.00,"Electrical and Electronics Repairers, Powerhouse, Substation, and Relay",Wireman,Y
49-2096.00,"Electronic Equipment Installers and Repairers, Motor Vehicles",Auto Tech (Automotive Technician),Y
49-2096.00,"Electronic Equipment Installers and Repairers, Motor Vehicles",Car Alarm Installer,N
49-2096.00,"Electronic Equipment Installers and Repairers, Motor Vehicles",Car Electronics Installer,N
49-2096.00,"Electronic Equipment Installers and Repairers, Motor Vehicles",Car Stereo Installer,Y
49-2096.00,"Electronic Equipment Installers and Repairers, Motor Vehicles",Electronic Equipment Installer,N
49-2096.00,"Electronic Equipment Installers and Repairers, Motor Vehicles",Electronic Technician,Y
49-2096.00,"Electronic Equipment Installers and Repairers, Motor Vehicles",Installation Technician,N
49-2096.00,"Electronic Equipment Installers and Repairers, Motor Vehicles",Installer,Y
49-2096.00,"Electronic Equipment Installers and Repairers, Motor Vehicles",Mobile Electronics Installation Specialist,N
49-2096.00,"Electronic Equipment Installers and Repairers, Motor Vehicles",Mobile Electronics Installer,N
49-2097.00,Audiovisual Equipment Installers and Repairers,A/V Installation Tech (Audio Visual Installation Technician),N
49-2097.00,Audiovisual Equipment Installers and Repairers,A/V Installer (Audio Visual Installer),N
49-2097.00,Audiovisual Equipment Installers and Repairers,Electronic Tech (Electronic Technician),Y
49-2097.00,Audiovisual Equipment Installers and Repairers,Field Service Tech (Field Service Technician),N
49-2097.00,Audiovisual Equipment Installers and Repairers,Home Theater Installer,Y
49-2097.00,Audiovisual Equipment Installers and Repairers,Installer,Y
49-2097.00,Audiovisual Equipment Installers and Repairers,Satellite Installer,Y
49-2097.00,Audiovisual Equipment Installers and Repairers,TV Analyzer (Television Analyzer),N
49-2097.00,Audiovisual Equipment Installers and Repairers,TV Repairman (Television Repairman),N
49-2098.00,Security and Fire Alarm Systems Installers,Alarm Technician,Y
49-2098.00,Security and Fire Alarm Systems Installers,Fire Alarm Technician (Fire Alarm Tech),Y
49-2098.00,Security and Fire Alarm Systems Installers,Home Security Alarm Installer,N
49-2098.00,Security and Fire Alarm Systems Installers,Install Technician,N
49-2098.00,Security and Fire Alarm Systems Installers,Installation Technician,Y
49-2098.00,Security and Fire Alarm Systems Installers,Installer,N
49-2098.00,Security and Fire Alarm Systems Installers,Security Installation Technician,N
49-2098.00,Security and Fire Alarm Systems Installers,Security Installer,N
49-2098.00,Security and Fire Alarm Systems Installers,Security Technician (Security Tech),N
49-2098.00,Security and Fire Alarm Systems Installers,Service Technician,Y
49-3011.00,Aircraft Mechanics and Service Technicians,Aircraft Maintainer,N
49-3011.00,Aircraft Mechanics and Service Technicians,Aircraft Maintenance Technician (Aircraft Maintenance Tech),Y
49-3011.00,Aircraft Mechanics and Service Technicians,Aircraft Mechanic,Y
49-3011.00,Aircraft Mechanics and Service Technicians,Aircraft Restorer,N
49-3011.00,Aircraft Mechanics and Service Technicians,Aircraft Service Technician (Aircraft Service Tech),N
49-3011.00,Aircraft Mechanics and Service Technicians,Aircraft Technician (Aircraft Tech),Y
49-3011.00,Aircraft Mechanics and Service Technicians,Airframe and Powerplant Mechanic (A and P Mechanic),Y
49-3011.00,Aircraft Mechanics and Service Technicians,Aviation Maintenance Technician (AMT),N
49-3011.00,Aircraft Mechanics and Service Technicians,Aviation Mechanic,N
49-3011.00,Aircraft Mechanics and Service Technicians,Helicopter Mechanic,N
49-3021.00,Automotive Body and Related Repairers,Auto Body Man,Y
49-3021.00,Automotive Body and Related Repairers,Auto Body Repair Technician (Auto Body Repair Tech),N
49-3021.00,Automotive Body and Related Repairers,Auto Body Repairman,N
49-3021.00,Automotive Body and Related Repairers,Automotive Body Technician (Auto Body Tech),Y
49-3021.00,Automotive Body and Related Repairers,Body Man,Y
49-3021.00,Automotive Body and Related Repairers,Body Technician (Body Tech),Y
49-3021.00,Automotive Body and Related Repairers,Collision Repair Technician (Collision Repair Tech),N
49-3021.00,Automotive Body and Related Repairers,Collision Technician (Collision Tech),N
49-3021.00,Automotive Body and Related Repairers,Frame Man,N
49-3021.00,Automotive Body and Related Repairers,Refinish Technician (Refinish Tech),N
49-3022.00,Automotive Glass Installers and Repairers,Auto Glass Installer (Automotive Glass Installer),N
49-3022.00,Automotive Glass Installers and Repairers,Auto Glass Tech (Automotive Glass Technician),Y
49-3022.00,Automotive Glass Installers and Repairers,Auto Glazier (Automotive Glazier),Y
49-3022.00,Automotive Glass Installers and Repairers,Flat Glass Installer,N
49-3022.00,Automotive Glass Installers and Repairers,Glass Installer,Y
49-3022.00,Automotive Glass Installers and Repairers,Glass Installer Technician (Glass Installer Tech),Y
49-3022.00,Automotive Glass Installers and Repairers,Installer,N
49-3022.00,Automotive Glass Installers and Repairers,Window Film Installer,N
49-3022.00,Automotive Glass Installers and Repairers,Windshield Installer,N
49-3022.00,Automotive Glass Installers and Repairers,Windshield Repair Technician (Windshield Repair Tech),N
49-3023.00,Automotive Service Technicians and Mechanics,Auto Drivability Tech (Automotive Drivability Technician),N
49-3023.00,Automotive Service Technicians and Mechanics,Auto Mechanic (Automobile Mechanic),N
49-3023.00,Automotive Service Technicians and Mechanics,Auto Mechanic (Automotive Mechanic),Y
49-3023.00,Automotive Service Technicians and Mechanics,Auto Service Tech (Automotive Service Technician),Y
49-3023.00,Automotive Service Technicians and Mechanics,Auto Tech (Automobile Technician),N
49-3023.00,Automotive Service Technicians and Mechanics,Auto Tech (Automotive Technician),Y
49-3023.00,Automotive Service Technicians and Mechanics,Automatic Transmission Technician (Auto Transmission Tech),N
49-3023.00,Automotive Service Technicians and Mechanics,Heavy Line Technician (Heavy Line Tech),N
49-3023.00,Automotive Service Technicians and Mechanics,Lube Technician (Lube Tech),N
49-3023.00,Automotive Service Technicians and Mechanics,Service Technician (Service Tech),Y
49-3031.00,Bus and Truck Mechanics and Diesel Engine Specialists,Bus Mechanic,Y
49-3031.00,Bus and Truck Mechanics and Diesel Engine Specialists,Diesel Mechanic,Y
49-3031.00,Bus and Truck Mechanics and Diesel Engine Specialists,Diesel Technician (Diesel Tech),Y
49-3031.00,Bus and Truck Mechanics and Diesel Engine Specialists,Fleet Mechanic,N
49-3031.00,Bus and Truck Mechanics and Diesel Engine Specialists,General Repair Mechanic,N
49-3031.00,Bus and Truck Mechanics and Diesel Engine Specialists,Heavy Truck Mechanic,N
49-3031.00,Bus and Truck Mechanics and Diesel Engine Specialists,Service Technician,N
49-3031.00,Bus and Truck Mechanics and Diesel Engine Specialists,Trailer Mechanic,N
49-3031.00,Bus and Truck Mechanics and Diesel Engine Specialists,Transit Mechanic,N
49-3031.00,Bus and Truck Mechanics and Diesel Engine Specialists,Truck Mechanic,Y
49-3041.00,Farm Equipment Mechanics and Service Technicians,Agricultural Mechanic (Ag Mechanic),N
49-3041.00,Farm Equipment Mechanics and Service Technicians,Agricultural Service Technician (Ag Service Tech),N
49-3041.00,Farm Equipment Mechanics and Service Technicians,Dairy Service Technician (Dairy Service Tech),N
49-3041.00,Farm Equipment Mechanics and Service Technicians,Farm Equipment Mechanic,Y
49-3041.00,Farm Equipment Mechanics and Service Technicians,Farm Equipment Service Technician (Farm Equipment Service Tech),N
49-3041.00,Farm Equipment Mechanics and Service Technicians,Field Mechanic,N
49-3041.00,Farm Equipment Mechanics and Service Technicians,Field Technician (Field Tech),N
49-3041.00,Farm Equipment Mechanics and Service Technicians,Mechanic,Y
49-3041.00,Farm Equipment Mechanics and Service Technicians,Service Technician (Service Tech),Y
49-3041.00,Farm Equipment Mechanics and Service Technicians,Tractor Mechanic,Y
49-3042.00,"Mobile Heavy Equipment Mechanics, Except Engines",Construction Equipment Mechanic,N
49-3042.00,"Mobile Heavy Equipment Mechanics, Except Engines",Equipment Mechanic,Y
49-3042.00,"Mobile Heavy Equipment Mechanics, Except Engines",Equipment Technician,N
49-3042.00,"Mobile Heavy Equipment Mechanics, Except Engines",Field Mechanic,N
49-3042.00,"Mobile Heavy Equipment Mechanics, Except Engines",Field Service Technician,N
49-3042.00,"Mobile Heavy Equipment Mechanics, Except Engines",Field Technician,N
49-3042.00,"Mobile Heavy Equipment Mechanics, Except Engines",Heavy Equipment Mechanic,Y
49-3042.00,"Mobile Heavy Equipment Mechanics, Except Engines",Heavy Equipment Technician,Y
49-3042.00,"Mobile Heavy Equipment Mechanics, Except Engines",Mechanic,Y
49-3042.00,"Mobile Heavy Equipment Mechanics, Except Engines",Mobile Heavy Equipment Mechanic,N
49-3043.00,Rail Car Repairers,Freight Maintenance Specialist,N
49-3043.00,Rail Car Repairers,Locomotive Repairman,N
49-3043.00,Rail Car Repairers,Rail Car Maintenance Mechanic,N
49-3043.00,Rail Car Repairers,Rail Car Mechanic,Y
49-3043.00,Rail Car Repairers,Rail Car Repairer,Y
49-3043.00,Rail Car Repairers,Rail Car Repairman,Y
49-3043.00,Rail Car Repairers,Rail Car Sandblaster,N
49-3043.00,Rail Car Repairers,Rail Car Welder,Y
49-3043.00,Rail Car Repairers,Railroad Car Repairman,N
49-3043.00,Rail Car Repairers,Train Car Repairman,N
49-3051.00,Motorboat Mechanics and Service Technicians,Boat Mechanic,N
49-3051.00,Motorboat Mechanics and Service Technicians,Boat Motor Mechanic,N
49-3051.00,Motorboat Mechanics and Service Technicians,Boat Rigger,N
49-3051.00,Motorboat Mechanics and Service Technicians,Marine Mechanic,Y
49-3051.00,Motorboat Mechanics and Service Technicians,Marine Propulsion Technician,N
49-3051.00,Motorboat Mechanics and Service Technicians,Marine Technician,Y
49-3051.00,Motorboat Mechanics and Service Technicians,Mechanic,Y
49-3051.00,Motorboat Mechanics and Service Technicians,Outboard Motor Mechanic,N
49-3051.00,Motorboat Mechanics and Service Technicians,Outboard Technician,N
49-3051.00,Motorboat Mechanics and Service Technicians,Service Technician,Y
49-3052.00,Motorcycle Mechanics,All Terrain Vehicle Technician (ATV Technician),Y
49-3052.00,Motorcycle Mechanics,Custom Bike Builder,N
49-3052.00,Motorcycle Mechanics,Motorcycle Mechanic,Y
49-3052.00,Motorcycle Mechanics,Motorcycle Service Technician,N
49-3052.00,Motorcycle Mechanics,Motorcycle Technician,Y
49-3052.00,Motorcycle Mechanics,Motorsports Technician,N
49-3052.00,Motorcycle Mechanics,Scooter Mechanic,N
49-3052.00,Motorcycle Mechanics,Service Technician,Y
49-3053.00,Outdoor Power Equipment and Other Small Engine Mechanics,Chainsaw Technician,N
49-3053.00,Outdoor Power Equipment and Other Small Engine Mechanics,Golf Cart Mechanic,N
49-3053.00,Outdoor Power Equipment and Other Small Engine Mechanics,Lawnmower Repair Mechanic,N
49-3053.00,Outdoor Power Equipment and Other Small Engine Mechanics,Mechanic,Y
49-3053.00,Outdoor Power Equipment and Other Small Engine Mechanics,Outdoor Power Equipment Service Technician,Y
49-3053.00,Outdoor Power Equipment and Other Small Engine Mechanics,Service Technician (Service Tech),Y
49-3053.00,Outdoor Power Equipment and Other Small Engine Mechanics,Shop Mechanic,N
49-3053.00,Outdoor Power Equipment and Other Small Engine Mechanics,Small Engine Mechanic,Y
49-3053.00,Outdoor Power Equipment and Other Small Engine Mechanics,Small Engine Technician (Small Engine Tech),N
49-3091.00,Bicycle Repairers,Bicycle Fitter,N
49-3091.00,Bicycle Repairers,Bicycle Mechanic,Y
49-3091.00,Bicycle Repairers,Bicycle Repair Technician,N
49-3091.00,Bicycle Repairers,Bicycle Repairman,N
49-3091.00,Bicycle Repairers,Bicycle Service Technician,Y
49-3091.00,Bicycle Repairers,Bicycle Technician (Bicycle Tech),Y
49-3091.00,Bicycle Repairers,Bike Mechanic,Y
49-3092.00,Recreational Vehicle Service Technicians,ATV Tech (All-Terrain Vehicle Technician),N
49-3092.00,Recreational Vehicle Service Technicians,Certified RV Technician (Certified Recreational Vehicle Technician),Y
49-3092.00,Recreational Vehicle Service Technicians,Hitch Technician (Hitch Tech),N
49-3092.00,Recreational Vehicle Service Technicians,Mobile Service RV Technician (Mobile Service Recreational Vehicle Technician),N
49-3092.00,Recreational Vehicle Service Technicians,RV Body Mechanic (Recreational Vehicle Body Mechanic),N
49-3092.00,Recreational Vehicle Service Technicians,RV Mechanic (Recreational Vehicle Mechanic),Y
49-3092.00,Recreational Vehicle Service Technicians,RV Service Technician (Recreational Vehicle Service Technician),Y
49-3092.00,Recreational Vehicle Service Technicians,RV Tech (Recreational Vehicle Technician),Y
49-3092.00,Recreational Vehicle Service Technicians,RVDA Master Certified RV Technician (Recreational Vehicle Dealer Association Master Certified Recreational Vehicle Technician),N
49-3092.00,Recreational Vehicle Service Technicians,Service Technician (Service Tech),N
49-3093.00,Tire Repairers and Changers,Alignment Technician (Alignment Tech),N
49-3093.00,Tire Repairers and Changers,Lube Technician (Lube Tech),Y
49-3093.00,Tire Repairers and Changers,Service Technician (Service Tech),Y
49-3093.00,Tire Repairers and Changers,Tire Alignment Technician (Tire Alignment Tech),N
49-3093.00,Tire Repairers and Changers,Tire Changer,N
49-3093.00,Tire Repairers and Changers,Tire Installer,Y
49-3093.00,Tire Repairers and Changers,Tire Repairer,N
49-3093.00,Tire Repairers and Changers,Tire Shop Mechanic,Y
49-3093.00,Tire Repairers and Changers,Tire Technician (Tire Tech),N
49-3093.00,Tire Repairers and Changers,Truck Tire Service Operator,N
49-9011.00,Mechanical Door Repairers,Commercial Door Installer,Y
49-9011.00,Mechanical Door Repairers,Commercial Installer,N
49-9011.00,Mechanical Door Repairers,Door Installer,Y
49-9011.00,Mechanical Door Repairers,Door Serviceman,N
49-9011.00,Mechanical Door Repairers,Garage Door Installer,Y
49-9011.00,Mechanical Door Repairers,Garage Door Technician (Garage Door Tech),Y
49-9011.00,Mechanical Door Repairers,Installation Technician (Installation Tech),N
49-9011.00,Mechanical Door Repairers,Installer,N
49-9011.00,Mechanical Door Repairers,Overhead Door Technician (Overhead Door Tech),N
49-9011.00,Mechanical Door Repairers,Residential Door Installer,N
49-9012.00,"Control and Valve Installers and Repairers, Except Mechanical Door",Control Valve Mechanic,N
49-9012.00,"Control and Valve Installers and Repairers, Except Mechanical Door",Control Valve Technician,N
49-9012.00,"Control and Valve Installers and Repairers, Except Mechanical Door",Electric Meter Technician,N
49-9012.00,"Control and Valve Installers and Repairers, Except Mechanical Door",Instrument and Electrical Technician (I and E Technician),Y
49-9012.00,"Control and Valve Installers and Repairers, Except Mechanical Door",Instrument Technician,N
49-9012.00,"Control and Valve Installers and Repairers, Except Mechanical Door",Measurement Technician,Y
49-9012.00,"Control and Valve Installers and Repairers, Except Mechanical Door",Meter Technician,Y
49-9012.00,"Control and Valve Installers and Repairers, Except Mechanical Door",Service Technician,N
49-9012.00,"Control and Valve Installers and Repairers, Except Mechanical Door",Valve Technician,Y
49-9012.00,"Control and Valve Installers and Repairers, Except Mechanical Door",Water Plant Maintenance Mechanic,N
49-9021.00,"Heating, Air Conditioning, and Refrigeration Mechanics and Installers",AC Mechanic (Air Conditioner Mechanic),N
49-9021.00,"Heating, Air Conditioning, and Refrigeration Mechanics and Installers",AC Tech (Air Conditioning Technician),N
49-9021.00,"Heating, Air Conditioning, and Refrigeration Mechanics and Installers","HVAC Control Tech (Heating, Ventilation, and Air Conditioning Control Technician)",N
49-9021.00,"Heating, Air Conditioning, and Refrigeration Mechanics and Installers","HVAC Installer (Heating, Ventilation, and Air Conditioning Installer)",N
49-9021.00,"Heating, Air Conditioning, and Refrigeration Mechanics and Installers","HVAC Mechanic (Heating, Ventilation, and Air Conditioning Mechanic)",Y
49-9021.00,"Heating, Air Conditioning, and Refrigeration Mechanics and Installers","HVAC Service Tech (Heating, Ventilation, and Air Conditioning Service Technician)",N
49-9021.00,"Heating, Air Conditioning, and Refrigeration Mechanics and Installers","HVAC Tech (Heating, Ventilation, and Air Conditioning Technician)",Y
49-9021.00,"Heating, Air Conditioning, and Refrigeration Mechanics and Installers",Refrigeration Mechanic,Y
49-9021.00,"Heating, Air Conditioning, and Refrigeration Mechanics and Installers",Refrigeration Operator,N
49-9021.00,"Heating, Air Conditioning, and Refrigeration Mechanics and Installers",Refrigeration Technician (Refrigeration Tech),Y
49-9031.00,Home Appliance Repairers,Appliance Mechanic,N
49-9031.00,Home Appliance Repairers,Appliance Repair Mechanic,N
49-9031.00,Home Appliance Repairers,Appliance Repair Technician (Appliance Repair Tech),N
49-9031.00,Home Appliance Repairers,Appliance Service Technician,N
49-9031.00,Home Appliance Repairers,Appliance Technician (Appliance Tech),Y
49-9031.00,Home Appliance Repairers,Repair Man,N
49-9031.00,Home Appliance Repairers,Repair Technician,Y
49-9031.00,Home Appliance Repairers,Service Technician (Service Tech),Y
49-9031.00,Home Appliance Repairers,Vacuum Repairer,Y
49-9041.00,Industrial Machinery Mechanics,Industrial Machinery Mechanic,Y
49-9041.00,Industrial Machinery Mechanics,Industrial Mechanic,N
49-9041.00,Industrial Machinery Mechanics,Loom Fixer,N
49-9041.00,Industrial Machinery Mechanics,Loom Technician,N
49-9041.00,Industrial Machinery Mechanics,Machine Adjuster,N
49-9041.00,Industrial Machinery Mechanics,Machine Mechanic,N
49-9041.00,Industrial Machinery Mechanics,Maintenance Technician,Y
49-9041.00,Industrial Machinery Mechanics,Mechanic,Y
49-9041.00,Industrial Machinery Mechanics,Overhauler,Y
49-9041.00,Industrial Machinery Mechanics,Sewing Machine Mechanic,N
49-9043.00,"Maintenance Workers, Machinery",Lubricator,N
49-9043.00,"Maintenance Workers, Machinery",Machine Repairer,N
49-9043.00,"Maintenance Workers, Machinery",Maintainer,Y
49-9043.00,"Maintenance Workers, Machinery",Maintenance Craftsman,N
49-9043.00,"Maintenance Workers, Machinery",Maintenance Man,N
49-9043.00,"Maintenance Workers, Machinery",Maintenance Mechanic,Y
49-9043.00,"Maintenance Workers, Machinery",Maintenance Technician (Maintenance Tech),Y
49-9043.00,"Maintenance Workers, Machinery",Maintenance Worker,Y
49-9043.00,"Maintenance Workers, Machinery",Oiler,N
49-9043.00,"Maintenance Workers, Machinery",Overhauler,N
49-9044.00,Millwrights,Maintenance Mechanic,N
49-9044.00,Millwrights,Maintenance Millwright,Y
49-9044.00,Millwrights,Millwright,Y
49-9044.00,Millwrights,Millwright Business Representative (Millwright Business Rep),N
49-9044.00,Millwrights,Millwright Foreman,Y
49-9044.00,Millwrights,Millwright General Foreman,N
49-9044.00,Millwrights,Millwright Instructor,Y
49-9044.00,Millwrights,Precision Millwright,N
49-9045.00,"Refractory Materials Repairers, Except Brickmasons",Cell Reliner,N
49-9045.00,"Refractory Materials Repairers, Except Brickmasons",Cupola Repairer,Y
49-9045.00,"Refractory Materials Repairers, Except Brickmasons",Furnace Repairer,N
49-9045.00,"Refractory Materials Repairers, Except Brickmasons",Hot Repairman,N
49-9045.00,"Refractory Materials Repairers, Except Brickmasons",Ladle Liner,Y
49-9045.00,"Refractory Materials Repairers, Except Brickmasons",Ladle Repairman,N
49-9045.00,"Refractory Materials Repairers, Except Brickmasons",Refractory Bricklayer,Y
49-9045.00,"Refractory Materials Repairers, Except Brickmasons",Refractory Technician,Y
49-9045.00,"Refractory Materials Repairers, Except Brickmasons",Refractory Worker,N
49-9051.00,Electrical Power-Line Installers and Repairers,Class Gloving Electrical Lineman,N
49-9051.00,Electrical Power-Line Installers and Repairers,Class Rubber Gloving Lineman,N
49-9051.00,Electrical Power-Line Installers and Repairers,Electrical Lineman,Y
49-9051.00,Electrical Power-Line Installers and Repairers,Electrical Lineworker,N
49-9051.00,Electrical Power-Line Installers and Repairers,Lineworker,Y
49-9051.00,Electrical Power-Line Installers and Repairers,Power Lineman,Y
49-9051.00,Electrical Power-Line Installers and Repairers,Power Lineman Technician,N
49-9051.00,Electrical Power-Line Installers and Repairers,Service Man,Y
49-9051.00,Electrical Power-Line Installers and Repairers,Third Step Lineman,N
49-9051.00,Electrical Power-Line Installers and Repairers,Troubleman,N
49-9052.00,Telecommunications Line Installers and Repairers,Cable Splicer,Y
49-9052.00,Telecommunications Line Installers and Repairers,Cable Tech (Cable Technician),N
49-9052.00,Telecommunications Line Installers and Repairers,Cable TV Tech (Cable Television Technician),N
49-9052.00,Telecommunications Line Installers and Repairers,Combination Technician (Combination Tech),Y
49-9052.00,Telecommunications Line Installers and Repairers,Fiber Optic Splicer,N
49-9052.00,Telecommunications Line Installers and Repairers,Field Service Technician,N
49-9052.00,Telecommunications Line Installers and Repairers,I and R Technician (Installation and Repair Technician),Y
49-9052.00,Telecommunications Line Installers and Repairers,Installer,Y
49-9052.00,Telecommunications Line Installers and Repairers,Outside Plant Technician (Outside Plant Tech),N
49-9052.00,Telecommunications Line Installers and Repairers,Telecommunications Technician (Telecommunications Tech),N
49-9061.00,Camera and Photographic Equipment Repairers,Camera Repair Technician,Y
49-9061.00,Camera and Photographic Equipment Repairers,Camera Repairman,Y
49-9061.00,Camera and Photographic Equipment Repairers,Camera Technician,Y
49-9061.00,Camera and Photographic Equipment Repairers,Photo Equipment Technician,N
49-9061.00,Camera and Photographic Equipment Repairers,Photo Technologist,N
49-9061.00,Camera and Photographic Equipment Repairers,Photographic Equipment Repair Technician,N
49-9061.00,Camera and Photographic Equipment Repairers,Photographic Equipment Technician,N
49-9061.00,Camera and Photographic Equipment Repairers,Photographic Technician (Photo Tech),N
49-9061.00,Camera and Photographic Equipment Repairers,Repair Technician,Y
49-9061.00,Camera and Photographic Equipment Repairers,Repairman,N
49-9062.00,Medical Equipment Repairers,Biomedical Electronics Technician (Biomed Electronics Tech),Y
49-9062.00,Medical Equipment Repairers,Biomedical Engineering Technician (Biomed Engineering Tech),N
49-9062.00,Medical Equipment Repairers,Biomedical Equipment Technician (BMET),Y
49-9062.00,Medical Equipment Repairers,Biomedical Technician (Biomed Tech),Y
49-9062.00,Medical Equipment Repairers,Dental Equipment Technician (Dental Equipment Tech),N
49-9062.00,Medical Equipment Repairers,Durable Medical Equipment Technician (DME Tech),N
49-9062.00,Medical Equipment Repairers,Medical Equipment Service Tech (Medical Equipment Service Technician),N
49-9062.00,Medical Equipment Repairers,Repair Technician (Repair Tech),N
49-9062.00,Medical Equipment Repairers,Service Technician (Service Tech),Y
49-9062.00,Medical Equipment Repairers,X-ray Service Engineer,N
49-9063.00,Musical Instrument Repairers and Tuners,Brass Instrument Repair Technician (Brass Instrument Repair Tech),N
49-9063.00,Musical Instrument Repairers and Tuners,Fretted String Instrument Repairer,N
49-9063.00,Musical Instrument Repairers and Tuners,Guitar Repairer,N
49-9063.00,Musical Instrument Repairers and Tuners,Instrument Repair Technician (Instrument Repair Tech),Y
49-9063.00,Musical Instrument Repairers and Tuners,Luthier,Y
49-9063.00,Musical Instrument Repairers and Tuners,Musical Instrument Repair Technician (Musical Instrument Repair Tech),N
49-9063.00,Musical Instrument Repairers and Tuners,Piano Technician (Piano Tech),Y
49-9063.00,Musical Instrument Repairers and Tuners,Piano Tuner,Y
49-9063.00,Musical Instrument Repairers and Tuners,Stringed Instrument Repairer,N
49-9063.00,Musical Instrument Repairers and Tuners,Woodwind Instrument Technician (Woodwind Instrument Tech),N
49-9064.00,Watch and Clock Repairers,Antique Clock Repairer,N
49-9064.00,Watch and Clock Repairers,Clock Repair Technician,N
49-9064.00,Watch and Clock Repairers,Clock Repairer,Y
49-9064.00,Watch and Clock Repairers,Watch and Clock Repairer,Y
49-9064.00,Watch and Clock Repairers,Watch Estimator,Y
49-9064.00,Watch and Clock Repairers,Watch Repair Person,N
49-9064.00,Watch and Clock Repairers,Watch Repair Technician,N
49-9064.00,Watch and Clock Repairers,Watch Repairer,N
49-9064.00,Watch and Clock Repairers,Watch Technician (Watch Tech),Y
49-9071.00,"Maintenance and Repair Workers, General",Building Mechanic,N
49-9071.00,"Maintenance and Repair Workers, General",Equipment Engineering Technician,N
49-9071.00,"Maintenance and Repair Workers, General",Facilities Technician,Y
49-9071.00,"Maintenance and Repair Workers, General",Maintenance Engineer,Y
49-9071.00,"Maintenance and Repair Workers, General",Maintenance Journeyman,N
49-9071.00,"Maintenance and Repair Workers, General",Maintenance Man,N
49-9071.00,"Maintenance and Repair Workers, General",Maintenance Mechanic,Y
49-9071.00,"Maintenance and Repair Workers, General",Maintenance Specialist,N
49-9071.00,"Maintenance and Repair Workers, General",Maintenance Technician,Y
49-9071.00,"Maintenance and Repair Workers, General",Maintenance Worker,N
49-9081.00,Wind Turbine Service Technicians,Field Service Technician,Y
49-9081.00,Wind Turbine Service Technicians,Renewable Energy Technician,N
49-9081.00,Wind Turbine Service Technicians,Service Technician,N
49-9081.00,Wind Turbine Service Technicians,Troubleshooting Technician,N
49-9081.00,Wind Turbine Service Technicians,Wind Farm Support Specialist,Y
49-9081.00,Wind Turbine Service Technicians,Wind Technician,Y
49-9081.00,Wind Turbine Service Technicians,Wind Turbine Operator,N
49-9081.00,Wind Turbine Service Technicians,Wind Turbine Service Technician,N
49-9081.00,Wind Turbine Service Technicians,Wind Turbine Technician,Y
49-9081.00,Wind Turbine Service Technicians,Wind Turbine Troubleshooting Technician,N
49-9091.00,"Coin, Vending, and Amusement Machine Servicers and Repairers",Cooler Deliverer,N
49-9091.00,"Coin, Vending, and Amusement Machine Servicers and Repairers",Field Service Technician,Y
49-9091.00,"Coin, Vending, and Amusement Machine Servicers and Repairers",Fountain Vending Mechanic,N
49-9091.00,"Coin, Vending, and Amusement Machine Servicers and Repairers",Full Service Vending Driver,N
49-9091.00,"Coin, Vending, and Amusement Machine Servicers and Repairers",Refurbish Technician,N
49-9091.00,"Coin, Vending, and Amusement Machine Servicers and Repairers",Service Technician,Y
49-9091.00,"Coin, Vending, and Amusement Machine Servicers and Repairers",Slot Technician,Y
49-9091.00,"Coin, Vending, and Amusement Machine Servicers and Repairers",Vending Mechanic,N
49-9091.00,"Coin, Vending, and Amusement Machine Servicers and Repairers",Vending Service Technician,N
49-9091.00,"Coin, Vending, and Amusement Machine Servicers and Repairers",Vending Technician,Y
49-9092.00,Commercial Divers,Diver,Y
49-9092.00,Commercial Divers,Diver Tender,Y
49-9092.00,Commercial Divers,Diving Coordinator,N
49-9092.00,Commercial Divers,Hard Hat Diver,N
49-9092.00,Commercial Divers,NDT UW Welder (Non Destructive Testing Under Water Welder),N
49-9092.00,Commercial Divers,Salvage Diver,Y
49-9092.00,Commercial Divers,Saturation Diver,Y
49-9094.00,Locksmiths and Safe Repairers,Certified Professional Safe Technician (CPS),N
49-9094.00,Locksmiths and Safe Repairers,CML (Certified Master Locksmith),Y
49-9094.00,Locksmiths and Safe Repairers,CMS (Certified Master Safecracker),N
49-9094.00,Locksmiths and Safe Repairers,Forensic Locksmith,N
49-9094.00,Locksmiths and Safe Repairers,Lock Technician (Lock Tech),Y
49-9094.00,Locksmiths and Safe Repairers,Locksmith,Y
49-9094.00,Locksmiths and Safe Repairers,Road Service Locksmith,N
49-9094.00,Locksmiths and Safe Repairers,RST (Registered Safe Technician),N
49-9094.00,Locksmiths and Safe Repairers,Safe Technician (Safe Tech),Y
49-9094.00,Locksmiths and Safe Repairers,Vault Technician (Vault Tech),N
49-9095.00,Manufactured Building and Mobile Home Installers,Delivery Crew Worker,N
49-9095.00,Manufactured Building and Mobile Home Installers,House Hauler,Y
49-9095.00,Manufactured Building and Mobile Home Installers,Mobile Home Installer,Y
49-9095.00,Manufactured Building and Mobile Home Installers,Mobile Home Laborer,Y
49-9095.00,Manufactured Building and Mobile Home Installers,Mobile Home Set-Up Person,Y
49-9095.00,Manufactured Building and Mobile Home Installers,Set Up Technician (Set Up Tech),N
49-9096.00,Riggers,Gantry Rigger,N
49-9096.00,Riggers,Hand Rigger,N
49-9096.00,Riggers,Heavy Lift Rigger,N
49-9096.00,Riggers,Machinery Erector,Y
49-9096.00,Riggers,Machinery Mover,Y
49-9096.00,Riggers,Marine Rigger,N
49-9096.00,Riggers,Motor Rigger,Y
49-9096.00,Riggers,Rigger,Y
49-9096.00,Riggers,Rigging Fabricator,N
49-9096.00,Riggers,Ship Rigger,N
49-9097.00,Signal and Track Switch Repairers,Railroad Signal Maintainer,N
49-9097.00,Signal and Track Switch Repairers,Signal and Communications Maintainer,N
49-9097.00,Signal and Track Switch Repairers,Signal Inspector,Y
49-9097.00,Signal and Track Switch Repairers,Signal Maintainer,Y
49-9097.00,Signal and Track Switch Repairers,Signal Maintenance Technician,N
49-9097.00,Signal and Track Switch Repairers,Signal System Testing Maintainer,N
49-9097.00,Signal and Track Switch Repairers,Signal Technician,N
49-9097.00,Signal and Track Switch Repairers,Signalman,Y
49-9097.00,Signal and Track Switch Repairers,Train Control Electronic Technician,Y
49-9097.00,Signal and Track Switch Repairers,Train Control Technician,N
49-9098.00,"Helpers--Installation, Maintenance, and Repair Workers","HVAC Helper (Heating, Ventilation, Air Conditioning Helper)",N
49-9098.00,"Helpers--Installation, Maintenance, and Repair Workers","HVAC Installation Helper (Heating, Ventilation, Air Conditioning Installation Helper)",N
49-9098.00,"Helpers--Installation, Maintenance, and Repair Workers",Maintenance Aide,Y
49-9098.00,"Helpers--Installation, Maintenance, and Repair Workers",Maintenance Helper,Y
49-9098.00,"Helpers--Installation, Maintenance, and Repair Workers",Mechanic Helper,Y
49-9098.00,"Helpers--Installation, Maintenance, and Repair Workers",Mechanic Repair Helper,N
49-9098.00,"Helpers--Installation, Maintenance, and Repair Workers",Mechanic's Assistant,N
49-9098.00,"Helpers--Installation, Maintenance, and Repair Workers",Technician's Helper,Y
49-9099.01,Geothermal Technicians,Geothermal Service Technician,N
49-9099.01,Geothermal Technicians,I and C Technician (Instrument and Controls Technician),N
49-9099.01,Geothermal Technicians,I and E Technician (Instrumentation and Electrical Technician),N
49-9099.01,Geothermal Technicians,"I C and E Technician (Instrumentation, Control, and Electrical Technician)",Y
49-9099.01,Geothermal Technicians,Operations and Maintenance Technician (O and M Technician),Y
49-9099.01,Geothermal Technicians,Operations Technician,Y
49-9099.01,Geothermal Technicians,Operator Technician,N
49-9099.01,Geothermal Technicians,Plant Electrical Technician,N
49-9099.01,Geothermal Technicians,Plant Mechanic,N
49-9099.01,Geothermal Technicians,Plant Technician,Y
51-1011.00,First-Line Supervisors of Production and Operating Workers,Assembly Supervisor,Y
51-1011.00,First-Line Supervisors of Production and Operating Workers,Line Supervisor,N
51-1011.00,First-Line Supervisors of Production and Operating Workers,Manufacturing Supervisor,Y
51-1011.00,First-Line Supervisors of Production and Operating Workers,Molding Supervisor,N
51-1011.00,First-Line Supervisors of Production and Operating Workers,Plant Supervisor,N
51-1011.00,First-Line Supervisors of Production and Operating Workers,Production Manager,Y
51-1011.00,First-Line Supervisors of Production and Operating Workers,Production Supervisor,Y
51-1011.00,First-Line Supervisors of Production and Operating Workers,Quality Assurance Supervisor (QA Supervisor),N
51-2011.00,"Aircraft Structure, Surfaces, Rigging, and Systems Assemblers",Aircraft Assembler,Y
51-2011.00,"Aircraft Structure, Surfaces, Rigging, and Systems Assemblers",Aircraft Line Assembler,N
51-2011.00,"Aircraft Structure, Surfaces, Rigging, and Systems Assemblers",Assembler,Y
51-2011.00,"Aircraft Structure, Surfaces, Rigging, and Systems Assemblers",Assembly Riveter,N
51-2011.00,"Aircraft Structure, Surfaces, Rigging, and Systems Assemblers",Assembly Technician (Assembly Tech),N
51-2011.00,"Aircraft Structure, Surfaces, Rigging, and Systems Assemblers",Sheet Metal Assembler and Riveter (SMAR),Y
51-2011.00,"Aircraft Structure, Surfaces, Rigging, and Systems Assemblers",Sheet Metal Mechanic,Y
51-2011.00,"Aircraft Structure, Surfaces, Rigging, and Systems Assemblers",Sheet Metal Technician (Sheet Metal Tech),N
51-2011.00,"Aircraft Structure, Surfaces, Rigging, and Systems Assemblers",Structures Mechanic,N
51-2011.00,"Aircraft Structure, Surfaces, Rigging, and Systems Assemblers",Structures Technician (Structures Tech),N
51-2021.00,"Coil Winders, Tapers, and Finishers",Armature Winder,Y
51-2021.00,"Coil Winders, Tapers, and Finishers",Auto-Winder,N
51-2021.00,"Coil Winders, Tapers, and Finishers",Coil Finisher,Y
51-2021.00,"Coil Winders, Tapers, and Finishers",Coil Winder,Y
51-2021.00,"Coil Winders, Tapers, and Finishers",Hand Winder,N
51-2021.00,"Coil Winders, Tapers, and Finishers",Motor Winder,N
51-2021.00,"Coil Winders, Tapers, and Finishers",Winder,Y
51-2021.00,"Coil Winders, Tapers, and Finishers",Winder Operator,N
51-2022.00,Electrical and Electronic Equipment Assemblers,Assembler,Y
51-2022.00,Electrical and Electronic Equipment Assemblers,Assembler Technician (Assembler Tech),N
51-2022.00,Electrical and Electronic Equipment Assemblers,Assembly Worker,Y
51-2022.00,Electrical and Electronic Equipment Assemblers,Electrical Assembler,Y
51-2022.00,Electrical and Electronic Equipment Assemblers,Electronic Assembler,N
51-2022.00,Electrical and Electronic Equipment Assemblers,Electronics Assembler,Y
51-2022.00,Electrical and Electronic Equipment Assemblers,Factory Assembler,N
51-2022.00,Electrical and Electronic Equipment Assemblers,General Electromechanical Assembly Specialist (Gen Electro/Mech Assm Spec),N
51-2022.00,Electrical and Electronic Equipment Assemblers,Small Motor Assembler,N
51-2022.00,Electrical and Electronic Equipment Assemblers,Subassembler,N
51-2023.00,Electromechanical Equipment Assemblers,Assembler,Y
51-2023.00,Electromechanical Equipment Assemblers,Electrical Assembler,N
51-2023.00,Electromechanical Equipment Assemblers,Electromechanical Assembler,N
51-2023.00,Electromechanical Equipment Assemblers,Electromechanical Equipment Assembler,N
51-2023.00,Electromechanical Equipment Assemblers,Electronic Assembler,Y
51-2023.00,Electromechanical Equipment Assemblers,Electronic Technician,Y
51-2023.00,Electromechanical Equipment Assemblers,Electronics Assembler,N
51-2023.00,Electromechanical Equipment Assemblers,Mechanical Assembler,Y
51-2023.00,Electromechanical Equipment Assemblers,Production Associate,N
51-2023.00,Electromechanical Equipment Assemblers,Wiring Technician,N
51-2031.00,Engine and Other Machine Assemblers,Assembler,Y
51-2031.00,Engine and Other Machine Assemblers,Assembly Line Worker,Y
51-2031.00,Engine and Other Machine Assemblers,Cell Technician,N
51-2031.00,Engine and Other Machine Assemblers,Engine Assembler,Y
51-2031.00,Engine and Other Machine Assemblers,Engine Builder,N
51-2031.00,Engine and Other Machine Assemblers,Field Service Technician,N
51-2031.00,Engine and Other Machine Assemblers,Fitter,N
51-2031.00,Engine and Other Machine Assemblers,Large Engine Assembler,N
51-2031.00,Engine and Other Machine Assemblers,Machine Assembler,Y
51-2031.00,Engine and Other Machine Assemblers,Mechanical Assembler,N
51-2041.00,Structural Metal Fabricators and Fitters,Fabricator,Y
51-2041.00,Structural Metal Fabricators and Fitters,Fitter,Y
51-2041.00,Structural Metal Fabricators and Fitters,Layout Man,Y
51-2041.00,Structural Metal Fabricators and Fitters,Metal Fabricator,N
51-2041.00,Structural Metal Fabricators and Fitters,Mill Beam Fitter,N
51-2041.00,Structural Metal Fabricators and Fitters,Ship Fitter,Y
51-2041.00,Structural Metal Fabricators and Fitters,Small Parts Fabricator,N
51-2041.00,Structural Metal Fabricators and Fitters,Steel Fabricator,N
51-2041.00,Structural Metal Fabricators and Fitters,Structural Planner,N
51-2041.00,Structural Metal Fabricators and Fitters,Structural Steel Fitter,N
51-2051.00,Fiberglass Laminators and Fabricators,Boat Builder,Y
51-2051.00,Fiberglass Laminators and Fabricators,Boat Carpenter,N
51-2051.00,Fiberglass Laminators and Fabricators,Chopper Gun Operator,Y
51-2051.00,Fiberglass Laminators and Fabricators,Fiberglass Laminator,Y
51-2051.00,Fiberglass Laminators and Fabricators,Fiberglass Technician,N
51-2051.00,Fiberglass Laminators and Fabricators,Fiberglasser,N
51-2051.00,Fiberglass Laminators and Fabricators,Gel-Coater,N
51-2051.00,Fiberglass Laminators and Fabricators,Lamination Technician,N
51-2051.00,Fiberglass Laminators and Fabricators,Laminator,Y
51-2051.00,Fiberglass Laminators and Fabricators,Roller,N
51-2061.00,Timing Device Assemblers and Adjusters,Calibration Specialist,Y
51-2061.00,Timing Device Assemblers and Adjusters,Calibrator,N
51-2061.00,Timing Device Assemblers and Adjusters,Clockmaker,Y
51-2061.00,Timing Device Assemblers and Adjusters,Horologist,N
51-2061.00,Timing Device Assemblers and Adjusters,Time Stamp Assembler,N
51-2061.00,Timing Device Assemblers and Adjusters,Watch Technician,Y
51-2061.00,Timing Device Assemblers and Adjusters,Watchmaker,Y
51-2092.00,Team Assemblers,Assembler,Y
51-2092.00,Team Assemblers,Assembly Associate,N
51-2092.00,Team Assemblers,Assembly Line Machine Operator,Y
51-2092.00,Team Assemblers,Assembly Line Worker,Y
51-2092.00,Team Assemblers,Assembly Operator,N
51-2092.00,Team Assemblers,Assembly Technician,Y
51-2092.00,Team Assemblers,Certified Composites Technician (CCT),N
51-2092.00,Team Assemblers,Manufacturing Associate,N
51-2092.00,Team Assemblers,Production Line Worker,N
51-3011.00,Bakers,Bakery Worker,N
51-3011.00,Bakers,Bread Baker,N
51-3011.00,Bakers,Cake Baker,N
51-3011.00,Bakers,Cake Decorator,N
51-3011.00,Bakers,Dough Mixer,Y
51-3011.00,Bakers,Mixer,Y
51-3011.00,Bakers,Pastry Cook,Y
51-3011.00,Bakers,Relief Baker,N
51-3011.00,Bakers,Scaler,Y
51-3011.00,Bakers,Specialty Baker,N
51-3021.00,Butchers and Meat Cutters,Butcher,Y
51-3021.00,Butchers and Meat Cutters,Meat Clerk,Y
51-3021.00,Butchers and Meat Cutters,Meat Cutter,Y
51-3021.00,Butchers and Meat Cutters,Meat Specialist,Y
51-3021.00,Butchers and Meat Cutters,Meat Wrapper,N
51-3022.00,"Meat, Poultry, and Fish Cutters and Trimmers",Beef Trimmer,N
51-3022.00,"Meat, Poultry, and Fish Cutters and Trimmers",Breast Trimmer,N
51-3022.00,"Meat, Poultry, and Fish Cutters and Trimmers",Chicken Cutter,N
51-3022.00,"Meat, Poultry, and Fish Cutters and Trimmers",Deboner,Y
51-3022.00,"Meat, Poultry, and Fish Cutters and Trimmers",Fish Processor,N
51-3022.00,"Meat, Poultry, and Fish Cutters and Trimmers",Meat Cutter,Y
51-3022.00,"Meat, Poultry, and Fish Cutters and Trimmers",Meat Trimmer,N
51-3022.00,"Meat, Poultry, and Fish Cutters and Trimmers",Seafood Processor,N
51-3022.00,"Meat, Poultry, and Fish Cutters and Trimmers",Trimmer,Y
51-3022.00,"Meat, Poultry, and Fish Cutters and Trimmers",Wing Scorer,Y
51-3023.00,Slaughterers and Meat Packers,Boning Room Worker,Y
51-3023.00,Slaughterers and Meat Packers,Meat Packager,N
51-3023.00,Slaughterers and Meat Packers,Meat Packer,Y
51-3023.00,Slaughterers and Meat Packers,Meat Processor,Y
51-3023.00,Slaughterers and Meat Packers,Meat Wrapper,Y
51-3023.00,Slaughterers and Meat Packers,Saw Man,N
51-3023.00,Slaughterers and Meat Packers,Side Puller,N
51-3023.00,Slaughterers and Meat Packers,Wrapper,N
51-3091.00,"Food and Tobacco Roasting, Baking, and Drying Machine Operators and Tenders",Bean Roaster,N
51-3091.00,"Food and Tobacco Roasting, Baking, and Drying Machine Operators and Tenders",Coffee Roaster,Y
51-3091.00,"Food and Tobacco Roasting, Baking, and Drying Machine Operators and Tenders",Line Operator,N
51-3091.00,"Food and Tobacco Roasting, Baking, and Drying Machine Operators and Tenders",Machine Operator,Y
51-3091.00,"Food and Tobacco Roasting, Baking, and Drying Machine Operators and Tenders",Oven Operator,N
51-3091.00,"Food and Tobacco Roasting, Baking, and Drying Machine Operators and Tenders",Oven Technician,N
51-3091.00,"Food and Tobacco Roasting, Baking, and Drying Machine Operators and Tenders",Roast Master,N
51-3091.00,"Food and Tobacco Roasting, Baking, and Drying Machine Operators and Tenders",Roaster,Y
51-3091.00,"Food and Tobacco Roasting, Baking, and Drying Machine Operators and Tenders",Roaster Operator,N
51-3091.00,"Food and Tobacco Roasting, Baking, and Drying Machine Operators and Tenders",Roasterman,Y
51-3092.00,Food Batchmakers,Batching Operator,Y
51-3092.00,Food Batchmakers,Blender,Y
51-3092.00,Food Batchmakers,Brewing Technician,N
51-3092.00,Food Batchmakers,Compounder,N
51-3092.00,Food Batchmakers,Dosier Operator,N
51-3092.00,Food Batchmakers,Dough Scaler,N
51-3092.00,Food Batchmakers,Mix Technician,N
51-3092.00,Food Batchmakers,Mixer,Y
51-3092.00,Food Batchmakers,Mixer Operator,Y
51-3092.00,Food Batchmakers,Syrup Maker,N
51-3093.00,Food Cooking Machine Operators and Tenders,Cooker Operator,N
51-3093.00,Food Cooking Machine Operators and Tenders,Food Production Worker,N
51-3093.00,Food Cooking Machine Operators and Tenders,Fryer Operator,Y
51-3093.00,Food Cooking Machine Operators and Tenders,Kettle Fry Cook Operator,Y
51-3093.00,Food Cooking Machine Operators and Tenders,Machine Operator,Y
51-3093.00,Food Cooking Machine Operators and Tenders,Mogul Operator,N
51-3093.00,Food Cooking Machine Operators and Tenders,Oven Operator,N
51-3093.00,Food Cooking Machine Operators and Tenders,Peeler Operator,N
51-3093.00,Food Cooking Machine Operators and Tenders,Retort Operator,Y
51-3093.00,Food Cooking Machine Operators and Tenders,Thermo Processor,N
51-4021.00,"Extruding and Drawing Machine Setters, Operators, and Tenders, Metal and Plastic",Equipment Technician (Equipment Tech),N
51-4021.00,"Extruding and Drawing Machine Setters, Operators, and Tenders, Metal and Plastic",Extruder Operator,Y
51-4021.00,"Extruding and Drawing Machine Setters, Operators, and Tenders, Metal and Plastic",Extrusion Line Operator,N
51-4021.00,"Extruding and Drawing Machine Setters, Operators, and Tenders, Metal and Plastic",Extrusion Operator,Y
51-4021.00,"Extruding and Drawing Machine Setters, Operators, and Tenders, Metal and Plastic",Extrusion Press Operator,Y
51-4021.00,"Extruding and Drawing Machine Setters, Operators, and Tenders, Metal and Plastic",Machine Operator,Y
51-4021.00,"Extruding and Drawing Machine Setters, Operators, and Tenders, Metal and Plastic",Metal Inspector,N
51-4021.00,"Extruding and Drawing Machine Setters, Operators, and Tenders, Metal and Plastic",Setup Operator,N
51-4021.00,"Extruding and Drawing Machine Setters, Operators, and Tenders, Metal and Plastic",Wire Mill Operator,N
51-4021.00,"Extruding and Drawing Machine Setters, Operators, and Tenders, Metal and Plastic",Wire Mill Rover,N
51-4022.00,"Forging Machine Setters, Operators, and Tenders, Metal and Plastic",Blacksmith,Y
51-4022.00,"Forging Machine Setters, Operators, and Tenders, Metal and Plastic",Forge Operator,N
51-4022.00,"Forging Machine Setters, Operators, and Tenders, Metal and Plastic",Forge Press Operator,N
51-4022.00,"Forging Machine Setters, Operators, and Tenders, Metal and Plastic",Forger,N
51-4022.00,"Forging Machine Setters, Operators, and Tenders, Metal and Plastic",Hammer Operator,Y
51-4022.00,"Forging Machine Setters, Operators, and Tenders, Metal and Plastic",Header Operator,N
51-4022.00,"Forging Machine Setters, Operators, and Tenders, Metal and Plastic",Hot Press Forger,N
51-4022.00,"Forging Machine Setters, Operators, and Tenders, Metal and Plastic",Machine Operator,Y
51-4022.00,"Forging Machine Setters, Operators, and Tenders, Metal and Plastic",Process Technician (Process Tech),Y
51-4022.00,"Forging Machine Setters, Operators, and Tenders, Metal and Plastic",Set Up Operator,N
51-4023.00,"Rolling Machine Setters, Operators, and Tenders, Metal and Plastic",Breakdown Mill Operator,N
51-4023.00,"Rolling Machine Setters, Operators, and Tenders, Metal and Plastic",Calender Operator,N
51-4023.00,"Rolling Machine Setters, Operators, and Tenders, Metal and Plastic",Cold Mill Operator,N
51-4023.00,"Rolling Machine Setters, Operators, and Tenders, Metal and Plastic",Machine Operator,N
51-4023.00,"Rolling Machine Setters, Operators, and Tenders, Metal and Plastic",Mill Operator,Y
51-4023.00,"Rolling Machine Setters, Operators, and Tenders, Metal and Plastic",Rolling Mill Operator,Y
51-4023.00,"Rolling Machine Setters, Operators, and Tenders, Metal and Plastic",Roughing Mill Operator,Y
51-4023.00,"Rolling Machine Setters, Operators, and Tenders, Metal and Plastic",Temper Mill Operator,N
51-4023.00,"Rolling Machine Setters, Operators, and Tenders, Metal and Plastic",Tube Mill Operator,Y
51-4023.00,"Rolling Machine Setters, Operators, and Tenders, Metal and Plastic",Weld Mill Operator,N
51-4031.00,"Cutting, Punching, and Press Machine Setters, Operators, and Tenders, Metal and Plastic",Die Setter,N
51-4031.00,"Cutting, Punching, and Press Machine Setters, Operators, and Tenders, Metal and Plastic",Fabrication Operator,N
51-4031.00,"Cutting, Punching, and Press Machine Setters, Operators, and Tenders, Metal and Plastic",Machine Operator,Y
51-4031.00,"Cutting, Punching, and Press Machine Setters, Operators, and Tenders, Metal and Plastic",Machine Setter,N
51-4031.00,"Cutting, Punching, and Press Machine Setters, Operators, and Tenders, Metal and Plastic",Press Brake Operator,N
51-4031.00,"Cutting, Punching, and Press Machine Setters, Operators, and Tenders, Metal and Plastic",Press Operator,Y
51-4031.00,"Cutting, Punching, and Press Machine Setters, Operators, and Tenders, Metal and Plastic",Punch Press Operator,N
51-4031.00,"Cutting, Punching, and Press Machine Setters, Operators, and Tenders, Metal and Plastic",Saw Operator,Y
51-4031.00,"Cutting, Punching, and Press Machine Setters, Operators, and Tenders, Metal and Plastic",Setup Operator,Y
51-4031.00,"Cutting, Punching, and Press Machine Setters, Operators, and Tenders, Metal and Plastic",Slitter Operator,N
51-4032.00,"Drilling and Boring Machine Tool Setters, Operators, and Tenders, Metal and Plastic",Bore Mill Operator,N
51-4032.00,"Drilling and Boring Machine Tool Setters, Operators, and Tenders, Metal and Plastic",CNC Drilling Operator (Computer Numerical Control Drilling Operator),N
51-4032.00,"Drilling and Boring Machine Tool Setters, Operators, and Tenders, Metal and Plastic",CNC Machinist (Computer Numerical Control Machinist),Y
51-4032.00,"Drilling and Boring Machine Tool Setters, Operators, and Tenders, Metal and Plastic",Drill Operator,Y
51-4032.00,"Drilling and Boring Machine Tool Setters, Operators, and Tenders, Metal and Plastic",Drill Press Operator,N
51-4032.00,"Drilling and Boring Machine Tool Setters, Operators, and Tenders, Metal and Plastic",Drill Setup Operator,Y
51-4032.00,"Drilling and Boring Machine Tool Setters, Operators, and Tenders, Metal and Plastic",Machine Operator,Y
51-4032.00,"Drilling and Boring Machine Tool Setters, Operators, and Tenders, Metal and Plastic",Punch Operator,N
51-4032.00,"Drilling and Boring Machine Tool Setters, Operators, and Tenders, Metal and Plastic",Radial Drill Operator,N
51-4032.00,"Drilling and Boring Machine Tool Setters, Operators, and Tenders, Metal and Plastic",Setup Mill Operator,N
51-4033.00,"Grinding, Lapping, Polishing, and Buffing Machine Tool Setters, Operators, and Tenders, Metal and Plastic",Cell Operator,N
51-4033.00,"Grinding, Lapping, Polishing, and Buffing Machine Tool Setters, Operators, and Tenders, Metal and Plastic",Centerless Grinder Operator,N
51-4033.00,"Grinding, Lapping, Polishing, and Buffing Machine Tool Setters, Operators, and Tenders, Metal and Plastic",Deburrer,Y
51-4033.00,"Grinding, Lapping, Polishing, and Buffing Machine Tool Setters, Operators, and Tenders, Metal and Plastic",Die Maintenance Technician (Die Maintenance Tech),N
51-4033.00,"Grinding, Lapping, Polishing, and Buffing Machine Tool Setters, Operators, and Tenders, Metal and Plastic",Finisher,N
51-4033.00,"Grinding, Lapping, Polishing, and Buffing Machine Tool Setters, Operators, and Tenders, Metal and Plastic",Grinder,Y
51-4033.00,"Grinding, Lapping, Polishing, and Buffing Machine Tool Setters, Operators, and Tenders, Metal and Plastic",Grinder Operator,Y
51-4033.00,"Grinding, Lapping, Polishing, and Buffing Machine Tool Setters, Operators, and Tenders, Metal and Plastic",Grinding Machine Operator,N
51-4033.00,"Grinding, Lapping, Polishing, and Buffing Machine Tool Setters, Operators, and Tenders, Metal and Plastic",Metal Finisher,N
51-4033.00,"Grinding, Lapping, Polishing, and Buffing Machine Tool Setters, Operators, and Tenders, Metal and Plastic",Process Equipment Operator,Y
51-4034.00,"Lathe and Turning Machine Tool Setters, Operators, and Tenders, Metal and Plastic",CNC Lathe Operator (Computer Numerical Control Lathe Operator),Y
51-4034.00,"Lathe and Turning Machine Tool Setters, Operators, and Tenders, Metal and Plastic",CNC Setup Operator (Computer Numerical Control Setup Operator),N
51-4034.00,"Lathe and Turning Machine Tool Setters, Operators, and Tenders, Metal and Plastic",Lathe Operator,Y
51-4034.00,"Lathe and Turning Machine Tool Setters, Operators, and Tenders, Metal and Plastic",Machine Operator,Y
51-4034.00,"Lathe and Turning Machine Tool Setters, Operators, and Tenders, Metal and Plastic",Numerical Control Operator (NC Operator),N
51-4034.00,"Lathe and Turning Machine Tool Setters, Operators, and Tenders, Metal and Plastic",Screw Machine Operator,N
51-4034.00,"Lathe and Turning Machine Tool Setters, Operators, and Tenders, Metal and Plastic",Screw Machine Tool Setter,N
51-4034.00,"Lathe and Turning Machine Tool Setters, Operators, and Tenders, Metal and Plastic",Setup Operator,Y
51-4034.00,"Lathe and Turning Machine Tool Setters, Operators, and Tenders, Metal and Plastic",Turn Operator,N
51-4035.00,"Milling and Planing Machine Setters, Operators, and Tenders, Metal and Plastic",CNC Licensed Mill Operator (Computer Numerical Control Licensed Mill Operator),Y
51-4035.00,"Milling and Planing Machine Setters, Operators, and Tenders, Metal and Plastic",CNC Mill Operator (Computer Numerical Control Mill Operator),N
51-4035.00,"Milling and Planing Machine Setters, Operators, and Tenders, Metal and Plastic",CNC Mill Operator (Computerized Numerical Control Mill Operator),Y
51-4035.00,"Milling and Planing Machine Setters, Operators, and Tenders, Metal and Plastic",CNC Mill Set Up Operator (Computerized Numerical Control Mill Set Up Operator),N
51-4035.00,"Milling and Planing Machine Setters, Operators, and Tenders, Metal and Plastic",Machine Operator,Y
51-4035.00,"Milling and Planing Machine Setters, Operators, and Tenders, Metal and Plastic",Machine Set Up Operator,N
51-4035.00,"Milling and Planing Machine Setters, Operators, and Tenders, Metal and Plastic",Mill Operator,Y
51-4035.00,"Milling and Planing Machine Setters, Operators, and Tenders, Metal and Plastic",Miller,N
51-4035.00,"Milling and Planing Machine Setters, Operators, and Tenders, Metal and Plastic",Milling Operator,N
51-4035.00,"Milling and Planing Machine Setters, Operators, and Tenders, Metal and Plastic",Setup Man,N
51-4041.00,Machinists,CNC Machinist (Computer Numeric Controlled Machinist),Y
51-4041.00,Machinists,CNC Machinist (Computer Numerically Controlled Machinist),N
51-4041.00,Machinists,Gear Machinist,N
51-4041.00,Machinists,Machine Repair Person,N
51-4041.00,Machinists,Machinist,Y
51-4041.00,Machinists,Maintenance Machinist,Y
51-4041.00,Machinists,Manual Lathe Machinist,N
51-4041.00,Machinists,Production Machinist,N
51-4041.00,Machinists,Tool Room Machinist,Y
51-4051.00,Metal-Refining Furnace Operators and Tenders,Arc and Argon Oxygen Decarburization Melter (ARC and AOD Melter),N
51-4051.00,Metal-Refining Furnace Operators and Tenders,Automatic Furnace Operator,N
51-4051.00,Metal-Refining Furnace Operators and Tenders,Central Melt Specialist,Y
51-4051.00,Metal-Refining Furnace Operators and Tenders,Control Room Operator,N
51-4051.00,Metal-Refining Furnace Operators and Tenders,Electric Melt Operator,N
51-4051.00,Metal-Refining Furnace Operators and Tenders,Furnace Operator,Y
51-4051.00,Metal-Refining Furnace Operators and Tenders,Melt Room Operator,N
51-4051.00,Metal-Refining Furnace Operators and Tenders,Melter,Y
51-4051.00,Metal-Refining Furnace Operators and Tenders,Vacuum Melter,Y
51-4051.00,Metal-Refining Furnace Operators and Tenders,Vessel Operator,N
51-4052.00,"Pourers and Casters, Metal",Caster,Y
51-4052.00,"Pourers and Casters, Metal",Casting Machine Operator,N
51-4052.00,"Pourers and Casters, Metal",Casting Operator,N
51-4052.00,"Pourers and Casters, Metal",DC Caster (Direct Chill Caster),N
51-4052.00,"Pourers and Casters, Metal",Die Cast Machine Operator,N
51-4052.00,"Pourers and Casters, Metal",Die Casting Machine Operator,N
51-4052.00,"Pourers and Casters, Metal",Iron Pourer,N
51-4052.00,"Pourers and Casters, Metal",Melter,Y
51-4052.00,"Pourers and Casters, Metal",Metal Handler,Y
51-4052.00,"Pourers and Casters, Metal",Pourer,Y
51-4061.00,"Model Makers, Metal and Plastic",CNC Machinist (Computer Numerical Control Machinist),Y
51-4061.00,"Model Makers, Metal and Plastic",CNC Programmer (Computer Numerical Control Programmer),N
51-4061.00,"Model Makers, Metal and Plastic",Metal Model Maker,N
51-4061.00,"Model Makers, Metal and Plastic",Model Builder,Y
51-4061.00,"Model Makers, Metal and Plastic",Model Maker,Y
51-4061.00,"Model Makers, Metal and Plastic",Model Maker Machinist,N
51-4061.00,"Model Makers, Metal and Plastic",Model Technician (Model Tech),N
51-4061.00,"Model Makers, Metal and Plastic",Molding Technician (Molding Tech),Y
51-4061.00,"Model Makers, Metal and Plastic",Pattern Finisher,N
51-4061.00,"Model Makers, Metal and Plastic",Prototype Special Build,N
51-4062.00,"Patternmakers, Metal and Plastic",Die Cast Die Maker,Y
51-4062.00,"Patternmakers, Metal and Plastic",Fixture Builder,N
51-4062.00,"Patternmakers, Metal and Plastic",Journeyman Patternmaker,Y
51-4062.00,"Patternmakers, Metal and Plastic",Layout Technician (Layout Tech),Y
51-4062.00,"Patternmakers, Metal and Plastic",Metal Mold Maker,N
51-4062.00,"Patternmakers, Metal and Plastic",Metal Patternmaker,Y
51-4062.00,"Patternmakers, Metal and Plastic",Model Maker,N
51-4062.00,"Patternmakers, Metal and Plastic",Mold Maker,N
51-4062.00,"Patternmakers, Metal and Plastic",Pattern Repair Person,N
51-4062.00,"Patternmakers, Metal and Plastic",Wax Molder,N
51-4071.00,Foundry Mold and Coremakers,Core Machine Operator,Y
51-4071.00,Foundry Mold and Coremakers,Core Maker,Y
51-4071.00,Foundry Mold and Coremakers,Core Stripper,N
51-4071.00,Foundry Mold and Coremakers,Coremaker,Y
51-4071.00,Foundry Mold and Coremakers,Green Sand Molder,N
51-4071.00,Foundry Mold and Coremakers,Mold Maker,N
51-4071.00,Foundry Mold and Coremakers,Mold Operator,N
51-4071.00,Foundry Mold and Coremakers,Molder,Y
51-4071.00,Foundry Mold and Coremakers,No Bake Molder,N
51-4071.00,Foundry Mold and Coremakers,Sand Molder,N
51-4072.00,"Molding, Coremaking, and Casting Machine Setters, Operators, and Tenders, Metal and Plastic",Core Machine Operator,N
51-4072.00,"Molding, Coremaking, and Casting Machine Setters, Operators, and Tenders, Metal and Plastic",Die Cast Technician,N
51-4072.00,"Molding, Coremaking, and Casting Machine Setters, Operators, and Tenders, Metal and Plastic",Diecast Machine Operator,N
51-4072.00,"Molding, Coremaking, and Casting Machine Setters, Operators, and Tenders, Metal and Plastic",Machine Operator,Y
51-4072.00,"Molding, Coremaking, and Casting Machine Setters, Operators, and Tenders, Metal and Plastic",Mold Setter,N
51-4072.00,"Molding, Coremaking, and Casting Machine Setters, Operators, and Tenders, Metal and Plastic",Mold Technician,N
51-4072.00,"Molding, Coremaking, and Casting Machine Setters, Operators, and Tenders, Metal and Plastic",Molder,Y
51-4072.00,"Molding, Coremaking, and Casting Machine Setters, Operators, and Tenders, Metal and Plastic",Process Technician,Y
51-4072.00,"Molding, Coremaking, and Casting Machine Setters, Operators, and Tenders, Metal and Plastic",Production Technician,Y
51-4081.00,"Multiple Machine Tool Setters, Operators, and Tenders, Metal and Plastic",Cell Technician,Y
51-4081.00,"Multiple Machine Tool Setters, Operators, and Tenders, Metal and Plastic",CNC Machine Setter (Computer Numerically Controlled Machine Setter),Y
51-4081.00,"Multiple Machine Tool Setters, Operators, and Tenders, Metal and Plastic",Fabrication Set-Up Person,N
51-4081.00,"Multiple Machine Tool Setters, Operators, and Tenders, Metal and Plastic",Injection Molding Technician,N
51-4081.00,"Multiple Machine Tool Setters, Operators, and Tenders, Metal and Plastic",Machine Operator,Y
51-4081.00,"Multiple Machine Tool Setters, Operators, and Tenders, Metal and Plastic",Machine Technician,Y
51-4081.00,"Multiple Machine Tool Setters, Operators, and Tenders, Metal and Plastic",Mold Setter,N
51-4081.00,"Multiple Machine Tool Setters, Operators, and Tenders, Metal and Plastic",Production Operator,N
51-4081.00,"Multiple Machine Tool Setters, Operators, and Tenders, Metal and Plastic",Shear Operator,N
51-4081.00,"Multiple Machine Tool Setters, Operators, and Tenders, Metal and Plastic",Tooling Set-Up Person,N
51-4111.00,Tool and Die Makers,Die Machinist,N
51-4111.00,Tool and Die Makers,Die Repair Laborer,N
51-4111.00,Tool and Die Makers,Die Repair Technician (Die Repair Tech),N
51-4111.00,Tool and Die Makers,Jig and Fixture Repairer,N
51-4111.00,Tool and Die Makers,Tool and Die Machinist,Y
51-4111.00,Tool and Die Makers,Tool and Die Maker,Y
51-4111.00,Tool and Die Makers,Tool and Fixture Specialist,Y
51-4111.00,Tool and Die Makers,Tool Maker,Y
51-4111.00,Tool and Die Makers,Tool Repairer,N
51-4111.00,Tool and Die Makers,Trim Die Maker,N
51-4121.00,"Welders, Cutters, Solderers, and Brazers",Assembly Line Brazer,N
51-4121.00,"Welders, Cutters, Solderers, and Brazers",Brazer,Y
51-4121.00,"Welders, Cutters, Solderers, and Brazers",Fabrication Welder,N
51-4121.00,"Welders, Cutters, Solderers, and Brazers",Maintenance Welder,N
51-4121.00,"Welders, Cutters, Solderers, and Brazers",MIG Welder (Metal Inert Gas Welder),N
51-4121.00,"Welders, Cutters, Solderers, and Brazers",Solderer,Y
51-4121.00,"Welders, Cutters, Solderers, and Brazers",TIG Welder (Tungsten Inert Gas Welder),N
51-4121.00,"Welders, Cutters, Solderers, and Brazers",Welder,Y
51-4121.00,"Welders, Cutters, Solderers, and Brazers",Welder Fitter,N
51-4121.00,"Welders, Cutters, Solderers, and Brazers",Wirer,Y
51-4122.00,"Welding, Soldering, and Brazing Machine Setters, Operators, and Tenders",Braze Operator,N
51-4122.00,"Welding, Soldering, and Brazing Machine Setters, Operators, and Tenders",Certified Welder,N
51-4122.00,"Welding, Soldering, and Brazing Machine Setters, Operators, and Tenders",Fabricator,Y
51-4122.00,"Welding, Soldering, and Brazing Machine Setters, Operators, and Tenders",Finishing Technician (Finishing Tech),N
51-4122.00,"Welding, Soldering, and Brazing Machine Setters, Operators, and Tenders",Laser Operator,N
51-4122.00,"Welding, Soldering, and Brazing Machine Setters, Operators, and Tenders",Machine Operator,Y
51-4122.00,"Welding, Soldering, and Brazing Machine Setters, Operators, and Tenders",Mig Welder,Y
51-4122.00,"Welding, Soldering, and Brazing Machine Setters, Operators, and Tenders",Spot Welder,Y
51-4122.00,"Welding, Soldering, and Brazing Machine Setters, Operators, and Tenders",Weld Technician (Weld Tech),N
51-4122.00,"Welding, Soldering, and Brazing Machine Setters, Operators, and Tenders",Welding Operator,N
51-4191.00,"Heat Treating Equipment Setters, Operators, and Tenders, Metal and Plastic",Batch Heat Treat Operator,N
51-4191.00,"Heat Treating Equipment Setters, Operators, and Tenders, Metal and Plastic",Burner,N
51-4191.00,"Heat Treating Equipment Setters, Operators, and Tenders, Metal and Plastic",Coating Line Worker,N
51-4191.00,"Heat Treating Equipment Setters, Operators, and Tenders, Metal and Plastic",Furnace Operator,Y
51-4191.00,"Heat Treating Equipment Setters, Operators, and Tenders, Metal and Plastic",Heat Treat Furnace Operator,N
51-4191.00,"Heat Treating Equipment Setters, Operators, and Tenders, Metal and Plastic",Heat Treat Operator,Y
51-4191.00,"Heat Treating Equipment Setters, Operators, and Tenders, Metal and Plastic",Heat Treat Technician,Y
51-4191.00,"Heat Treating Equipment Setters, Operators, and Tenders, Metal and Plastic",Heat Treater,Y
51-4191.00,"Heat Treating Equipment Setters, Operators, and Tenders, Metal and Plastic",Scarf and Anneal Operator,N
51-4192.00,"Layout Workers, Metal and Plastic",Development Mechanic,N
51-4192.00,"Layout Workers, Metal and Plastic",Layout Fabricator,N
51-4192.00,"Layout Workers, Metal and Plastic",Layout Fitter,N
51-4192.00,"Layout Workers, Metal and Plastic",Layout Inspector,Y
51-4192.00,"Layout Workers, Metal and Plastic",Layout Man,Y
51-4192.00,"Layout Workers, Metal and Plastic",Layout Mechanic,N
51-4192.00,"Layout Workers, Metal and Plastic",Layout Technician (Layout Tech),Y
51-4192.00,"Layout Workers, Metal and Plastic",Layout Worker,Y
51-4193.00,"Plating Machine Setters, Operators, and Tenders, Metal and Plastic",Anodizer,Y
51-4193.00,"Plating Machine Setters, Operators, and Tenders, Metal and Plastic",Anodizing Line Operator,N
51-4193.00,"Plating Machine Setters, Operators, and Tenders, Metal and Plastic",Chrome Plater,Y
51-4193.00,"Plating Machine Setters, Operators, and Tenders, Metal and Plastic",Coater Associate,N
51-4193.00,"Plating Machine Setters, Operators, and Tenders, Metal and Plastic",Coater Operator,N
51-4193.00,"Plating Machine Setters, Operators, and Tenders, Metal and Plastic",Electro Plater,Y
51-4193.00,"Plating Machine Setters, Operators, and Tenders, Metal and Plastic",Galvanizer,N
51-4193.00,"Plating Machine Setters, Operators, and Tenders, Metal and Plastic",Line Operator,N
51-4193.00,"Plating Machine Setters, Operators, and Tenders, Metal and Plastic",Machine Operator,N
51-4193.00,"Plating Machine Setters, Operators, and Tenders, Metal and Plastic",Plater,Y
51-4194.00,"Tool Grinders, Filers, and Sharpeners",Crankshaft Grinder,N
51-4194.00,"Tool Grinders, Filers, and Sharpeners",Cutter Grind Tool Technician (Cutter Grind Tool Tech),N
51-4194.00,"Tool Grinders, Filers, and Sharpeners",Cutter Grinder,N
51-4194.00,"Tool Grinders, Filers, and Sharpeners",Grinder,Y
51-4194.00,"Tool Grinders, Filers, and Sharpeners",Grinder Operator,Y
51-4194.00,"Tool Grinders, Filers, and Sharpeners",OD Grinder Operator (Outer Diameter Grinder Operator),N
51-4194.00,"Tool Grinders, Filers, and Sharpeners",Polisher,N
51-4194.00,"Tool Grinders, Filers, and Sharpeners",Saw Filer,Y
51-4194.00,"Tool Grinders, Filers, and Sharpeners",Tool and Cutter Grinder,N
51-4194.00,"Tool Grinders, Filers, and Sharpeners",Tool Grinder,Y
51-5111.00,Prepress Technicians and Workers,Desktop Operator,N
51-5111.00,Prepress Technicians and Workers,Electronic Prepress Operator (EPP Operator),Y
51-5111.00,Prepress Technicians and Workers,Electronic Prepress Technician (EPP Tech),N
51-5111.00,Prepress Technicians and Workers,Plate Maker,Y
51-5111.00,Prepress Technicians and Workers,Plate Mounter,N
51-5111.00,Prepress Technicians and Workers,Pre-Press Proofer,N
51-5111.00,Prepress Technicians and Workers,Prepress Operator,Y
51-5111.00,Prepress Technicians and Workers,Prepress Specialist,N
51-5111.00,Prepress Technicians and Workers,Prepress Stripper,N
51-5111.00,Prepress Technicians and Workers,Prepress Technician,Y
51-5112.00,Printing Press Operators,Digital Press Operator,N
51-5112.00,Printing Press Operators,Flexographic Press Operator,N
51-5112.00,Printing Press Operators,Offset Press Operator,N
51-5112.00,Printing Press Operators,Offset Pressman,N
51-5112.00,Printing Press Operators,Press Operator,Y
51-5112.00,Printing Press Operators,Pressman,Y
51-5112.00,Printing Press Operators,Printer,Y
51-5112.00,Printing Press Operators,Printing Press Operator,Y
51-5112.00,Printing Press Operators,Printing Pressman,N
51-5112.00,Printing Press Operators,Web Press Operator,N
51-5113.00,Print Binding and Finishing Workers,Binder Operator,Y
51-5113.00,Print Binding and Finishing Workers,Bindery Operator,Y
51-5113.00,Print Binding and Finishing Workers,Bindery Technician,N
51-5113.00,Print Binding and Finishing Workers,Bindery Worker,Y
51-5113.00,Print Binding and Finishing Workers,Book Binder,Y
51-5113.00,Print Binding and Finishing Workers,Custom Bookbinder,N
51-5113.00,Print Binding and Finishing Workers,Perfect Binder Operator,N
51-6011.00,Laundry and Dry-Cleaning Workers,Dry Cleaner,Y
51-6011.00,Laundry and Dry-Cleaning Workers,Industrial Laundry Attendant,N
51-6011.00,Laundry and Dry-Cleaning Workers,Laundry Aide,Y
51-6011.00,Laundry and Dry-Cleaning Workers,Laundry Assistant,N
51-6011.00,Laundry and Dry-Cleaning Workers,Laundry Attendant,Y
51-6011.00,Laundry and Dry-Cleaning Workers,Laundry Housekeeper,N
51-6011.00,Laundry and Dry-Cleaning Workers,Laundry Technician (Laundry Tech),N
51-6011.00,Laundry and Dry-Cleaning Workers,Laundry Worker,Y
51-6011.00,Laundry and Dry-Cleaning Workers,Personal Clothing Laundry Aide,N
51-6011.00,Laundry and Dry-Cleaning Workers,Spotter,N
51-6021.00,"Pressers, Textile, Garment, and Related Materials",Boarder,N
51-6021.00,"Pressers, Textile, Garment, and Related Materials",Dry Cleaner Presser,N
51-6021.00,"Pressers, Textile, Garment, and Related Materials",Garment Presser,N
51-6021.00,"Pressers, Textile, Garment, and Related Materials",Ironing Machine Operator,N
51-6021.00,"Pressers, Textile, Garment, and Related Materials",Ironing Worker,Y
51-6021.00,"Pressers, Textile, Garment, and Related Materials",Pants Presser,Y
51-6021.00,"Pressers, Textile, Garment, and Related Materials",Presser,Y
51-6021.00,"Pressers, Textile, Garment, and Related Materials",Pressing Machine Operator,N
51-6021.00,"Pressers, Textile, Garment, and Related Materials",Shirt Presser,Y
51-6021.00,"Pressers, Textile, Garment, and Related Materials",Silk Presser,N
51-6031.00,Sewing Machine Operators,Line Closer,N
51-6031.00,Sewing Machine Operators,Machine Operator,N
51-6031.00,Sewing Machine Operators,Prototype Sewer,N
51-6031.00,Sewing Machine Operators,Sample Maker,Y
51-6031.00,Sewing Machine Operators,Seamer,N
51-6031.00,Sewing Machine Operators,Seamstress,Y
51-6031.00,Sewing Machine Operators,Sew On Operator,N
51-6031.00,Sewing Machine Operators,Sewer,Y
51-6031.00,Sewing Machine Operators,Sewing Machine Operator,Y
51-6031.00,Sewing Machine Operators,Zipper Machine Operator,N
51-6041.00,Shoe and Leather Workers and Repairers,Boot Maker,Y
51-6041.00,Shoe and Leather Workers and Repairers,Cobbler,Y
51-6041.00,Shoe and Leather Workers and Repairers,Leather Worker,N
51-6041.00,Shoe and Leather Workers and Repairers,Saddle and Harness Maker,N
51-6041.00,Shoe and Leather Workers and Repairers,Shoe Cutter,N
51-6041.00,Shoe and Leather Workers and Repairers,Shoe Maker,Y
51-6041.00,Shoe and Leather Workers and Repairers,Shoe Repairer,Y
51-6041.00,Shoe and Leather Workers and Repairers,Shoe Repairman,N
51-6041.00,Shoe and Leather Workers and Repairers,Stitcher,N
51-6042.00,Shoe Machine Operators and Tenders,Boot Maker,Y
51-6042.00,Shoe Machine Operators and Tenders,Cobbler,N
51-6042.00,Shoe Machine Operators and Tenders,Inseamer,Y
51-6042.00,Shoe Machine Operators and Tenders,Insole Department Worker,N
51-6042.00,Shoe Machine Operators and Tenders,Shoe Cementer,N
51-6042.00,Shoe Machine Operators and Tenders,Shoe Maker,N
51-6042.00,Shoe Machine Operators and Tenders,Side Laster,Y
51-6042.00,Shoe Machine Operators and Tenders,Stitcher,Y
51-6042.00,Shoe Machine Operators and Tenders,Toe Trimmer,N
51-6051.00,"Sewers, Hand",Alteration Specialist,Y
51-6051.00,"Sewers, Hand",Couturier,Y
51-6051.00,"Sewers, Hand",Custom Clothier,Y
51-6051.00,"Sewers, Hand",Custom Designer,N
51-6051.00,"Sewers, Hand",Custom Seamstress,N
51-6051.00,"Sewers, Hand",Seamstress,Y
51-6051.00,"Sewers, Hand",Stitcher,N
51-6052.00,"Tailors, Dressmakers, and Custom Sewers",Alterations Expert,N
51-6052.00,"Tailors, Dressmakers, and Custom Sewers",Alterations Sewer,Y
51-6052.00,"Tailors, Dressmakers, and Custom Sewers",Bridal Designer,N
51-6052.00,"Tailors, Dressmakers, and Custom Sewers",Clothing Pattern Designer,N
51-6052.00,"Tailors, Dressmakers, and Custom Sewers",Custom Dressmaker,N
51-6052.00,"Tailors, Dressmakers, and Custom Sewers",Custom Sewer,N
51-6052.00,"Tailors, Dressmakers, and Custom Sewers",Custom Tailor,N
51-6052.00,"Tailors, Dressmakers, and Custom Sewers",Dressmaker,Y
51-6052.00,"Tailors, Dressmakers, and Custom Sewers",Seamstress,Y
51-6052.00,"Tailors, Dressmakers, and Custom Sewers",Tailor,Y
51-6061.00,Textile Bleaching and Dyeing Machine Operators and Tenders,Beck Operator,N
51-6061.00,Textile Bleaching and Dyeing Machine Operators and Tenders,Dye House Worker,N
51-6061.00,Textile Bleaching and Dyeing Machine Operators and Tenders,Dye Line Operator,N
51-6061.00,Textile Bleaching and Dyeing Machine Operators and Tenders,Dye Machine Operator,Y
51-6061.00,Textile Bleaching and Dyeing Machine Operators and Tenders,Dye Operator,Y
51-6061.00,Textile Bleaching and Dyeing Machine Operators and Tenders,Dye Tub Operator,N
51-6061.00,Textile Bleaching and Dyeing Machine Operators and Tenders,Dyer,Y
51-6061.00,Textile Bleaching and Dyeing Machine Operators and Tenders,Jet Dyeing Machine Operator,N
51-6061.00,Textile Bleaching and Dyeing Machine Operators and Tenders,Machine Operator (Machine Op),Y
51-6061.00,Textile Bleaching and Dyeing Machine Operators and Tenders,Tub Operator,N
51-6062.00,"Textile Cutting Machine Setters, Operators, and Tenders",Automated Cutting Machine Operator,N
51-6062.00,"Textile Cutting Machine Setters, Operators, and Tenders",CNC Cutting Operator (Computer Numerical Control Cutting Operator),N
51-6062.00,"Textile Cutting Machine Setters, Operators, and Tenders",Cutter,Y
51-6062.00,"Textile Cutting Machine Setters, Operators, and Tenders",Cutter Operator,Y
51-6062.00,"Textile Cutting Machine Setters, Operators, and Tenders",Die Cut Operator,N
51-6062.00,"Textile Cutting Machine Setters, Operators, and Tenders",Fabric Cutter,Y
51-6062.00,"Textile Cutting Machine Setters, Operators, and Tenders",Laser Operator,N
51-6062.00,"Textile Cutting Machine Setters, Operators, and Tenders",Spread Cutter,N
51-6062.00,"Textile Cutting Machine Setters, Operators, and Tenders",Spreader,Y
51-6062.00,"Textile Cutting Machine Setters, Operators, and Tenders",Textile Slitting Machine Operator,N
51-6063.00,"Textile Knitting and Weaving Machine Setters, Operators, and Tenders",Knitter,Y
51-6063.00,"Textile Knitting and Weaving Machine Setters, Operators, and Tenders",Knitting Machine Operator,N
51-6063.00,"Textile Knitting and Weaving Machine Setters, Operators, and Tenders",Loom Fixer,N
51-6063.00,"Textile Knitting and Weaving Machine Setters, Operators, and Tenders",Machine Operator,Y
51-6063.00,"Textile Knitting and Weaving Machine Setters, Operators, and Tenders",Operator,N
51-6063.00,"Textile Knitting and Weaving Machine Setters, Operators, and Tenders",Tufting Machine Operator,N
51-6063.00,"Textile Knitting and Weaving Machine Setters, Operators, and Tenders",Tufting Operator,Y
51-6063.00,"Textile Knitting and Weaving Machine Setters, Operators, and Tenders",Warp Knit Operator,N
51-6063.00,"Textile Knitting and Weaving Machine Setters, Operators, and Tenders",Weaver,Y
51-6063.00,"Textile Knitting and Weaving Machine Setters, Operators, and Tenders",Winder Operator,N
51-6064.00,"Textile Winding, Twisting, and Drawing Out Machine Setters, Operators, and Tenders",Back Winder,N
51-6064.00,"Textile Winding, Twisting, and Drawing Out Machine Setters, Operators, and Tenders",Cable Operator,N
51-6064.00,"Textile Winding, Twisting, and Drawing Out Machine Setters, Operators, and Tenders",Computer Integrated Manufacturing Operator (CIM Operator),N
51-6064.00,"Textile Winding, Twisting, and Drawing Out Machine Setters, Operators, and Tenders",Drawing Operator,N
51-6064.00,"Textile Winding, Twisting, and Drawing Out Machine Setters, Operators, and Tenders",Line Operator,N
51-6064.00,"Textile Winding, Twisting, and Drawing Out Machine Setters, Operators, and Tenders",Spinner,Y
51-6064.00,"Textile Winding, Twisting, and Drawing Out Machine Setters, Operators, and Tenders",Spinning Operator,N
51-6064.00,"Textile Winding, Twisting, and Drawing Out Machine Setters, Operators, and Tenders",Twister Operator,Y
51-6064.00,"Textile Winding, Twisting, and Drawing Out Machine Setters, Operators, and Tenders",Winder Operator,Y
51-6064.00,"Textile Winding, Twisting, and Drawing Out Machine Setters, Operators, and Tenders",Winder Tender,Y
51-6091.00,"Extruding and Forming Machine Setters, Operators, and Tenders, Synthetic and Glass Fibers",Extruder,N
51-6091.00,"Extruding and Forming Machine Setters, Operators, and Tenders, Synthetic and Glass Fibers",Extruder Operator,Y
51-6091.00,"Extruding and Forming Machine Setters, Operators, and Tenders, Synthetic and Glass Fibers",Extrusion Line Operator,Y
51-6091.00,"Extruding and Forming Machine Setters, Operators, and Tenders, Synthetic and Glass Fibers",Extrusion Operator,Y
51-6091.00,"Extruding and Forming Machine Setters, Operators, and Tenders, Synthetic and Glass Fibers",Granulator,N
51-6091.00,"Extruding and Forming Machine Setters, Operators, and Tenders, Synthetic and Glass Fibers",Hot End Operator,N
51-6091.00,"Extruding and Forming Machine Setters, Operators, and Tenders, Synthetic and Glass Fibers",Pelletizer Operator,N
51-6091.00,"Extruding and Forming Machine Setters, Operators, and Tenders, Synthetic and Glass Fibers",Pot Tipper,N
51-6091.00,"Extruding and Forming Machine Setters, Operators, and Tenders, Synthetic and Glass Fibers",Spindraw Operator,Y
51-6091.00,"Extruding and Forming Machine Setters, Operators, and Tenders, Synthetic and Glass Fibers",Stretch Operator,N
51-6092.00,Fabric and Apparel Patternmakers,Cutter,N
51-6092.00,Fabric and Apparel Patternmakers,Designer,Y
51-6092.00,Fabric and Apparel Patternmakers,Fabric Cutter,N
51-6092.00,Fabric and Apparel Patternmakers,Pattern Designer,Y
51-6092.00,Fabric and Apparel Patternmakers,Pattern Maker,Y
51-6092.00,Fabric and Apparel Patternmakers,Pattern Technician,N
51-6092.00,Fabric and Apparel Patternmakers,Production Pattern Maker,Y
51-6092.00,Fabric and Apparel Patternmakers,Sewing Pattern Layout Technician,N
51-6092.00,Fabric and Apparel Patternmakers,Technical Designer,N
51-6093.00,Upholsterers,Box Spring Upholsterer,Y
51-6093.00,Upholsterers,Furniture Upholsterer,N
51-6093.00,Upholsterers,Inside Upholsterer,N
51-6093.00,Upholsterers,Sofa Back Upholsterer,N
51-6093.00,Upholsterers,Stapler,N
51-6093.00,Upholsterers,Trimmer,N
51-6093.00,Upholsterers,Upholstered Goods Crafter,Y
51-6093.00,Upholsterers,Upholsterer,Y
51-6093.00,Upholsterers,Upholstery Cutter,Y
51-6093.00,Upholsterers,Upholstery Trimmer,N
51-7011.00,Cabinetmakers and Bench Carpenters,Angled Cabinetmaker,N
51-7011.00,Cabinetmakers and Bench Carpenters,Assembler,N
51-7011.00,Cabinetmakers and Bench Carpenters,Cabinet Assembler,Y
51-7011.00,Cabinetmakers and Bench Carpenters,Cabinet Builder,Y
51-7011.00,Cabinetmakers and Bench Carpenters,Cabinet Door Maker,N
51-7011.00,Cabinetmakers and Bench Carpenters,Cabinet Installer,N
51-7011.00,Cabinetmakers and Bench Carpenters,Cabinetmaker,Y
51-7011.00,Cabinetmakers and Bench Carpenters,Double End Tenon Operator,N
51-7011.00,Cabinetmakers and Bench Carpenters,Frame Builder,Y
51-7011.00,Cabinetmakers and Bench Carpenters,Woodworker,N
51-7021.00,Furniture Finishers,Finish Repair Worker,N
51-7021.00,Furniture Finishers,Finisher,Y
51-7021.00,Furniture Finishers,Furniture Finisher,Y
51-7021.00,Furniture Finishers,Hand Sander,N
51-7021.00,Furniture Finishers,Lacquer Sprayer,Y
51-7021.00,Furniture Finishers,Sander,N
51-7021.00,Furniture Finishers,Sealer Sander,N
51-7021.00,Furniture Finishers,Sprayer,Y
51-7021.00,Furniture Finishers,Stain Sprayer,N
51-7021.00,Furniture Finishers,Stain Wiper,N
51-7031.00,"Model Makers, Wood",Builder,N
51-7031.00,"Model Makers, Wood",Craftsman,Y
51-7031.00,"Model Makers, Wood",Jig Maker,N
51-7031.00,"Model Makers, Wood",Model Builder,N
51-7031.00,"Model Makers, Wood",Model Maker,Y
51-7031.00,"Model Makers, Wood",Product Development Carpenter,N
51-7031.00,"Model Makers, Wood",Sample Builder,Y
51-7031.00,"Model Makers, Wood",Sample Maker,Y
51-7031.00,"Model Makers, Wood",Sample Worker,N
51-7031.00,"Model Makers, Wood",Wood Carver,N
51-7032.00,"Patternmakers, Wood",Mold Maker,Y
51-7032.00,"Patternmakers, Wood",Pattern Engineer,N
51-7032.00,"Patternmakers, Wood",Pattern Maker,Y
51-7032.00,"Patternmakers, Wood",Patternmaker,Y
51-7032.00,"Patternmakers, Wood",Wood Pattern Maker,Y
51-7032.00,"Patternmakers, Wood",Wood Patternmaker,N
51-7032.00,"Patternmakers, Wood",Wood Shop Moldmaker,N
51-7032.00,"Patternmakers, Wood",Woodshop Worker,N
51-7041.00,"Sawing Machine Setters, Operators, and Tenders, Wood",Bandmill Operator,N
51-7041.00,"Sawing Machine Setters, Operators, and Tenders, Wood",Cut Off Saw Operator,N
51-7041.00,"Sawing Machine Setters, Operators, and Tenders, Wood",Edgerman,N
51-7041.00,"Sawing Machine Setters, Operators, and Tenders, Wood",Knot Saw Operator,N
51-7041.00,"Sawing Machine Setters, Operators, and Tenders, Wood",Panel Saw Operator,N
51-7041.00,"Sawing Machine Setters, Operators, and Tenders, Wood",Planer,N
51-7041.00,"Sawing Machine Setters, Operators, and Tenders, Wood",Resaw Operator,Y
51-7041.00,"Sawing Machine Setters, Operators, and Tenders, Wood",Rip Saw Operator,Y
51-7041.00,"Sawing Machine Setters, Operators, and Tenders, Wood",Saw Operator,Y
51-7041.00,"Sawing Machine Setters, Operators, and Tenders, Wood",Sawyer,Y
51-7042.00,"Woodworking Machine Setters, Operators, and Tenders, Except Sawing",Boring Machine Operator,N
51-7042.00,"Woodworking Machine Setters, Operators, and Tenders, Except Sawing",Cabinet Maker,Y
51-7042.00,"Woodworking Machine Setters, Operators, and Tenders, Except Sawing",Knot Saw Operator,N
51-7042.00,"Woodworking Machine Setters, Operators, and Tenders, Except Sawing",Lathe Operator,N
51-7042.00,"Woodworking Machine Setters, Operators, and Tenders, Except Sawing",Machine Operator,Y
51-7042.00,"Woodworking Machine Setters, Operators, and Tenders, Except Sawing",Molder Operator,N
51-7042.00,"Woodworking Machine Setters, Operators, and Tenders, Except Sawing",Router Operator,N
51-7042.00,"Woodworking Machine Setters, Operators, and Tenders, Except Sawing",Sander,Y
51-7042.00,"Woodworking Machine Setters, Operators, and Tenders, Except Sawing",Sander Operator,Y
51-8011.00,Nuclear Power Reactor Operators,Licensed Reactor Operator,N
51-8011.00,Nuclear Power Reactor Operators,Nuclear Control Operator,Y
51-8011.00,Nuclear Power Reactor Operators,Nuclear Control Room Operator,N
51-8011.00,Nuclear Power Reactor Operators,Nuclear Plant Operator (NPO),N
51-8011.00,Nuclear Power Reactor Operators,Nuclear Power Reactor Operator,N
51-8011.00,Nuclear Power Reactor Operators,Nuclear Reactor Operator,Y
51-8011.00,Nuclear Power Reactor Operators,Nuclear Station Operator (NSO),Y
51-8011.00,Nuclear Power Reactor Operators,Nuclear Supervising Operator (NSO),N
51-8011.00,Nuclear Power Reactor Operators,Nuclear Unit Operator,N
51-8011.00,Nuclear Power Reactor Operators,Reactor Operator (RO),Y
51-8012.00,Power Distributors and Dispatchers,Control Area Operator,N
51-8012.00,Power Distributors and Dispatchers,Control Operator,N
51-8012.00,Power Distributors and Dispatchers,Dispatcher,N
51-8012.00,Power Distributors and Dispatchers,Distribution System Dispatcher (DSD),N
51-8012.00,Power Distributors and Dispatchers,DSO (Distribution System Operator),N
51-8012.00,Power Distributors and Dispatchers,Electric System Operator,N
51-8012.00,Power Distributors and Dispatchers,Power System Dispatcher,Y
51-8012.00,Power Distributors and Dispatchers,Power System Operator,Y
51-8012.00,Power Distributors and Dispatchers,Systems Operator,Y
51-8012.00,Power Distributors and Dispatchers,Transmission System Operator (TSO),Y
51-8013.00,Power Plant Operators,Auxiliary Operator,Y
51-8013.00,Power Plant Operators,Control Operator,N
51-8013.00,Power Plant Operators,Control Room Operator,Y
51-8013.00,Power Plant Operators,Multicraft Operator (MCO),N
51-8013.00,Power Plant Operators,Operations and Maintenance Technician (O and M Tech),Y
51-8013.00,Power Plant Operators,Plant Control Operator,N
51-8013.00,Power Plant Operators,Plant Operator,N
51-8013.00,Power Plant Operators,Power Plant Operator,Y
51-8013.00,Power Plant Operators,Station Operator,N
51-8013.00,Power Plant Operators,Unit Operator,N
51-8013.03,Biomass Plant Technicians,Auxiliary Operator,Y
51-8013.03,Biomass Plant Technicians,Central Heating Plant Operator,N
51-8013.03,Biomass Plant Technicians,Fuel Handler,Y
51-8013.03,Biomass Plant Technicians,Fuel Quality Technician (Fuel Quality Tech),N
51-8013.03,Biomass Plant Technicians,Heating Plant Operator,N
51-8013.03,Biomass Plant Technicians,Operations Technician (Operations Tech),Y
51-8013.03,Biomass Plant Technicians,Plant Operator,Y
51-8013.03,Biomass Plant Technicians,Plant Technician,N
51-8013.03,Biomass Plant Technicians,Steam Plant Operator,N
51-8013.04,Hydroelectric Plant Technicians,Hydro Plant Technician (Hydro Plant Tech),N
51-8013.04,Hydroelectric Plant Technicians,Hydro Technician (Hydro Tech),Y
51-8013.04,Hydroelectric Plant Technicians,Hydroelectric Mechanic,Y
51-8013.04,Hydroelectric Plant Technicians,Hydroelectric Operations and Maintenance Technician (Hydro O and M Technician),N
51-8013.04,Hydroelectric Plant Technicians,Hydroelectric Operator,N
51-8013.04,Hydroelectric Plant Technicians,Hydroelectric Plant Mechanic,N
51-8013.04,Hydroelectric Plant Technicians,Operations and Maintenance Technician (O and M Technician),Y
51-8013.04,Hydroelectric Plant Technicians,Plant Mechanic,N
51-8013.04,Hydroelectric Plant Technicians,Power Plant Mechanic,Y
51-8013.04,Hydroelectric Plant Technicians,Power Plant Technician (Power Plant Tech),N
51-8021.00,Stationary Engineers and Boiler Operators,Auxiliary Operator,N
51-8021.00,Stationary Engineers and Boiler Operators,Boiler Operator,Y
51-8021.00,Stationary Engineers and Boiler Operators,Boiler Technician (Boiler Tech),N
51-8021.00,Stationary Engineers and Boiler Operators,Operating Engineer,Y
51-8021.00,Stationary Engineers and Boiler Operators,Operator,N
51-8021.00,Stationary Engineers and Boiler Operators,Plant Utilities Engineer,N
51-8021.00,Stationary Engineers and Boiler Operators,Recovery Boiler Operator,N
51-8021.00,Stationary Engineers and Boiler Operators,Stationary Engineer,Y
51-8021.00,Stationary Engineers and Boiler Operators,Stationary Steam Engineer,N
51-8021.00,Stationary Engineers and Boiler Operators,Utilities Operator,Y
51-8031.00,Water and Wastewater Treatment Plant and System Operators,Plant Operator,N
51-8031.00,Water and Wastewater Treatment Plant and System Operators,Process Operator (Process Op),N
51-8031.00,Water and Wastewater Treatment Plant and System Operators,Relief Operator,N
51-8031.00,Water and Wastewater Treatment Plant and System Operators,Waste Water Treatment Plant Operator (WWTP Operator),N
51-8031.00,Water and Wastewater Treatment Plant and System Operators,Wastewater Operator (WW Operator),Y
51-8031.00,Water and Wastewater Treatment Plant and System Operators,Wastewater Technician (Wastewater Tech),N
51-8031.00,Water and Wastewater Treatment Plant and System Operators,Water Control Dispatcher,N
51-8031.00,Water and Wastewater Treatment Plant and System Operators,Water Plant Operator,Y
51-8031.00,Water and Wastewater Treatment Plant and System Operators,Water Treatment Operator,Y
51-8031.00,Water and Wastewater Treatment Plant and System Operators,Water Treatment Plant Operator,Y
51-8091.00,Chemical Plant and System Operators,Chemical Operator,Y
51-8091.00,Chemical Plant and System Operators,Chemical Plant Operations Technician (Chemical Plan Operations Tech),N
51-8091.00,Chemical Plant and System Operators,Chemical Plant Production Operator,N
51-8091.00,Chemical Plant and System Operators,Chemical Process Control Operator,N
51-8091.00,Chemical Plant and System Operators,Plant Technician (Plant Tech),Y
51-8091.00,Chemical Plant and System Operators,Process Control Operator,N
51-8091.00,Chemical Plant and System Operators,Process Development Associate,N
51-8091.00,Chemical Plant and System Operators,Process Operator,Y
51-8091.00,Chemical Plant and System Operators,Process Technician (Process Tech),Y
51-8091.00,Chemical Plant and System Operators,Production Technician (Production Tech),N
51-8092.00,Gas Plant Operators,Compressor Technician (Compressor Tech),N
51-8092.00,Gas Plant Operators,Engine Room Operator,N
51-8092.00,Gas Plant Operators,Gas Controller,Y
51-8092.00,Gas Plant Operators,Gas Dispatcher,Y
51-8092.00,Gas Plant Operators,Gas Plant Operator,Y
51-8092.00,Gas Plant Operators,Gas Resource Control Operator,N
51-8092.00,Gas Plant Operators,Gas System Operator,N
51-8092.00,Gas Plant Operators,Liquefied Natural Gas Technician (LNG Technician),N
51-8092.00,Gas Plant Operators,Liquid Natural Gas Plant Operator (LNG Plant Operator),N
51-8092.00,Gas Plant Operators,Plant Operator,Y
51-8093.00,"Petroleum Pump System Operators, Refinery Operators, and Gaugers",Board Operator,N
51-8093.00,"Petroleum Pump System Operators, Refinery Operators, and Gaugers",Crude Unit Operator,N
51-8093.00,"Petroleum Pump System Operators, Refinery Operators, and Gaugers",Gauger,Y
51-8093.00,"Petroleum Pump System Operators, Refinery Operators, and Gaugers",Hydrotreater Operator,N
51-8093.00,"Petroleum Pump System Operators, Refinery Operators, and Gaugers",Operator,Y
51-8093.00,"Petroleum Pump System Operators, Refinery Operators, and Gaugers",Outside Operator,N
51-8093.00,"Petroleum Pump System Operators, Refinery Operators, and Gaugers",Pumper,Y
51-8093.00,"Petroleum Pump System Operators, Refinery Operators, and Gaugers",Refinery Operator,Y
51-8093.00,"Petroleum Pump System Operators, Refinery Operators, and Gaugers",Stillman,N
51-8093.00,"Petroleum Pump System Operators, Refinery Operators, and Gaugers",Unit Operator,N
51-8099.01,Biofuels Processing Technicians,Biofuels Processing Technician,Y
51-8099.01,Biofuels Processing Technicians,Board Operator,N
51-8099.01,Biofuels Processing Technicians,Chemical Operator,N
51-8099.01,Biofuels Processing Technicians,Ethanol Operator,Y
51-8099.01,Biofuels Processing Technicians,Mash Preparatory Operator,N
51-8099.01,Biofuels Processing Technicians,Process Operator,Y
51-8099.01,Biofuels Processing Technicians,Process Technician,N
51-8099.01,Biofuels Processing Technicians,Production Operator,Y
51-9011.00,Chemical Equipment Operators and Tenders,Chemical Operator (Chemical Tech),Y
51-9011.00,Chemical Equipment Operators and Tenders,Chemical Process Operator,N
51-9011.00,Chemical Equipment Operators and Tenders,Chemical Reactor Operator,N
51-9011.00,Chemical Equipment Operators and Tenders,Chlorination Operator,Y
51-9011.00,Chemical Equipment Operators and Tenders,Multiskill Operator,Y
51-9011.00,Chemical Equipment Operators and Tenders,Outside Operator,Y
51-9011.00,Chemical Equipment Operators and Tenders,Process Equipment Operator,N
51-9011.00,Chemical Equipment Operators and Tenders,Process Operator,N
51-9011.00,Chemical Equipment Operators and Tenders,Spray Dry Operator,N
51-9012.00,"Separating, Filtering, Clarifying, Precipitating, and Still Machine Setters, Operators, and Tenders",Blender,Y
51-9012.00,"Separating, Filtering, Clarifying, Precipitating, and Still Machine Setters, Operators, and Tenders",Brewer,N
51-9012.00,"Separating, Filtering, Clarifying, Precipitating, and Still Machine Setters, Operators, and Tenders",Cellar Worker,Y
51-9012.00,"Separating, Filtering, Clarifying, Precipitating, and Still Machine Setters, Operators, and Tenders",Digester Cook,N
51-9012.00,"Separating, Filtering, Clarifying, Precipitating, and Still Machine Setters, Operators, and Tenders",Machine Tender,Y
51-9012.00,"Separating, Filtering, Clarifying, Precipitating, and Still Machine Setters, Operators, and Tenders",Paper Machine Tender,N
51-9012.00,"Separating, Filtering, Clarifying, Precipitating, and Still Machine Setters, Operators, and Tenders",Pasteurizer,Y
51-9012.00,"Separating, Filtering, Clarifying, Precipitating, and Still Machine Setters, Operators, and Tenders",Plant Operator,N
51-9012.00,"Separating, Filtering, Clarifying, Precipitating, and Still Machine Setters, Operators, and Tenders",Pulper Operator,N
51-9012.00,"Separating, Filtering, Clarifying, Precipitating, and Still Machine Setters, Operators, and Tenders",Winemaker,N
51-9021.00,"Crushing, Grinding, and Polishing Machine Setters, Operators, and Tenders",Beveler Operator,N
51-9021.00,"Crushing, Grinding, and Polishing Machine Setters, Operators, and Tenders",Cullet Trucker,N
51-9021.00,"Crushing, Grinding, and Polishing Machine Setters, Operators, and Tenders",Grinder,Y
51-9021.00,"Crushing, Grinding, and Polishing Machine Setters, Operators, and Tenders",Grinder Operator,N
51-9021.00,"Crushing, Grinding, and Polishing Machine Setters, Operators, and Tenders",Machine Operator,Y
51-9021.00,"Crushing, Grinding, and Polishing Machine Setters, Operators, and Tenders",Machine Tender,N
51-9021.00,"Crushing, Grinding, and Polishing Machine Setters, Operators, and Tenders",Miller,Y
51-9021.00,"Crushing, Grinding, and Polishing Machine Setters, Operators, and Tenders",Polisher,N
51-9021.00,"Crushing, Grinding, and Polishing Machine Setters, Operators, and Tenders",Preparation Operator (Prep Operator),Y
51-9021.00,"Crushing, Grinding, and Polishing Machine Setters, Operators, and Tenders",Pulverizer,N
51-9022.00,"Grinding and Polishing Workers, Hand",Buffer,N
51-9022.00,"Grinding and Polishing Workers, Hand",Casting Finisher,N
51-9022.00,"Grinding and Polishing Workers, Hand",Chipper,Y
51-9022.00,"Grinding and Polishing Workers, Hand",Finisher,Y
51-9022.00,"Grinding and Polishing Workers, Hand",Grinder,Y
51-9022.00,"Grinding and Polishing Workers, Hand",Jewelry Polisher,N
51-9022.00,"Grinding and Polishing Workers, Hand",Knife Grinder,N
51-9022.00,"Grinding and Polishing Workers, Hand",Metal Finisher,N
51-9022.00,"Grinding and Polishing Workers, Hand",Polisher,Y
51-9022.00,"Grinding and Polishing Workers, Hand",Stand Grinder,N
51-9023.00,"Mixing and Blending Machine Setters, Operators, and Tenders",Batchmaker,N
51-9023.00,"Mixing and Blending Machine Setters, Operators, and Tenders",Blender,Y
51-9023.00,"Mixing and Blending Machine Setters, Operators, and Tenders",Blending Technician (Blending Tech),N
51-9023.00,"Mixing and Blending Machine Setters, Operators, and Tenders",Ink Blender,N
51-9023.00,"Mixing and Blending Machine Setters, Operators, and Tenders",Issuing Operator,N
51-9023.00,"Mixing and Blending Machine Setters, Operators, and Tenders",Machine Operator,Y
51-9023.00,"Mixing and Blending Machine Setters, Operators, and Tenders",Mixer,Y
51-9023.00,"Mixing and Blending Machine Setters, Operators, and Tenders",Mixer Operator,Y
51-9023.00,"Mixing and Blending Machine Setters, Operators, and Tenders",Operator,N
51-9023.00,"Mixing and Blending Machine Setters, Operators, and Tenders",Stock Preparation Operator (Stock Prep Operator),N
51-9031.00,"Cutters and Trimmers, Hand",Cloth Cutter,Y
51-9031.00,"Cutters and Trimmers, Hand",Denim Cutter,N
51-9031.00,"Cutters and Trimmers, Hand",Fabric Cutter,N
51-9031.00,"Cutters and Trimmers, Hand",Finisher,N
51-9031.00,"Cutters and Trimmers, Hand",Glass Cutter,N
51-9031.00,"Cutters and Trimmers, Hand",Hand Cutter,N
51-9031.00,"Cutters and Trimmers, Hand",Leather Cutter,Y
51-9031.00,"Cutters and Trimmers, Hand",Offline Cutter,Y
51-9031.00,"Cutters and Trimmers, Hand",Sample Cutter,N
51-9031.00,"Cutters and Trimmers, Hand",Trimmer,Y
51-9032.00,"Cutting and Slicing Machine Setters, Operators, and Tenders",Cutter,Y
51-9032.00,"Cutting and Slicing Machine Setters, Operators, and Tenders",Cutter Operator,Y
51-9032.00,"Cutting and Slicing Machine Setters, Operators, and Tenders",Cutting Machine Operator,N
51-9032.00,"Cutting and Slicing Machine Setters, Operators, and Tenders",Die Cutter Operator,N
51-9032.00,"Cutting and Slicing Machine Setters, Operators, and Tenders",Flat Cutter,N
51-9032.00,"Cutting and Slicing Machine Setters, Operators, and Tenders",Machine Operator,Y
51-9032.00,"Cutting and Slicing Machine Setters, Operators, and Tenders",Paper Cutter,Y
51-9032.00,"Cutting and Slicing Machine Setters, Operators, and Tenders",Sheeter,N
51-9032.00,"Cutting and Slicing Machine Setters, Operators, and Tenders",Skiver Operator,N
51-9032.00,"Cutting and Slicing Machine Setters, Operators, and Tenders",Slitter,N
51-9041.00,"Extruding, Forming, Pressing, and Compacting Machine Setters, Operators, and Tenders",Extruder Operator,Y
51-9041.00,"Extruding, Forming, Pressing, and Compacting Machine Setters, Operators, and Tenders",Extrusion Operator,Y
51-9041.00,"Extruding, Forming, Pressing, and Compacting Machine Setters, Operators, and Tenders",Glass Forming Crew Member,N
51-9041.00,"Extruding, Forming, Pressing, and Compacting Machine Setters, Operators, and Tenders",Machine Operator,Y
51-9041.00,"Extruding, Forming, Pressing, and Compacting Machine Setters, Operators, and Tenders",Press Operator,Y
51-9041.00,"Extruding, Forming, Pressing, and Compacting Machine Setters, Operators, and Tenders",Tuber Operator,N
51-9051.00,"Furnace, Kiln, Oven, Drier, and Kettle Operators and Tenders",Annealing Operator,N
51-9051.00,"Furnace, Kiln, Oven, Drier, and Kettle Operators and Tenders",Dry Kiln Operator,Y
51-9051.00,"Furnace, Kiln, Oven, Drier, and Kettle Operators and Tenders",Dryer Feeder,N
51-9051.00,"Furnace, Kiln, Oven, Drier, and Kettle Operators and Tenders",Evaporator Operator,N
51-9051.00,"Furnace, Kiln, Oven, Drier, and Kettle Operators and Tenders",Furnace Operator,Y
51-9051.00,"Furnace, Kiln, Oven, Drier, and Kettle Operators and Tenders",Kiln Fireman,Y
51-9051.00,"Furnace, Kiln, Oven, Drier, and Kettle Operators and Tenders",Kiln Operator,Y
51-9051.00,"Furnace, Kiln, Oven, Drier, and Kettle Operators and Tenders",Lime Kiln and Recausticizing Operator,N
51-9051.00,"Furnace, Kiln, Oven, Drier, and Kettle Operators and Tenders",Oven Operator,N
51-9061.00,"Inspectors, Testers, Sorters, Samplers, and Weighers",Inspector,Y
51-9061.00,"Inspectors, Testers, Sorters, Samplers, and Weighers",QA Auditor (Quality Assurance Auditor),N
51-9061.00,"Inspectors, Testers, Sorters, Samplers, and Weighers",QA Inspector (Quality Assurance Inspector),N
51-9061.00,"Inspectors, Testers, Sorters, Samplers, and Weighers",QA Technician (Quality Assurance Technician),N
51-9061.00,"Inspectors, Testers, Sorters, Samplers, and Weighers",QC Technician (Quality Control Technician),N
51-9061.00,"Inspectors, Testers, Sorters, Samplers, and Weighers",Quality Auditor,N
51-9061.00,"Inspectors, Testers, Sorters, Samplers, and Weighers",Quality Control Inspector (QC Inspector),Y
51-9061.00,"Inspectors, Testers, Sorters, Samplers, and Weighers",Quality Inspector,Y
51-9061.00,"Inspectors, Testers, Sorters, Samplers, and Weighers",Quality Technician,Y
51-9061.00,"Inspectors, Testers, Sorters, Samplers, and Weighers",Test Technician,N
51-9071.00,Jewelers and Precious Stone and Metal Workers,Appraiser,N
51-9071.00,Jewelers and Precious Stone and Metal Workers,Artisan Jeweler,N
51-9071.00,Jewelers and Precious Stone and Metal Workers,Bench Jeweler,Y
51-9071.00,Jewelers and Precious Stone and Metal Workers,Caster,N
51-9071.00,Jewelers and Precious Stone and Metal Workers,Gemologist,N
51-9071.00,Jewelers and Precious Stone and Metal Workers,Goldsmith,Y
51-9071.00,Jewelers and Precious Stone and Metal Workers,Jeweler,Y
51-9071.00,Jewelers and Precious Stone and Metal Workers,Polisher,N
51-9071.00,Jewelers and Precious Stone and Metal Workers,Silversmith,Y
51-9071.00,Jewelers and Precious Stone and Metal Workers,Stone Setter,N
51-9071.06,Gem and Diamond Workers,Diamond Cutter,Y
51-9071.06,Gem and Diamond Workers,Diamond Grader,N
51-9071.06,Gem and Diamond Workers,Diamond Picker,N
51-9071.06,Gem and Diamond Workers,Diamond Polisher,N
51-9071.06,Gem and Diamond Workers,Diamond Setter,Y
51-9071.06,Gem and Diamond Workers,Facetor,N
51-9071.06,Gem and Diamond Workers,Gem Carver,N
51-9071.06,Gem and Diamond Workers,Gemologist,Y
51-9071.06,Gem and Diamond Workers,Lapidarist,Y
51-9081.00,Dental Laboratory Technicians,Ceramist,N
51-9081.00,Dental Laboratory Technicians,Crown and Bridge Dental Laboratory Technician (Crown and Bridge Dental Lab Tech),N
51-9081.00,Dental Laboratory Technicians,Dental Ceramist,Y
51-9081.00,Dental Laboratory Technicians,Dental Laboratory Technician (Dental Lab Tech),Y
51-9081.00,Dental Laboratory Technicians,Dental Technician (Dental Tech),Y
51-9081.00,Dental Laboratory Technicians,Denture Technician (Denture Tech),Y
51-9081.00,Dental Laboratory Technicians,Metal Finisher,N
51-9081.00,Dental Laboratory Technicians,Orthodontic Laboratory Technician (Ortho Lab Tech),N
51-9081.00,Dental Laboratory Technicians,Porcelain Technician (Porcelain Tech),N
51-9081.00,Dental Laboratory Technicians,Waxer,N
51-9082.00,Medical Appliance Technicians,Certified Orthotist (CO),Y
51-9082.00,Medical Appliance Technicians,Certified Pedorthotist,N
51-9082.00,Medical Appliance Technicians,Certified Prosthetist (CP),Y
51-9082.00,Medical Appliance Technicians,Hearing Aid Repair Technician (Hearing Aid Repair Tech),N
51-9082.00,Medical Appliance Technicians,Laboratory Technician (Lab Tech),N
51-9082.00,Medical Appliance Technicians,Orthopedic Technician (Orthopedic Tech),N
51-9082.00,Medical Appliance Technicians,Orthotic Technician (Orthotic Tech),Y
51-9082.00,Medical Appliance Technicians,Prosthetic Lab Tech (Prosthetic Laboratory Technician),N
51-9082.00,Medical Appliance Technicians,Prosthetic Technician (Prosthetic Tech),Y
51-9082.00,Medical Appliance Technicians,Registered Prosthetic Orthotic Technician (Registered Prosthetic Orthotic Tech),N
51-9083.00,Ophthalmic Laboratory Technicians,Edger Technician,N
51-9083.00,Ophthalmic Laboratory Technicians,Finishing Lab Technician,N
51-9083.00,Ophthalmic Laboratory Technicians,Lab Technician (Laboratory Technician),Y
51-9083.00,Ophthalmic Laboratory Technicians,Lens Grinder and Polisher,N
51-9083.00,Ophthalmic Laboratory Technicians,Line Operator,N
51-9083.00,Ophthalmic Laboratory Technicians,Optical Lab Technician (Optical Laboratory Technician),Y
51-9083.00,Ophthalmic Laboratory Technicians,Optical Technician,Y
51-9083.00,Ophthalmic Laboratory Technicians,Polisher,N
51-9083.00,Ophthalmic Laboratory Technicians,Surfacing Technician,Y
51-9111.00,Packaging and Filling Machine Operators and Tenders,Bundler,Y
51-9111.00,Packaging and Filling Machine Operators and Tenders,Closing Machine Operator,N
51-9111.00,Packaging and Filling Machine Operators and Tenders,Computer Numerical Control Machine Operator (CNC Machine Operator),N
51-9111.00,Packaging and Filling Machine Operators and Tenders,Filler Operator,Y
51-9111.00,Packaging and Filling Machine Operators and Tenders,Machine Operator,Y
51-9111.00,Packaging and Filling Machine Operators and Tenders,Packaging Operator,Y
51-9111.00,Packaging and Filling Machine Operators and Tenders,Packing Attendant,N
51-9111.00,Packaging and Filling Machine Operators and Tenders,Packing Machine Operator,N
51-9123.00,"Painting, Coating, and Decorating Workers",Decaler,N
51-9123.00,"Painting, Coating, and Decorating Workers",Decorator,Y
51-9123.00,"Painting, Coating, and Decorating Workers",Glass Decorator,N
51-9123.00,"Painting, Coating, and Decorating Workers",Glazer,Y
51-9123.00,"Painting, Coating, and Decorating Workers",In Mold Coater,N
51-9123.00,"Painting, Coating, and Decorating Workers",Painter,Y
51-9123.00,"Painting, Coating, and Decorating Workers",Pottery Decorator,Y
51-9123.00,"Painting, Coating, and Decorating Workers",Silk-Screen Operator,N
51-9123.00,"Painting, Coating, and Decorating Workers",Spray Painter,N
51-9123.00,"Painting, Coating, and Decorating Workers",Sprayer,N
51-9124.00,"Coating, Painting, and Spraying Machine Setters, Operators, and Tenders",Automotive Painter (Auto Painter),Y
51-9124.00,"Coating, Painting, and Spraying Machine Setters, Operators, and Tenders",Automotive Refinish Technician (Auto Refinish Tech),N
51-9124.00,"Coating, Painting, and Spraying Machine Setters, Operators, and Tenders",Coater Operator,Y
51-9124.00,"Coating, Painting, and Spraying Machine Setters, Operators, and Tenders",Hand Sprayer,N
51-9124.00,"Coating, Painting, and Spraying Machine Setters, Operators, and Tenders",Industrial Painter,N
51-9124.00,"Coating, Painting, and Spraying Machine Setters, Operators, and Tenders",Paint Technician (Paint Tech),Y
51-9124.00,"Coating, Painting, and Spraying Machine Setters, Operators, and Tenders",Painter,Y
51-9124.00,"Coating, Painting, and Spraying Machine Setters, Operators, and Tenders",Powder Coater,N
51-9124.00,"Coating, Painting, and Spraying Machine Setters, Operators, and Tenders",Spray Painter,N
51-9124.00,"Coating, Painting, and Spraying Machine Setters, Operators, and Tenders",Top Coater,N
51-9141.00,Semiconductor Processing Technicians,Device Processing Engineer,N
51-9141.00,Semiconductor Processing Technicians,Diffusion Operator,Y
51-9141.00,Semiconductor Processing Technicians,Manufacture Specialist,N
51-9141.00,Semiconductor Processing Technicians,Manufacturing Technician (Manufacturing Tech),Y
51-9141.00,Semiconductor Processing Technicians,Metalorganic Chemical Vapor Deposition Engineer (MOCVD Engineer),N
51-9141.00,Semiconductor Processing Technicians,Probe Operator,N
51-9141.00,Semiconductor Processing Technicians,Process Technician (Process Tech),Y
51-9141.00,Semiconductor Processing Technicians,Semiconductor Laboratory Technician (Semiconductor Lab Tech),N
51-9141.00,Semiconductor Processing Technicians,Wafer Fabrication Operator,Y
51-9141.00,Semiconductor Processing Technicians,Wafer Technician (Wafer Tech),N
51-9151.00,Photographic Process Workers and Processing Machine Operators,Digital Printer Operator,N
51-9151.00,Photographic Process Workers and Processing Machine Operators,Film Processor,N
51-9151.00,Photographic Process Workers and Processing Machine Operators,Film Technician,N
51-9151.00,Photographic Process Workers and Processing Machine Operators,Lab Technician,N
51-9151.00,Photographic Process Workers and Processing Machine Operators,Photo Lab Specialist,N
51-9151.00,Photographic Process Workers and Processing Machine Operators,Photo Lab Technician (Photographic Laboratory Technician),Y
51-9151.00,Photographic Process Workers and Processing Machine Operators,Photo Printer,Y
51-9151.00,Photographic Process Workers and Processing Machine Operators,Photo Specialist,Y
51-9151.00,Photographic Process Workers and Processing Machine Operators,Photo Technician,Y
51-9161.00,Computer Numerically Controlled Tool Operators,CNC Gear Operator (Computer Numerical Control Gear Operator),N
51-9161.00,Computer Numerically Controlled Tool Operators,CNC Lathe Operator (Computer Numerical Control Lathe Operator),N
51-9161.00,Computer Numerically Controlled Tool Operators,CNC Machine Operator (Computer Numerical Control Machine Operator),Y
51-9161.00,Computer Numerically Controlled Tool Operators,CNC Machinist (Computer Numerical Control Machinist),Y
51-9161.00,Computer Numerically Controlled Tool Operators,CNC Mill Operator (Computer Numerical Control Mill Operator),N
51-9161.00,Computer Numerically Controlled Tool Operators,CNC Operator (Computer Numerical Control Operator),Y
51-9161.00,Computer Numerically Controlled Tool Operators,CNC Set Up Operator (Computer Numerical Control Set Up Operator),N
51-9161.00,Computer Numerically Controlled Tool Operators,Machine Operator,Y
51-9161.00,Computer Numerically Controlled Tool Operators,Machine Set Up Operator,N
51-9162.00,Computer Numerically Controlled Tool Programmers,CAD Programmer (Computer-Aided Design Programmer),N
51-9162.00,Computer Numerically Controlled Tool Programmers,CAM Programmer (Computer-Aided Manufacturing Programmer),N
51-9162.00,Computer Numerically Controlled Tool Programmers,CNC Machine Operator (Computer Numerical Control Machine Operator),N
51-9162.00,Computer Numerically Controlled Tool Programmers,CNC Machinist (Computer Numerical Control Machinist),Y
51-9162.00,Computer Numerically Controlled Tool Programmers,CNC Operator (Computer Numerical Control Operator),Y
51-9162.00,Computer Numerically Controlled Tool Programmers,CNC Programmer (Computer Numerical Control Programmer),Y
51-9162.00,Computer Numerically Controlled Tool Programmers,CNC Tech (Computer Numerical Control Technician),N
51-9162.00,Computer Numerically Controlled Tool Programmers,CNC Tool Programmer (Computer Numerical Control Tool Programmer),N
51-9162.00,Computer Numerically Controlled Tool Programmers,Numerical Control Programmer (NC Programmer),N
51-9162.00,Computer Numerically Controlled Tool Programmers,Programmer,Y
51-9191.00,Adhesive Bonding Machine Operators and Tenders,Coater Operator,Y
51-9191.00,Adhesive Bonding Machine Operators and Tenders,Glue Line Operator,Y
51-9191.00,Adhesive Bonding Machine Operators and Tenders,Glue Reel Operator,N
51-9191.00,Adhesive Bonding Machine Operators and Tenders,Gluer Machine Operator,N
51-9191.00,Adhesive Bonding Machine Operators and Tenders,Gluing Pressman,N
51-9191.00,Adhesive Bonding Machine Operators and Tenders,Machine Operator,Y
51-9191.00,Adhesive Bonding Machine Operators and Tenders,Perfect Bind Machine Operator,N
51-9191.00,Adhesive Bonding Machine Operators and Tenders,Sealer Operator,N
51-9191.00,Adhesive Bonding Machine Operators and Tenders,Utility Worker,Y
51-9192.00,"Cleaning, Washing, and Metal Pickling Equipment Operators and Tenders",Anodizer,N
51-9192.00,"Cleaning, Washing, and Metal Pickling Equipment Operators and Tenders",Clean in Places Operator (CIP Operator),Y
51-9192.00,"Cleaning, Washing, and Metal Pickling Equipment Operators and Tenders",Filler Operator,N
51-9192.00,"Cleaning, Washing, and Metal Pickling Equipment Operators and Tenders",Parts Cleaner,N
51-9192.00,"Cleaning, Washing, and Metal Pickling Equipment Operators and Tenders",Sanitation Technician,Y
51-9192.00,"Cleaning, Washing, and Metal Pickling Equipment Operators and Tenders",Sanitation Worker,Y
51-9192.00,"Cleaning, Washing, and Metal Pickling Equipment Operators and Tenders",Sanitizer,Y
51-9192.00,"Cleaning, Washing, and Metal Pickling Equipment Operators and Tenders",Tub Wash Operator,N
51-9192.00,"Cleaning, Washing, and Metal Pickling Equipment Operators and Tenders",Tub Washer,N
51-9192.00,"Cleaning, Washing, and Metal Pickling Equipment Operators and Tenders",Wash Crew Person,N
51-9193.00,Cooling and Freezing Equipment Operators and Tenders,Certified Refrigeration Operator,N
51-9193.00,Cooling and Freezing Equipment Operators and Tenders,Compressor Operator,N
51-9193.00,Cooling and Freezing Equipment Operators and Tenders,Engine Room Operator,N
51-9193.00,Cooling and Freezing Equipment Operators and Tenders,Freezer Operator,Y
51-9193.00,Cooling and Freezing Equipment Operators and Tenders,Freezer Person,Y
51-9193.00,Cooling and Freezing Equipment Operators and Tenders,Ice Cream Maker,N
51-9193.00,Cooling and Freezing Equipment Operators and Tenders,Machine Operator,N
51-9193.00,Cooling and Freezing Equipment Operators and Tenders,Refrigeration Operator,Y
51-9193.00,Cooling and Freezing Equipment Operators and Tenders,Refrigeration Technician,Y
51-9194.00,Etchers and Engravers,Acid Etch Operator,N
51-9194.00,Etchers and Engravers,Award Machine Operator,N
51-9194.00,Etchers and Engravers,Chemical Engraver,Y
51-9194.00,Etchers and Engravers,Electronic Engraver,N
51-9194.00,Etchers and Engravers,Engraver,Y
51-9194.00,Etchers and Engravers,Etcher,Y
51-9194.00,Etchers and Engravers,Laser Engraver,N
51-9194.00,Etchers and Engravers,Photo Engraver,Y
51-9194.00,Etchers and Engravers,Screen Making Technician,N
51-9194.00,Etchers and Engravers,Wet Process Technician,N
51-9195.00,"Molders, Shapers, and Casters, Except Metal and Plastic",Bed Laborer,N
51-9195.00,"Molders, Shapers, and Casters, Except Metal and Plastic",Caster,Y
51-9195.00,"Molders, Shapers, and Casters, Except Metal and Plastic",Injection Molding Machine Operator,N
51-9195.00,"Molders, Shapers, and Casters, Except Metal and Plastic",Machine Operator,N
51-9195.00,"Molders, Shapers, and Casters, Except Metal and Plastic",Mold Mechanic,Y
51-9195.00,"Molders, Shapers, and Casters, Except Metal and Plastic",Molder,Y
51-9195.00,"Molders, Shapers, and Casters, Except Metal and Plastic",Molding Line Operator,Y
51-9195.00,"Molders, Shapers, and Casters, Except Metal and Plastic",Press Operator,N
51-9195.03,"Stone Cutters and Carvers, Manufacturing",Carver,Y
51-9195.03,"Stone Cutters and Carvers, Manufacturing",Cutter,N
51-9195.03,"Stone Cutters and Carvers, Manufacturing",Granite Cutter,N
51-9195.03,"Stone Cutters and Carvers, Manufacturing",Granite Stone Cutter,N
51-9195.03,"Stone Cutters and Carvers, Manufacturing",Polisher,Y
51-9195.03,"Stone Cutters and Carvers, Manufacturing",Sandblast Carver,N
51-9195.03,"Stone Cutters and Carvers, Manufacturing",Shape Carver,N
51-9195.03,"Stone Cutters and Carvers, Manufacturing",Stone Carver,Y
51-9195.03,"Stone Cutters and Carvers, Manufacturing",Stone Cutter,Y
51-9195.03,"Stone Cutters and Carvers, Manufacturing",Stone Fabricator,N
51-9195.04,"Glass Blowers, Molders, Benders, and Finishers",Bender,N
51-9195.04,"Glass Blowers, Molders, Benders, and Finishers",Gaffer,N
51-9195.04,"Glass Blowers, Molders, Benders, and Finishers",Glass Artist,Y
51-9195.04,"Glass Blowers, Molders, Benders, and Finishers",Glass Bender,Y
51-9195.04,"Glass Blowers, Molders, Benders, and Finishers",Glass Block Bender,N
51-9195.04,"Glass Blowers, Molders, Benders, and Finishers",Glass Lathe Operator,N
51-9195.04,"Glass Blowers, Molders, Benders, and Finishers",Glass Worker,N
51-9195.04,"Glass Blowers, Molders, Benders, and Finishers",Glassblower,Y
51-9195.04,"Glass Blowers, Molders, Benders, and Finishers",Neon Glass Bender,Y
51-9195.04,"Glass Blowers, Molders, Benders, and Finishers",Neon Pumper,N
51-9195.05,"Potters, Manufacturing",Clay Mixer,N
51-9195.05,"Potters, Manufacturing",Glazer,Y
51-9195.05,"Potters, Manufacturing",Jigger Artisan,N
51-9195.05,"Potters, Manufacturing",Jigger Machine Operator,N
51-9195.05,"Potters, Manufacturing",Jiggerman,Y
51-9195.05,"Potters, Manufacturing",Kiln Worker,N
51-9195.05,"Potters, Manufacturing",Potter,Y
51-9195.05,"Potters, Manufacturing",Pottery Manufacturer,N
51-9195.05,"Potters, Manufacturing",Production Potter,Y
51-9195.05,"Potters, Manufacturing",Pugmill Operator,N
51-9196.00,"Paper Goods Machine Setters, Operators, and Tenders",Corrugator Operator,N
51-9196.00,"Paper Goods Machine Setters, Operators, and Tenders",Cup Room Technician,Y
51-9196.00,"Paper Goods Machine Setters, Operators, and Tenders",Folder Machine Operator,Y
51-9196.00,"Paper Goods Machine Setters, Operators, and Tenders",Gluer Operator,N
51-9196.00,"Paper Goods Machine Setters, Operators, and Tenders",Paper Cutter Operator,N
51-9196.00,"Paper Goods Machine Setters, Operators, and Tenders",Paper Machine Backtender,Y
51-9196.00,"Paper Goods Machine Setters, Operators, and Tenders",Paper Machine Operator,Y
51-9196.00,"Paper Goods Machine Setters, Operators, and Tenders",Stitching Machine Operator,N
51-9197.00,Tire Builders,Buffer,N
51-9197.00,Tire Builders,Recapper,N
51-9197.00,Tire Builders,Retread Associate,N
51-9197.00,Tire Builders,Retread Technician,Y
51-9197.00,Tire Builders,Retreader,N
51-9197.00,Tire Builders,Tire Assembler,N
51-9197.00,Tire Builders,Tire Builder,Y
51-9197.00,Tire Builders,Tire Retreader,Y
51-9197.00,Tire Builders,Tire Technician,Y
51-9197.00,Tire Builders,Tread Builder Operator,N
51-9198.00,Helpers--Production Workers,Assembly Line Worker,N
51-9198.00,Helpers--Production Workers,Control Room Helper,Y
51-9198.00,Helpers--Production Workers,Laminator Helper,N
51-9198.00,Helpers--Production Workers,Machine Helper,N
51-9198.00,Helpers--Production Workers,Machine Operator Helper,N
51-9198.00,Helpers--Production Workers,Press Helper,Y
51-9198.00,Helpers--Production Workers,Press Room Helper,N
51-9198.00,Helpers--Production Workers,Production Helper,Y
51-9198.00,Helpers--Production Workers,Slitter Helper,N
51-9198.00,Helpers--Production Workers,Welder Helper,Y
53-1041.00,Aircraft Cargo Handling Supervisors,Cargo Supervisor,Y
53-1041.00,Aircraft Cargo Handling Supervisors,Ground Operations Supervisor,N
53-1041.00,Aircraft Cargo Handling Supervisors,Line Service Supervisor (LSS),Y
53-1041.00,Aircraft Cargo Handling Supervisors,Loadmaster,Y
53-1041.00,Aircraft Cargo Handling Supervisors,Ramp and Cargo Supervisor,N
53-1041.00,Aircraft Cargo Handling Supervisors,Ramp Supervisor,Y
53-1042.00,"First-Line Supervisors of Helpers, Laborers, and Material Movers, Hand",Floor Supervisor,N
53-1042.00,"First-Line Supervisors of Helpers, Laborers, and Material Movers, Hand",Packaging Supervisor,N
53-1042.00,"First-Line Supervisors of Helpers, Laborers, and Material Movers, Hand",Receiving Manager,N
53-1042.00,"First-Line Supervisors of Helpers, Laborers, and Material Movers, Hand",Receiving Supervisor,Y
53-1042.00,"First-Line Supervisors of Helpers, Laborers, and Material Movers, Hand",Shipping Manager,N
53-1042.00,"First-Line Supervisors of Helpers, Laborers, and Material Movers, Hand",Shipping Supervisor,Y
53-1042.00,"First-Line Supervisors of Helpers, Laborers, and Material Movers, Hand",Terminal Operations Manager,N
53-1042.00,"First-Line Supervisors of Helpers, Laborers, and Material Movers, Hand",Warehouse Foreman,N
53-1042.00,"First-Line Supervisors of Helpers, Laborers, and Material Movers, Hand",Warehouse Manager,Y
53-1042.00,"First-Line Supervisors of Helpers, Laborers, and Material Movers, Hand",Warehouse Supervisor,Y
53-1042.01,Recycling Coordinators,Heavy Equipment Supervisor,Y
53-1042.01,Recycling Coordinators,Recycle Coordinator,N
53-1042.01,Recycling Coordinators,Recycling Coordinator,N
53-1042.01,Recycling Coordinators,Recycling Manager,N
53-1042.01,Recycling Coordinators,Recycling Program Manager,N
53-1042.01,Recycling Coordinators,Recycling Specialist,N
53-1042.01,Recycling Coordinators,Route Supervisor,Y
53-1042.01,Recycling Coordinators,Solid Waste Division Supervisor,Y
53-1042.01,Recycling Coordinators,Waste Reduction Coordinator,Y
53-1043.00,First-Line Supervisors of Material-Moving Machine and Vehicle Operators,Cargo Manager,N
53-1043.00,First-Line Supervisors of Material-Moving Machine and Vehicle Operators,DC Supervisor (Distribution Center Supervisor),N
53-1043.00,First-Line Supervisors of Material-Moving Machine and Vehicle Operators,Dock Supervisor,N
53-1043.00,First-Line Supervisors of Material-Moving Machine and Vehicle Operators,Driver Manager,Y
53-1043.00,First-Line Supervisors of Material-Moving Machine and Vehicle Operators,Fleet Manager,Y
53-1043.00,First-Line Supervisors of Material-Moving Machine and Vehicle Operators,Shipping Manager,N
53-1043.00,First-Line Supervisors of Material-Moving Machine and Vehicle Operators,Street Supervisor,N
53-1043.00,First-Line Supervisors of Material-Moving Machine and Vehicle Operators,Trainmaster,Y
53-1043.00,First-Line Supervisors of Material-Moving Machine and Vehicle Operators,Transportation Supervisor,N
53-1043.00,First-Line Supervisors of Material-Moving Machine and Vehicle Operators,Warehouse Supervisor,Y
53-1044.00,First-Line Supervisors of Passenger Attendants,On Car Supervisor,Y
53-1044.00,First-Line Supervisors of Passenger Attendants,Transit Service Supervisor,Y
53-1044.00,First-Line Supervisors of Passenger Attendants,Transportation Supervisor,Y
53-2011.00,"Airline Pilots, Copilots, and Flight Engineers",Airbus Captain,N
53-2011.00,"Airline Pilots, Copilots, and Flight Engineers",Airline Captain,Y
53-2011.00,"Airline Pilots, Copilots, and Flight Engineers",Airline Pilot,N
53-2011.00,"Airline Pilots, Copilots, and Flight Engineers",Captain,Y
53-2011.00,"Airline Pilots, Copilots, and Flight Engineers",Check Airman,N
53-2011.00,"Airline Pilots, Copilots, and Flight Engineers",Co-Pilot,N
53-2011.00,"Airline Pilots, Copilots, and Flight Engineers",Commercial Airline Pilot,N
53-2011.00,"Airline Pilots, Copilots, and Flight Engineers",First Officer (FO),Y
53-2011.00,"Airline Pilots, Copilots, and Flight Engineers",Line Pilot,N
53-2011.00,"Airline Pilots, Copilots, and Flight Engineers",Pilot,Y
53-2012.00,Commercial Pilots,Captain,Y
53-2012.00,Commercial Pilots,Charter Pilot,N
53-2012.00,Commercial Pilots,Check Airman,N
53-2012.00,Commercial Pilots,Commercial Helicopter Pilot,N
53-2012.00,Commercial Pilots,Commercial Pilot,Y
53-2012.00,Commercial Pilots,EMS Helicopter Pilot (Emergency Medical Service Helicopter Pilot),N
53-2012.00,Commercial Pilots,First Officer,N
53-2012.00,Commercial Pilots,Helicopter Pilot,Y
53-2012.00,Commercial Pilots,Line Pilot,N
53-2012.00,Commercial Pilots,Pilot,Y
53-2021.00,Air Traffic Controllers,ATCS (Air Traffic Control Specialist),Y
53-2021.00,Air Traffic Controllers,Center ATC (Center Air Traffic Controller),N
53-2021.00,Air Traffic Controllers,Certified Professional Controller (CPC),Y
53-2021.00,Air Traffic Controllers,Developmental Air Traffic Controller,N
53-2021.00,Air Traffic Controllers,Developmental ATCS (Developmental Air Traffic Control Specialist),N
53-2021.00,Air Traffic Controllers,Enroute ATCS (Enroute Air Traffic Control Specialist),N
53-2021.00,Air Traffic Controllers,Radar Air Traffic Controller,N
53-2021.00,Air Traffic Controllers,Terminal ATC Specialist (Terminal Air Traffic Control Specialist),N
53-2021.00,Air Traffic Controllers,Terminal Radar Approach Controller,Y
53-2021.00,Air Traffic Controllers,Tower ATC (Tower Air Traffic Controller),Y
53-2022.00,Airfield Operations Specialists,Airfield Operations Specialist,N
53-2022.00,Airfield Operations Specialists,Airport Operations Agent,Y
53-2022.00,Airfield Operations Specialists,Airport Operations Coordinator,Y
53-2022.00,Airfield Operations Specialists,Airport Operations Officer,Y
53-2022.00,Airfield Operations Specialists,Airport Operations Specialist,Y
53-2022.00,Airfield Operations Specialists,Flight Follower,N
53-2022.00,Airfield Operations Specialists,Operations Agent,N
53-2022.00,Airfield Operations Specialists,Operations Coordinator,N
53-2022.00,Airfield Operations Specialists,Operations Officer,N
53-2022.00,Airfield Operations Specialists,Operations Specialist,N
53-2031.00,Flight Attendants,Flight Attendant,Y
53-2031.00,Flight Attendants,In-Flight Crew Member,Y
53-2031.00,Flight Attendants,Inflight Services Flight Attendant,N
53-2031.00,Flight Attendants,International Flight Attendant,Y
53-2031.00,Flight Attendants,Purser,Y
53-3011.00,"Ambulance Drivers and Attendants, Except Emergency Medical Technicians",Ambulance Driver,Y
53-3011.00,"Ambulance Drivers and Attendants, Except Emergency Medical Technicians",Chair Car Driver,N
53-3011.00,"Ambulance Drivers and Attendants, Except Emergency Medical Technicians",CPR Ambulance Driver (Cardio Pulmonary Resuscitation Ambulance Driver),N
53-3011.00,"Ambulance Drivers and Attendants, Except Emergency Medical Technicians",Driver,Y
53-3011.00,"Ambulance Drivers and Attendants, Except Emergency Medical Technicians",Driver Medic,N
53-3011.00,"Ambulance Drivers and Attendants, Except Emergency Medical Technicians",ECA (Emergency Care Attendant),N
53-3011.00,"Ambulance Drivers and Attendants, Except Emergency Medical Technicians",Emergency Vehicle Operator,N
53-3011.00,"Ambulance Drivers and Attendants, Except Emergency Medical Technicians",EMS Driver (Emergency Medical Services Driver),Y
53-3011.00,"Ambulance Drivers and Attendants, Except Emergency Medical Technicians",First Responder,Y
53-3011.00,"Ambulance Drivers and Attendants, Except Emergency Medical Technicians",Medical Van Driver (Medi-Van Driver),N
53-3031.00,Driver/Sales Workers,Delivery Man,N
53-3031.00,Driver/Sales Workers,Driver,Y
53-3031.00,Driver/Sales Workers,Driver Salesman,Y
53-3031.00,Driver/Sales Workers,Pizza Delivery Driver,N
53-3031.00,Driver/Sales Workers,Route Delivery Driver,N
53-3031.00,Driver/Sales Workers,Route Driver,Y
53-3031.00,Driver/Sales Workers,Route Sales Driver,N
53-3031.00,Driver/Sales Workers,Route Sales Representative,N
53-3031.00,Driver/Sales Workers,Route Salesman,Y
53-3031.00,Driver/Sales Workers,Sales Route Driver,N
53-3032.00,Heavy and Tractor-Trailer Truck Drivers,CDL Driver (Commercial Driver's License Driver),N
53-3032.00,Heavy and Tractor-Trailer Truck Drivers,Driver,Y
53-3032.00,Heavy and Tractor-Trailer Truck Drivers,Line Haul Driver,Y
53-3032.00,Heavy and Tractor-Trailer Truck Drivers,Log Truck Driver,N
53-3032.00,Heavy and Tractor-Trailer Truck Drivers,Over the Road Driver (OTR Driver),Y
53-3032.00,Heavy and Tractor-Trailer Truck Drivers,Production Truck Driver,N
53-3032.00,Heavy and Tractor-Trailer Truck Drivers,Road Driver,N
53-3032.00,Heavy and Tractor-Trailer Truck Drivers,Semi Truck Driver,N
53-3032.00,Heavy and Tractor-Trailer Truck Drivers,Tractor Trailer Driver,N
53-3032.00,Heavy and Tractor-Trailer Truck Drivers,Truck Driver,Y
53-3033.00,Light Truck Drivers,Bulk Delivery Driver,N
53-3033.00,Light Truck Drivers,Delivery Driver,Y
53-3033.00,Light Truck Drivers,Driver,Y
53-3033.00,Light Truck Drivers,Light Truck Driver,N
53-3033.00,Light Truck Drivers,Package Car Driver,Y
53-3033.00,Light Truck Drivers,Package Delivery Driver,N
53-3033.00,Light Truck Drivers,Route Driver,N
53-3033.00,Light Truck Drivers,Service Provider,N
53-3033.00,Light Truck Drivers,Truck Driver,Y
53-3033.00,Light Truck Drivers,Warehouse Driver,N
53-3051.00,"Bus Drivers, School",Bus Drive Coordinator,N
53-3051.00,"Bus Drivers, School",Bus Driver Route Coordinator,N
53-3051.00,"Bus Drivers, School",CDL Bus Driver (Commercial Driver's License Bus Driver),N
53-3051.00,"Bus Drivers, School",Public School Bus Driver,Y
53-3051.00,"Bus Drivers, School",School Bus Driver,Y
53-3051.00,"Bus Drivers, School",School Van Driver,N
53-3051.00,"Bus Drivers, School",Shuttle Bus Driver,N
53-3051.00,"Bus Drivers, School",SPED Bus Driver (Special Education Bus Driver),Y
53-3051.00,"Bus Drivers, School",SPED School Bus Driver (Special Education School Bus Driver),N
53-3051.00,"Bus Drivers, School",Student Driver,Y
53-3052.00,"Bus Drivers, Transit and Intercity",Bus Driver,Y
53-3052.00,"Bus Drivers, Transit and Intercity",Bus Operator,Y
53-3052.00,"Bus Drivers, Transit and Intercity",Charter Bus Driver,N
53-3052.00,"Bus Drivers, Transit and Intercity",Coach Operator,N
53-3052.00,"Bus Drivers, Transit and Intercity",Motor Coach Driver,N
53-3052.00,"Bus Drivers, Transit and Intercity",Motor Coach Operator,Y
53-3052.00,"Bus Drivers, Transit and Intercity",Transit Bus Driver,Y
53-3052.00,"Bus Drivers, Transit and Intercity",Transit Coach Operator,N
53-3052.00,"Bus Drivers, Transit and Intercity",Transit Driver,N
53-3052.00,"Bus Drivers, Transit and Intercity",Transit Operator,N
53-3053.00,Shuttle Drivers and Chauffeurs,Airport Shuttle Driver,N
53-3053.00,Shuttle Drivers and Chauffeurs,Chauffeur,Y
53-3053.00,Shuttle Drivers and Chauffeurs,Driver,Y
53-3053.00,Shuttle Drivers and Chauffeurs,Limo Driver (Limousine Driver),Y
53-3053.00,Shuttle Drivers and Chauffeurs,Motor Coach Driver,N
53-3053.00,Shuttle Drivers and Chauffeurs,Shuttle Bus Driver,N
53-3053.00,Shuttle Drivers and Chauffeurs,Shuttle Driver,Y
53-3053.00,Shuttle Drivers and Chauffeurs,Special Needs Bus Driver,N
53-3053.00,Shuttle Drivers and Chauffeurs,Transportation Driver,N
53-3053.00,Shuttle Drivers and Chauffeurs,Van Driver,N
53-3054.00,Taxi Drivers,Cab Driver,Y
53-3054.00,Taxi Drivers,Taxi Cab Driver,Y
53-3054.00,Taxi Drivers,Taxi Driver,Y
53-4011.00,Locomotive Engineers,Engineer,Y
53-4011.00,Locomotive Engineers,Passenger Locomotive Engineer,Y
53-4011.00,Locomotive Engineers,Railroad Engineer,Y
53-4011.00,Locomotive Engineers,Steam Locomotive Engineer,N
53-4011.00,Locomotive Engineers,Steam Locomotive Fireman,N
53-4011.00,Locomotive Engineers,Through Freight Engineer,N
53-4011.00,Locomotive Engineers,Train Engineer,N
53-4011.00,Locomotive Engineers,Trainmaster,Y
53-4011.00,Locomotive Engineers,Transportation Specialist,N
53-4013.00,"Rail Yard Engineers, Dinkey Operators, and Hostlers",Carman,N
53-4013.00,"Rail Yard Engineers, Dinkey Operators, and Hostlers",Engineer,Y
53-4013.00,"Rail Yard Engineers, Dinkey Operators, and Hostlers",Hostler,N
53-4013.00,"Rail Yard Engineers, Dinkey Operators, and Hostlers",Rail Yard Engineer,N
53-4013.00,"Rail Yard Engineers, Dinkey Operators, and Hostlers",Railcar Switcher,Y
53-4013.00,"Rail Yard Engineers, Dinkey Operators, and Hostlers",Railroad Engineer,Y
53-4013.00,"Rail Yard Engineers, Dinkey Operators, and Hostlers",Switchman,Y
53-4013.00,"Rail Yard Engineers, Dinkey Operators, and Hostlers",Yard Engineer,N
53-4022.00,"Railroad Brake, Signal, and Switch Operators and Locomotive Firers",Brakeman,Y
53-4022.00,"Railroad Brake, Signal, and Switch Operators and Locomotive Firers",Carman,Y
53-4022.00,"Railroad Brake, Signal, and Switch Operators and Locomotive Firers",Fireman,N
53-4022.00,"Railroad Brake, Signal, and Switch Operators and Locomotive Firers",Locomotive Switch Operator,N
53-4022.00,"Railroad Brake, Signal, and Switch Operators and Locomotive Firers",Railroad Brakeman,N
53-4022.00,"Railroad Brake, Signal, and Switch Operators and Locomotive Firers",Railroad Switchman,Y
53-4022.00,"Railroad Brake, Signal, and Switch Operators and Locomotive Firers",Switch Operator,N
53-4022.00,"Railroad Brake, Signal, and Switch Operators and Locomotive Firers",Switchman,N
53-4022.00,"Railroad Brake, Signal, and Switch Operators and Locomotive Firers",Terminal Carman,Y
53-4022.00,"Railroad Brake, Signal, and Switch Operators and Locomotive Firers",Yard Switcher,N
53-4031.00,Railroad Conductors and Yardmasters,Conductor,Y
53-4031.00,Railroad Conductors and Yardmasters,Freight Conductor,Y
53-4031.00,Railroad Conductors and Yardmasters,Freight Train Conductor,N
53-4031.00,Railroad Conductors and Yardmasters,Local Freight Conductor,N
53-4031.00,Railroad Conductors and Yardmasters,Railroad Conductor,Y
53-4031.00,Railroad Conductors and Yardmasters,Railway Yardmaster,N
53-4031.00,Railroad Conductors and Yardmasters,Thru Freight Conductor,N
53-4031.00,Railroad Conductors and Yardmasters,Train Master,N
53-4031.00,Railroad Conductors and Yardmasters,Trainman,N
53-4031.00,Railroad Conductors and Yardmasters,Yardmaster,Y
53-4041.00,Subway and Streetcar Operators,Combined Rail Operator,N
53-4041.00,Subway and Streetcar Operators,Light Rail Operator,Y
53-4041.00,Subway and Streetcar Operators,Light Rail Train Operator,N
53-4041.00,Subway and Streetcar Operators,Light Rail Vehicle Operator (LRV Operator),N
53-4041.00,Subway and Streetcar Operators,Rail Operator,Y
53-4041.00,Subway and Streetcar Operators,Rapid Transit Operator (RTO),Y
53-4041.00,Subway and Streetcar Operators,Streetcar Operator,N
53-4041.00,Subway and Streetcar Operators,Train Operator,Y
53-4041.00,Subway and Streetcar Operators,Transit Operator,N
53-4041.00,Subway and Streetcar Operators,Trolley Operator,N
53-5011.00,Sailors and Marine Oilers,AB Seaman (Able Bodied Seaman),Y
53-5011.00,Sailors and Marine Oilers,AB Watchman (Able Bodied Watchman),N
53-5011.00,Sailors and Marine Oilers,Able Seaman,Y
53-5011.00,Sailors and Marine Oilers,Deck Hand,N
53-5011.00,Sailors and Marine Oilers,Deckhand,Y
53-5011.00,Sailors and Marine Oilers,Deckhand Engineer,Y
53-5011.00,Sailors and Marine Oilers,Oiler,N
53-5011.00,Sailors and Marine Oilers,Pilot Boat Deckhand,N
53-5011.00,Sailors and Marine Oilers,Relief Deckhand,N
53-5011.00,Sailors and Marine Oilers,Tankerman,N
53-5021.00,"Captains, Mates, and Pilots of Water Vessels",Boat Captain,Y
53-5021.00,"Captains, Mates, and Pilots of Water Vessels",Captain,Y
53-5021.00,"Captains, Mates, and Pilots of Water Vessels",Ferry Boat Captain,N
53-5021.00,"Captains, Mates, and Pilots of Water Vessels",First Mate,Y
53-5021.00,"Captains, Mates, and Pilots of Water Vessels",Harbor Pilot,N
53-5021.00,"Captains, Mates, and Pilots of Water Vessels",Mate,Y
53-5021.00,"Captains, Mates, and Pilots of Water Vessels",River Pilot,N
53-5021.00,"Captains, Mates, and Pilots of Water Vessels",Ship Pilot,N
53-5021.00,"Captains, Mates, and Pilots of Water Vessels",Tugboat Captain,N
53-5021.00,"Captains, Mates, and Pilots of Water Vessels",Vessel Master,N
53-5022.00,Motorboat Operators,Boat Operator,Y
53-5022.00,Motorboat Operators,Crew Boat Operator,N
53-5022.00,Motorboat Operators,Harbor Pilot,N
53-5022.00,Motorboat Operators,Launch Operator,Y
53-5022.00,Motorboat Operators,Launchman,N
53-5022.00,Motorboat Operators,Motorboat Operator,N
53-5022.00,Motorboat Operators,River Pilot,Y
53-5022.00,Motorboat Operators,Shoreboat Driver,N
53-5022.00,Motorboat Operators,Water Taxi Business Operator,Y
53-5022.00,Motorboat Operators,Water Taxi Operator,N
53-5031.00,Ship Engineers,Barge Engineer,N
53-5031.00,Ship Engineers,Engineer,Y
53-5031.00,Ship Engineers,Ferry Engineer,Y
53-5031.00,Ship Engineers,Harbor Engineer,N
53-5031.00,Ship Engineers,Port Engineer,Y
53-5031.00,Ship Engineers,Ship Engineer,N
53-5031.00,Ship Engineers,Towboat Engineer,N
53-5031.00,Ship Engineers,Tug Boat Engineer,Y
53-5031.00,Ship Engineers,Vessel Engineer,N
53-6011.00,Bridge and Lock Tenders,Bridge Operator,Y
53-6011.00,Bridge and Lock Tenders,Bridge Tender,Y
53-6011.00,Bridge and Lock Tenders,Lock Tender,Y
53-6021.00,Parking Attendants,Hiker,N
53-6021.00,Parking Attendants,Parking Attendant,Y
53-6021.00,Parking Attendants,Parking Cashier,N
53-6021.00,Parking Attendants,Parking Lot Attendant,Y
53-6021.00,Parking Attendants,Parking Ramp Attendant,N
53-6021.00,Parking Attendants,Valet Attendant,Y
53-6021.00,Parking Attendants,Valet Parker,Y
53-6021.00,Parking Attendants,Valet Parking Attendant,N
53-6031.00,Automotive and Watercraft Service Attendants,Attendant,Y
53-6031.00,Automotive and Watercraft Service Attendants,Dock Attendant,N
53-6031.00,Automotive and Watercraft Service Attendants,Dock Hand,N
53-6031.00,Automotive and Watercraft Service Attendants,Fuel Attendant,N
53-6031.00,Automotive and Watercraft Service Attendants,Fuel Dock Attendant,Y
53-6031.00,Automotive and Watercraft Service Attendants,Gas Attendant,Y
53-6031.00,Automotive and Watercraft Service Attendants,Gas Pumper,N
53-6031.00,Automotive and Watercraft Service Attendants,Marine Fuel Dock Attendant,N
53-6031.00,Automotive and Watercraft Service Attendants,Service Station Attendant,Y
53-6032.00,Aircraft Service Attendants,Aircraft Deicer,Y
53-6032.00,Aircraft Service Attendants,Aircraft Refueler,Y
53-6032.00,Aircraft Service Attendants,Fueler,Y
53-6032.00,Aircraft Service Attendants,Refueler,Y
53-6041.00,Traffic Technicians,Field Traffic Investigator,N
53-6041.00,Traffic Technicians,Traffic Control Technician (Traffic Control Tech),Y
53-6041.00,Traffic Technicians,Traffic Field Investigator,N
53-6041.00,Traffic Technicians,Traffic Investigator,N
53-6041.00,Traffic Technicians,Traffic Monitor Specialist,N
53-6041.00,Traffic Technicians,Traffic Signal Technician (TST),Y
53-6041.00,Traffic Technicians,Traffic Survey Technician (Traffic Survey Tech),N
53-6041.00,Traffic Technicians,Traffic Systems Technician (Traffic Systems Tech),Y
53-6041.00,Traffic Technicians,Transportation Planning Technician (Transportation Planning Tech),N
53-6041.00,Traffic Technicians,Transportation Technician (Transportation Tech),Y
53-6051.00,Transportation Inspectors,Cargo Surveyor,Y
53-6051.00,Transportation Inspectors,Inspector,N
53-6051.00,Transportation Inspectors,Marine Cargo Surveyor,Y
53-6051.00,Transportation Inspectors,Marine Surveyor,Y
53-6051.00,Transportation Inspectors,Petroleum Inspector,Y
53-6051.01,Aviation Inspectors,Aircraft Inspector,Y
53-6051.01,Aviation Inspectors,Aircraft Quality Control Inspector (Aircraft QC Inspector),N
53-6051.01,Aviation Inspectors,Airworthiness Safety Inspector,N
53-6051.01,Aviation Inspectors,Aviation Safety Inspector (ASI),Y
53-6051.01,Aviation Inspectors,Avionics Safety Inspector,N
53-6051.01,Aviation Inspectors,Inspector,Y
53-6051.01,Aviation Inspectors,Manufacturing Aviation Safety Inspector (Manufacturing ASI),N
53-6051.01,Aviation Inspectors,Quality Control Inspector (QC Inspector),N
53-6051.01,Aviation Inspectors,Quality Inspector,Y
53-6051.01,Aviation Inspectors,RTS Inspector (Return to Service Inspector),N
53-6051.07,"Transportation Vehicle, Equipment and Systems Inspectors, Except Aviation",Car Inspector,N
53-6051.07,"Transportation Vehicle, Equipment and Systems Inspectors, Except Aviation",Carman,Y
53-6051.07,"Transportation Vehicle, Equipment and Systems Inspectors, Except Aviation",Emissions Inspector,N
53-6051.07,"Transportation Vehicle, Equipment and Systems Inspectors, Except Aviation",Inspector,Y
53-6051.07,"Transportation Vehicle, Equipment and Systems Inspectors, Except Aviation",Motor Carrier Inspector,N
53-6051.07,"Transportation Vehicle, Equipment and Systems Inspectors, Except Aviation",Quality Assurance Inspector,N
53-6051.07,"Transportation Vehicle, Equipment and Systems Inspectors, Except Aviation",Railroad Track Inspector,N
53-6051.07,"Transportation Vehicle, Equipment and Systems Inspectors, Except Aviation",Safety Inspector,Y
53-6051.07,"Transportation Vehicle, Equipment and Systems Inspectors, Except Aviation",Smog Technician,N
53-6051.07,"Transportation Vehicle, Equipment and Systems Inspectors, Except Aviation",Transit Vehicle Inspector,Y
53-6061.00,Passenger Attendants,Attendant,N
53-6061.00,Passenger Attendants,Bus Aide,Y
53-6061.00,Passenger Attendants,Bus Assistant,Y
53-6061.00,Passenger Attendants,Bus Attendant,Y
53-6061.00,Passenger Attendants,Bus Monitor,Y
53-6061.00,Passenger Attendants,Cabin Attendant,N
53-6061.00,Passenger Attendants,Fare Enforcement Officer,N
53-6061.00,Passenger Attendants,Transportation Aide,N
53-6061.00,Passenger Attendants,Transportation Assistant,N
53-6061.00,Passenger Attendants,Transportation Attendant,N
53-7011.00,Conveyor Operators and Tenders,Chipper Operator,Y
53-7011.00,Conveyor Operators and Tenders,Conveyor Operator,N
53-7011.00,Conveyor Operators and Tenders,Conveyor Tender,N
53-7011.00,Conveyor Operators and Tenders,Flumer,N
53-7011.00,Conveyor Operators and Tenders,Machine Operator,Y
53-7011.00,Conveyor Operators and Tenders,Package Line Operator,N
53-7011.00,Conveyor Operators and Tenders,Packaging Line Operator,Y
53-7011.00,Conveyor Operators and Tenders,Process Line Operator,N
53-7011.00,Conveyor Operators and Tenders,Process Operator,Y
53-7011.00,Conveyor Operators and Tenders,Strapper Operator,N
53-7021.00,Crane and Tower Operators,Crane Operator,Y
53-7021.00,Crane and Tower Operators,Equipment Operator,N
53-7021.00,Crane and Tower Operators,Heavy Equipment Operator,Y
53-7021.00,Crane and Tower Operators,Machine Operator,N
53-7021.00,Crane and Tower Operators,Mobile Crane Operator,Y
53-7021.00,Crane and Tower Operators,Overhead Crane Operator,Y
53-7021.00,Crane and Tower Operators,Port Crane Operator,N
53-7021.00,Crane and Tower Operators,Scrap Crane Operator,N
53-7021.00,Crane and Tower Operators,Tower Crane Operator,N
53-7021.00,Crane and Tower Operators,Woodyard Crane Operator,N
53-7031.00,Dredge Operators,Dredge Operator,Y
53-7031.00,Dredge Operators,Dredger,Y
53-7041.00,Hoist and Winch Operators,Hoist Operator,Y
53-7041.00,Hoist and Winch Operators,Hoisting Operator,N
53-7041.00,Hoist and Winch Operators,Hoistman,Y
53-7041.00,Hoist and Winch Operators,Service Operator,Y
53-7041.00,Hoist and Winch Operators,Winch Derrick Operator,Y
53-7041.00,Hoist and Winch Operators,Winchman,N
53-7051.00,Industrial Truck and Tractor Operators,Checker Loader,N
53-7051.00,Industrial Truck and Tractor Operators,Fork Lift Technician,N
53-7051.00,Industrial Truck and Tractor Operators,Fork Truck Driver,Y
53-7051.00,Industrial Truck and Tractor Operators,Forklift Driver,Y
53-7051.00,Industrial Truck and Tractor Operators,Forklift Operator,Y
53-7051.00,Industrial Truck and Tractor Operators,Lift Truck Operator,N
53-7051.00,Industrial Truck and Tractor Operators,Shag Truck Driver,N
53-7051.00,Industrial Truck and Tractor Operators,Spotter Driver,Y
53-7051.00,Industrial Truck and Tractor Operators,Tow Motor Operator,N
53-7051.00,Industrial Truck and Tractor Operators,Truck Driver,N
53-7061.00,Cleaners of Vehicles and Equipment,Aircraft Cleaner,N
53-7061.00,Cleaners of Vehicles and Equipment,Automotive Detailer (Auto Detailer),Y
53-7061.00,Cleaners of Vehicles and Equipment,Bus Cleaner,N
53-7061.00,Cleaners of Vehicles and Equipment,Car Detailer,N
53-7061.00,Cleaners of Vehicles and Equipment,Car Washer,Y
53-7061.00,Cleaners of Vehicles and Equipment,Cleaner,N
53-7061.00,Cleaners of Vehicles and Equipment,Detail Technician (Detail Tech),N
53-7061.00,Cleaners of Vehicles and Equipment,Detailer,Y
53-7061.00,Cleaners of Vehicles and Equipment,Reconditioner,Y
53-7061.00,Cleaners of Vehicles and Equipment,Sanitation Truck Cleaner,N
53-7062.00,"Laborers and Freight, Stock, and Material Movers, Hand",Laborer,Y
53-7062.00,"Laborers and Freight, Stock, and Material Movers, Hand",Loader,Y
53-7062.00,"Laborers and Freight, Stock, and Material Movers, Hand",Material Handler,Y
53-7062.00,"Laborers and Freight, Stock, and Material Movers, Hand",Merchandise Pick Up Associate,N
53-7062.00,"Laborers and Freight, Stock, and Material Movers, Hand",Merchandise Receiving Associate,N
53-7062.00,"Laborers and Freight, Stock, and Material Movers, Hand",Receiver,N
53-7062.00,"Laborers and Freight, Stock, and Material Movers, Hand",Receiving Associate,N
53-7062.00,"Laborers and Freight, Stock, and Material Movers, Hand",Shipping and Receiving Materials Handler,N
53-7062.00,"Laborers and Freight, Stock, and Material Movers, Hand",Warehouse Worker,Y
53-7062.04,Recycling and Reclamation Workers,Bobcat Driver,N
53-7062.04,Recycling and Reclamation Workers,Box Sorter,N
53-7062.04,Recycling and Reclamation Workers,Convenience Recycle Center Technician (Convenience Recycle Center Tech),N
53-7062.04,Recycling and Reclamation Workers,Deconstruction and Decontamination Waste Operations Specialist (D and D Waste Operations Specialist),N
53-7062.04,Recycling and Reclamation Workers,Non-Ferrous Material Handler,Y
53-7062.04,Recycling and Reclamation Workers,Sort Line Worker,Y
53-7062.04,Recycling and Reclamation Workers,Sorter,Y
53-7062.04,Recycling and Reclamation Workers,Transfer Station Operator,Y
53-7063.00,Machine Feeders and Offbearers,Cotton Tipper,N
53-7063.00,Machine Feeders and Offbearers,Dryer Feeder,Y
53-7063.00,Machine Feeders and Offbearers,Feeder,Y
53-7063.00,Machine Feeders and Offbearers,Lug Loader,N
53-7063.00,Machine Feeders and Offbearers,Machine Feeder,Y
53-7063.00,Machine Feeders and Offbearers,Offbearer,Y
53-7063.00,Machine Feeders and Offbearers,Sawmill Worker,N
53-7063.00,Machine Feeders and Offbearers,Sewing Line Baler,N
53-7063.00,Machine Feeders and Offbearers,Tube Puller,N
53-7064.00,"Packers and Packagers, Hand",Bagger,Y
53-7064.00,"Packers and Packagers, Hand",Crater,N
53-7064.00,"Packers and Packagers, Hand",Mini Shifter,N
53-7064.00,"Packers and Packagers, Hand",Pack Out Operator,N
53-7064.00,"Packers and Packagers, Hand",Packager,Y
53-7064.00,"Packers and Packagers, Hand",Packaging Specialist,N
53-7064.00,"Packers and Packagers, Hand",Packer,Y
53-7064.00,"Packers and Packagers, Hand",Picker and Packer,N
53-7064.00,"Packers and Packagers, Hand",Sacker,N
53-7064.00,"Packers and Packagers, Hand",Selector Packer,Y
53-7065.00,Stockers and Order Fillers,Checker Stocker,N
53-7065.00,Stockers and Order Fillers,Inventory Technician (Inventory Tech),N
53-7065.00,Stockers and Order Fillers,Label Maker,N
53-7065.00,Stockers and Order Fillers,Marking Clerk,N
53-7065.00,Stockers and Order Fillers,Order Filler,Y
53-7065.00,Stockers and Order Fillers,Order Picker,N
53-7065.00,Stockers and Order Fillers,Stock Clerk,Y
53-7065.00,Stockers and Order Fillers,Stocker,Y
53-7065.00,Stockers and Order Fillers,Warehouse Technician (Warehouse Tech),N
53-7065.00,Stockers and Order Fillers,Warehouse Worker,Y
53-7071.00,Gas Compressor and Gas Pumping Station Operators,Compressor Operator,N
53-7071.00,Gas Compressor and Gas Pumping Station Operators,Compressor Station Operator,Y
53-7071.00,Gas Compressor and Gas Pumping Station Operators,Compressor Technician,Y
53-7071.00,Gas Compressor and Gas Pumping Station Operators,Fill Plant Operator,N
53-7071.00,Gas Compressor and Gas Pumping Station Operators,Filler,Y
53-7071.00,Gas Compressor and Gas Pumping Station Operators,Liquefied Natural Gas Plant Operator (LNG Plant Operator),N
53-7071.00,Gas Compressor and Gas Pumping Station Operators,Pipeline Technician,N
53-7071.00,Gas Compressor and Gas Pumping Station Operators,Plant Operator,Y
53-7071.00,Gas Compressor and Gas Pumping Station Operators,Terminal Operator,N
53-7072.00,"Pump Operators, Except Wellhead Pumpers",Boom Pump Operator,N
53-7072.00,"Pump Operators, Except Wellhead Pumpers",Chemical Pumper,N
53-7072.00,"Pump Operators, Except Wellhead Pumpers",Day Light Relief Operator,N
53-7072.00,"Pump Operators, Except Wellhead Pumpers",Outside Operator,Y
53-7072.00,"Pump Operators, Except Wellhead Pumpers",Pipeline Dispatch Operator,N
53-7072.00,"Pump Operators, Except Wellhead Pumpers",Pipeline Operator,Y
53-7072.00,"Pump Operators, Except Wellhead Pumpers",Pump Operator,N
53-7072.00,"Pump Operators, Except Wellhead Pumpers",Pump Station Operator,N
53-7072.00,"Pump Operators, Except Wellhead Pumpers",Pumper,Y
53-7072.00,"Pump Operators, Except Wellhead Pumpers",Tank Farm Operator,Y
53-7073.00,Wellhead Pumpers,Field Operator,Y
53-7073.00,Wellhead Pumpers,Lease Attendant,N
53-7073.00,Wellhead Pumpers,Lease Operator,Y
53-7073.00,Wellhead Pumpers,Oilfield Plant Operator,N
53-7073.00,Wellhead Pumpers,Pumper,Y
53-7073.00,Wellhead Pumpers,Well Field Technician,N
53-7073.00,Wellhead Pumpers,Well Head Pumper,N
53-7073.00,Wellhead Pumpers,Well Tender,Y
53-7073.00,Wellhead Pumpers,Wellhead Pumper,N
53-7081.00,Refuse and Recyclable Material Collectors,Front Load Trash Truck Driver,N
53-7081.00,Refuse and Recyclable Material Collectors,Garbage Man,Y
53-7081.00,Refuse and Recyclable Material Collectors,Recycle Driver,N
53-7081.00,Refuse and Recyclable Material Collectors,Refuse Collector,N
53-7081.00,Refuse and Recyclable Material Collectors,Roll Off Container Truck Driver,N
53-7081.00,Refuse and Recyclable Material Collectors,Roll Off Truck Driver,Y
53-7081.00,Refuse and Recyclable Material Collectors,Sanitation Laborer,Y
53-7081.00,Refuse and Recyclable Material Collectors,Swamper,N
53-7081.00,Refuse and Recyclable Material Collectors,Trash Collector,Y
53-7081.00,Refuse and Recyclable Material Collectors,Truck Driver,N
53-7121.00,"Tank Car, Truck, and Ship Loaders",Load Out Person,N
53-7121.00,"Tank Car, Truck, and Ship Loaders",Loader,Y
53-7121.00,"Tank Car, Truck, and Ship Loaders",Loader Operator,Y
53-7121.00,"Tank Car, Truck, and Ship Loaders",Loading Operator,N
53-7121.00,"Tank Car, Truck, and Ship Loaders",Oil Movements Operator,N
53-7121.00,"Tank Car, Truck, and Ship Loaders",PVC Loader (Polyvinyl Chloride Loader),N
53-7121.00,"Tank Car, Truck, and Ship Loaders",Rail Car Loader,N
53-7121.00,"Tank Car, Truck, and Ship Loaders",Tank Car Loader,N
53-7121.00,"Tank Car, Truck, and Ship Loaders",Tankerman,Y
53-7121.00,"Tank Car, Truck, and Ship Loaders",Truck Loader,Y
